{"type":"FeatureCollection","features":[{"type":"Feature","properties":{"id":48379768,"landuse":"cemetery"},"geometry":{"type":"Polygon","coordinates":[[[60.7227445,56.0757936],[60.7242925,56.0761279],[60.7273498,56.0761866],[60.7275188,56.0761492],[60.728589,56.0761941],[60.7291737,56.0761926],[60.7300662,56.0761325],[60.7301536,56.0748487],[60.7301644,56.0748024],[60.7303997,56.0748024],[60.7304458,56.0736827],[60.7228697,56.0735381],[60.7227445,56.0757936]]]}},{"type":"Feature","properties":{"id":48379774,"landuse":"leisure_ice_rink"},"geometry":{"type":"Polygon","coordinates":[[[60.754025,56.071968],[60.7549898,56.0719419],[60.7549675,56.0716852],[60.7548445,56.0716885],[60.7548316,56.0715408],[60.7549561,56.0715374],[60.7549509,56.0714772],[60.7548382,56.0714803],[60.7548213,56.0712812],[60.7540834,56.0713027],[60.7539704,56.0713725],[60.754025,56.071968]]]}},{"type":"Feature","properties":{"id":48380796,"landuse":"natural_wood"},"geometry":{"type":"Polygon","coordinates":[[[60.7389679,56.0801028],[60.7387658,56.0801078],[60.7387538,56.0798724],[60.738327,56.0798829],[60.7383139,56.0797273],[60.7382031,56.0797337],[60.7381842,56.0793508],[60.7406084,56.0792549],[60.7406566,56.0793315],[60.7407152,56.0797748],[60.7405786,56.0798743],[60.7397836,56.079889],[60.7397658,56.0797806],[60.7400018,56.0797416],[60.739975,56.0794483],[60.7398214,56.079371],[60.7391811,56.0794022],[60.738824,56.0795892],[60.7387579,56.0797846],[60.738809,56.079871],[60.7389493,56.0798675],[60.7389679,56.0801028]]]}},{"type":"Feature","properties":{"id":48417450,"landuse":"grass"},"geometry":{"type":"Polygon","coordinates":[[[60.720592,56.0851068],[60.7209672,56.0848905],[60.7210372,56.0849096],[60.7210778,56.0851988],[60.7212594,56.0852895],[60.7213508,56.0853551],[60.7213605,56.0854052],[60.7215698,56.0855608],[60.7211679,56.0854327],[60.7208295,56.0852996],[60.720592,56.0851068]]]}},{"type":"Feature","properties":{"id":48417454,"landuse":"natural_wood"},"geometry":{"type":"Polygon","coordinates":[[[60.7283415,56.085186],[60.7282154,56.0840532],[60.7290151,56.0840352],[60.7294052,56.0842999],[60.7294217,56.084545],[60.7288608,56.0849954],[60.7288881,56.0852051],[60.7283347,56.0852356],[60.7283415,56.085186]]]}},{"type":"Feature","properties":{"id":48417458,"landuse":"garages"},"geometry":{"type":"Polygon","coordinates":[[[60.7124211,56.0851982],[60.7147136,56.0844445],[60.7154024,56.084414],[60.7154102,56.0843607],[60.716829,56.0843408],[60.7168527,56.0851434],[60.7161631,56.0851504],[60.7161656,56.0857446],[60.7124808,56.085294],[60.7124807,56.0852717],[60.7124211,56.0851982]]]}},{"type":"Feature","properties":{"id":48417464,"landuse":"natural_wood"},"geometry":{"type":"Polygon","coordinates":[[[60.7211741,56.083208],[60.7228332,56.0831391],[60.7224299,56.0829822],[60.7213815,56.0830111],[60.72116,56.083089],[60.7211741,56.083208]]]}},{"type":"Feature","properties":{"id":48417484,"landuse":"natural_wood"},"geometry":{"type":"Polygon","coordinates":[[[60.725905,56.0840707],[60.7276352,56.0839926],[60.7275705,56.0835465],[60.7262946,56.0835888],[60.7258708,56.0837127],[60.725905,56.0840707]]]}},{"type":"Feature","properties":{"id":48417498,"landuse":"grass"},"geometry":{"type":"Polygon","coordinates":[[[60.7220768,56.084311],[60.7220893,56.0844251],[60.7218985,56.0844725],[60.7217363,56.0843649],[60.7213333,56.0843801],[60.721287,56.0839953],[60.7216589,56.0839794],[60.7219146,56.0839685],[60.7219665,56.0837721],[60.7239044,56.0836802],[60.7239216,56.0838619],[60.7240105,56.0838918],[60.7240513,56.0839601],[60.7240984,56.0843472],[60.7240237,56.0843908],[60.7239124,56.0843977],[60.7238757,56.0843642],[60.7240205,56.0843593],[60.724008,56.0842451],[60.7220768,56.084311]]]}},{"type":"Feature","properties":{"id":48417517,"landuse":"natural_wood"},"geometry":{"type":"Polygon","coordinates":[[[60.7300838,56.0849089],[60.7301005,56.0849559],[60.7300458,56.0850233],[60.7308645,56.085223],[60.731921,56.0852032],[60.731943,56.0840445],[60.7310593,56.0841329],[60.7308635,56.0840491],[60.7304369,56.0840619],[60.7303531,56.0840919],[60.7299793,56.0842467],[60.729671,56.0842539],[60.7295233,56.0842808],[60.7295661,56.0843406],[60.7302708,56.0843133],[60.7302752,56.0845969],[60.7300838,56.0849089]]]}},{"type":"Feature","properties":{"id":48418736,"landuse":"leisure_stadium","name":"Хоккейный корт"},"geometry":{"type":"Polygon","coordinates":[[[60.7201276,56.0916276],[60.7203251,56.0915587],[60.7203353,56.0915199],[60.7200681,56.0912736],[60.7200042,56.0912614],[60.7198096,56.0913303],[60.7197994,56.0913643],[60.7200623,56.0916211],[60.7201276,56.0916276]]]}},{"type":"Feature","properties":{"id":48455112,"landuse":"natural_wood"},"geometry":{"type":"Polygon","coordinates":[[[60.7707957,56.0727635],[60.7721615,56.0727049],[60.7721157,56.0723261],[60.7713748,56.072347],[60.7713511,56.0720079],[60.7706951,56.071867],[60.7707957,56.0727635]]]}},{"type":"Feature","properties":{"id":48455114,"landuse":"natural_wood"},"geometry":{"type":"Polygon","coordinates":[[[60.7706857,56.0716835],[60.7713441,56.0718566],[60.7716639,56.0716626],[60.77165,56.0714841],[60.7714414,56.0713212],[60.7713302,56.0709176],[60.7719211,56.07084],[60.7719906,56.0716005],[60.7722686,56.0723222],[60.7723012,56.0726993],[60.7727762,56.0726726],[60.7726057,56.070609],[60.7705691,56.0706704],[60.7706857,56.0716835]]]}},{"type":"Feature","properties":{"id":48455116,"landuse":"natural_wood"},"geometry":{"type":"Polygon","coordinates":[[[60.7565996,56.0743119],[60.7561962,56.0743805],[60.7561532,56.0754714],[60.7562184,56.0761321],[60.7564682,56.0761806],[60.7565008,56.0766534],[60.7563249,56.0767682],[60.7560897,56.0767787],[60.7559549,56.0769467],[60.7559706,56.0773947],[60.7561556,56.0774682],[60.7561893,56.0776877],[60.7587079,56.077624],[60.7586604,56.0768897],[60.7602907,56.0768431],[60.7602697,56.0764837],[60.7634175,56.0763708],[60.7633585,56.0759905],[60.7611537,56.0760265],[60.7608929,56.0759023],[60.7587066,56.0759482],[60.7585945,56.0747879],[60.7581613,56.0747929],[60.7576254,56.0745276],[60.7566778,56.0742051],[60.7565996,56.0743119]]]}},{"type":"Feature","properties":{"id":48455117,"landuse":"natural_wood"},"geometry":{"type":"Polygon","coordinates":[[[60.7605155,56.0768303],[60.7634317,56.0767408],[60.7633863,56.0764265],[60.7604869,56.0765133],[60.7605155,56.0768303]]]}},{"type":"Feature","properties":{"id":48489868,"landuse":"natural_wood"},"geometry":{"type":"Polygon","coordinates":[[[60.7378683,56.0759246],[60.7390361,56.0758703],[60.7388386,56.0738012],[60.7376129,56.0738501],[60.7378683,56.0759246]]]}},{"type":"Feature","properties":{"id":48489869,"landuse":"natural_wood"},"geometry":{"type":"Polygon","coordinates":[[[60.7423483,56.0728323],[60.7429254,56.0730325],[60.7433539,56.0730323],[60.7434891,56.0725709],[60.7447474,56.0702863],[60.7445562,56.0695742],[60.7479818,56.0700166],[60.7482691,56.0720526],[60.7483967,56.0727862],[60.7504357,56.0727532],[60.7503281,56.0713233],[60.7518648,56.0712734],[60.7518239,56.0708365],[60.7526675,56.0707985],[60.752011,56.0651311],[60.7511422,56.0646792],[60.7464735,56.0648323],[60.7433705,56.064912],[60.7433936,56.0655236],[60.742483,56.06557],[60.7424322,56.0653249],[60.742238,56.0653068],[60.7420947,56.0649869],[60.7419425,56.0649745],[60.7420788,56.0660686],[60.7430497,56.0660536],[60.7431351,56.0669443],[60.7422002,56.0669619],[60.7422573,56.0672673],[60.7413325,56.0673199],[60.7414567,56.0682358],[60.7424373,56.0681921],[60.74261,56.0690774],[60.7417453,56.0691197],[60.7417222,56.070204],[60.7414649,56.0705609],[60.7407627,56.0714454],[60.7415563,56.0714365],[60.7416434,56.0725353],[60.7422324,56.0725387],[60.7423483,56.0728323]]]}},{"type":"Feature","properties":{"id":48489884,"landuse":"garages"},"geometry":{"type":"Polygon","coordinates":[[[60.7232988,56.0768909],[60.7232771,56.0770667],[60.7200668,56.0771619],[60.7202012,56.0783667],[60.7267624,56.0781426],[60.7268047,56.078221],[60.72812,56.0781932],[60.7282463,56.0791528],[60.7292437,56.0794823],[60.736507,56.079232],[60.736372,56.0781616],[60.7358407,56.0778378],[60.7344258,56.0778773],[60.7343132,56.0770146],[60.7342462,56.0766476],[60.7342424,56.0765946],[60.723295,56.0768379],[60.7232988,56.0768909]]]}},{"type":"Feature","properties":{"id":48489890,"landuse":"natural_wood"},"geometry":{"type":"Polygon","coordinates":[[[60.7383239,56.079139],[60.7382405,56.0782118],[60.7387201,56.078208],[60.739311,56.0787006],[60.7392832,56.0790847],[60.7383239,56.079139]]]}},{"type":"Feature","properties":{"id":48489893,"landuse":"garages"},"geometry":{"type":"Polygon","coordinates":[[[60.7408036,56.0790166],[60.7425265,56.0789492],[60.7423055,56.0768016],[60.7408014,56.0768425],[60.740708,56.0781631],[60.7408036,56.0790166]]]}},{"type":"Feature","properties":{"id":48489896,"landuse":"natural_wood"},"geometry":{"type":"Polygon","coordinates":[[[60.7479807,56.0778702],[60.7489737,56.0776954],[60.7489452,56.0774431],[60.7489844,56.0773617],[60.7492755,56.0773313],[60.7492627,56.0771779],[60.7489666,56.077169],[60.7486071,56.0773001],[60.7485965,56.077471],[60.7485075,56.0775305],[60.7478775,56.0775305],[60.747874,56.0778106],[60.7479807,56.0778702]]]}},{"type":"Feature","properties":{"id":48489898,"landuse":"natural_wood"},"geometry":{"type":"Polygon","coordinates":[[[60.7514308,56.077297],[60.7521105,56.0772851],[60.7525733,56.0771057],[60.7525679,56.076995],[60.7523534,56.0770039],[60.7522058,56.0770069],[60.7520963,56.0769729],[60.7515747,56.0770438],[60.7514226,56.0770444],[60.7514226,56.0771686],[60.7514308,56.077297]]]}},{"type":"Feature","properties":{"id":48489900,"landuse":"natural_wood"},"geometry":{"type":"Polygon","coordinates":[[[60.7446258,56.0771516],[60.7453031,56.0771331],[60.745279,56.0768585],[60.7446017,56.076877],[60.7446258,56.0771516]]]}},{"type":"Feature","properties":{"id":48489907,"landuse":"natural_wood"},"geometry":{"type":"Polygon","coordinates":[[[60.7464452,56.0757971],[60.7476057,56.0758074],[60.7479126,56.0755848],[60.7478079,56.0745895],[60.747117,56.0744513],[60.7470369,56.0745208],[60.747504,56.0747716],[60.746979,56.0750969],[60.7464229,56.0751043],[60.7464452,56.0757971]]]}},{"type":"Feature","properties":{"id":48489914,"landuse":"natural_wood"},"geometry":{"type":"Polygon","coordinates":[[[60.7445169,56.0779928],[60.7444867,56.0775468],[60.7449097,56.0775381],[60.7449288,56.077891],[60.7447752,56.0778937],[60.7447836,56.0779841],[60.7445169,56.0779928]]]}},{"type":"Feature","properties":{"id":48489917,"landuse":"natural_wood"},"geometry":{"type":"Polygon","coordinates":[[[60.7448851,56.078886],[60.7457745,56.0787109],[60.745518,56.0786264],[60.7449202,56.0785445],[60.7447378,56.0786463],[60.7447378,56.0787903],[60.7448851,56.078886]]]}},{"type":"Feature","properties":{"id":48489929,"landuse":"natural_wood"},"geometry":{"type":"Polygon","coordinates":[[[60.7504511,56.0766482],[60.7523252,56.0766042],[60.7524591,56.0766011],[60.7522926,56.0761659],[60.7518668,56.0759837],[60.7507067,56.0760187],[60.7505008,56.0760331],[60.7504511,56.0766482]]]}},{"type":"Feature","properties":{"id":48490782,"landuse":"natural_wood"},"geometry":{"type":"Polygon","coordinates":[[[60.7275252,56.0869833],[60.7281391,56.0869581],[60.7280136,56.0858821],[60.7270843,56.0859189],[60.7269305,56.086096],[60.7275017,56.0864402],[60.7275252,56.0869833]]]}},{"type":"Feature","properties":{"id":48509066,"landuse":"natural_wood"},"geometry":{"type":"Polygon","coordinates":[[[60.7212087,56.0821737],[60.7220154,56.082149],[60.722085,56.0819587],[60.7220332,56.0815754],[60.7219213,56.0815479],[60.7218926,56.0813609],[60.7212864,56.081399],[60.7211702,56.0816089],[60.7213065,56.0818111],[60.7212087,56.0821737]]]}},{"type":"Feature","properties":{"id":48509067,"landuse":"natural_wood"},"geometry":{"type":"Polygon","coordinates":[[[60.7345663,56.0803452],[60.7345035,56.0797701],[60.7362143,56.0797233],[60.7362764,56.0798027],[60.737021,56.0798067],[60.7371008,56.0799768],[60.7375548,56.0802171],[60.7377182,56.0801972],[60.737528,56.0794929],[60.7305231,56.0797593],[60.7305226,56.0799152],[60.7314263,56.0800073],[60.7318602,56.0804115],[60.7345663,56.0803452]]]}},{"type":"Feature","properties":{"id":48509068,"landuse":"natural_wood"},"geometry":{"type":"Polygon","coordinates":[[[60.7253778,56.0799836],[60.7262574,56.0799434],[60.7263443,56.0799936],[60.7264476,56.0799936],[60.7266184,56.0797135],[60.7265757,56.0795129],[60.7255211,56.079436],[60.725362,56.079503],[60.7252054,56.079501],[60.7246894,56.0794613],[60.7244723,56.0796539],[60.7249386,56.0798631],[60.7253778,56.0799836]]]}},{"type":"Feature","properties":{"id":48509069,"landuse":"natural_wood"},"geometry":{"type":"Polygon","coordinates":[[[60.7251263,56.0792116],[60.7266975,56.0791561],[60.7268441,56.0792025],[60.7271246,56.0792187],[60.7284459,56.0797143],[60.7284051,56.0798367],[60.7285047,56.0798784],[60.7288272,56.0795621],[60.7283836,56.0794389],[60.7265294,56.0787396],[60.7263003,56.0786865],[60.7259767,56.0786453],[60.7244868,56.0786843],[60.7243907,56.0787295],[60.7244109,56.0789355],[60.7249269,56.0789171],[60.72509,56.0789916],[60.7251263,56.0792116]]]}},{"type":"Feature","properties":{"id":48509072,"landuse":"natural_wood"},"geometry":{"type":"Polygon","coordinates":[[[60.7199963,56.0814671],[60.7199746,56.0810193],[60.7202571,56.0810219],[60.7204323,56.081214],[60.7201979,56.0814904],[60.7199963,56.0814671]]]}},{"type":"Feature","properties":{"id":48509078,"landuse":"natural_wood"},"geometry":{"type":"Polygon","coordinates":[[[60.7243578,56.0785125],[60.7242256,56.0782757],[60.7266487,56.0781884],[60.7267666,56.0782472],[60.7280749,56.0782307],[60.7282024,56.0791436],[60.727288,56.0787403],[60.7268521,56.0785916],[60.7268094,56.0784845],[60.7264002,56.0783912],[60.7260902,56.078367],[60.7257571,56.0784448],[60.7253317,56.0784486],[60.7248419,56.07847],[60.7243578,56.0785125]]]}},{"type":"Feature","properties":{"id":48509080,"landuse":"natural_wood"},"geometry":{"type":"Polygon","coordinates":[[[60.7239581,56.0826761],[60.7252353,56.0826442],[60.7251925,56.0822084],[60.7248271,56.0822028],[60.7247863,56.0823939],[60.7242355,56.0824142],[60.7239401,56.0826024],[60.7239581,56.0826761]]]}},{"type":"Feature","properties":{"id":48509081,"landuse":"natural_wood"},"geometry":{"type":"Polygon","coordinates":[[[60.7238836,56.0825289],[60.7241569,56.0823213],[60.7238905,56.0821798],[60.7235638,56.0823427],[60.7235777,56.0825328],[60.7238836,56.0825289]]]}},{"type":"Feature","properties":{"id":48509082,"landuse":"natural_wood"},"geometry":{"type":"Polygon","coordinates":[[[60.727825,56.082622],[60.7277694,56.081726],[60.7282143,56.0820052],[60.7282421,56.0826026],[60.727825,56.082622]]]}},{"type":"Feature","properties":{"id":48509083,"landuse":"natural_wood"},"geometry":{"type":"Polygon","coordinates":[[[60.7284785,56.0828121],[60.7308141,56.0827267],[60.7307863,56.0822613],[60.7300495,56.0822613],[60.7298757,56.082556],[60.7296393,56.0826026],[60.7291458,56.0826142],[60.7286383,56.0821604],[60.728395,56.0821565],[60.7284785,56.0828121]]]}},{"type":"Feature","properties":{"id":48509085,"landuse":"leisure_stadium"},"geometry":{"type":"Polygon","coordinates":[[[60.724207,56.0805429],[60.7242126,56.0805023],[60.724392,56.0803569],[60.7244419,56.0803529],[60.7249257,56.0805558],[60.7249188,56.0805835],[60.7247383,56.0807278],[60.7246628,56.0807314],[60.724207,56.0805429]]]}},{"type":"Feature","properties":{"id":48509089,"landuse":"natural_wood"},"geometry":{"type":"Polygon","coordinates":[[[60.7246357,56.081743],[60.725547,56.0817151],[60.7255008,56.0811637],[60.7252623,56.0811037],[60.7252044,56.0807834],[60.7254477,56.0804498],[60.7252739,56.0803955],[60.7246431,56.080825],[60.7236924,56.0804681],[60.7233066,56.0805467],[60.7233136,56.0808532],[60.7225072,56.0808222],[60.7227088,56.0810138],[60.7226448,56.08129],[60.7245999,56.0812218],[60.7246357,56.081743]]]}},{"type":"Feature","properties":{"id":48509093,"landuse":"natural_wood"},"geometry":{"type":"Polygon","coordinates":[[[60.7278737,56.0816755],[60.7284368,56.0820402],[60.7291527,56.0819122],[60.7297575,56.0819238],[60.7299522,56.0818695],[60.7304874,56.0818695],[60.730828,56.0815708],[60.7308871,56.0811991],[60.7308261,56.0806515],[60.7290624,56.0807329],[60.7297608,56.0798698],[60.7288081,56.0798463],[60.7278459,56.080764],[60.7278737,56.0816755]]]}},{"type":"Feature","properties":{"id":48509098,"landuse":"natural_wood"},"geometry":{"type":"Polygon","coordinates":[[[60.732815,56.0826766],[60.7328068,56.0822035],[60.7336369,56.0821505],[60.7346427,56.0824182],[60.7346582,56.0825186],[60.7361332,56.0824958],[60.7361422,56.0825619],[60.7344833,56.0826184],[60.732815,56.0826766]]]}},{"type":"Feature","properties":{"id":48509103,"landuse":"natural_wood"},"geometry":{"type":"Polygon","coordinates":[[[60.7363598,56.0825622],[60.7362721,56.081998],[60.7370538,56.0819782],[60.7370441,56.0816982],[60.7362461,56.0817179],[60.7362218,56.0815328],[60.7362964,56.0814693],[60.7377596,56.0814265],[60.7379001,56.0825126],[60.7363598,56.0825622]]]}},{"type":"Feature","properties":{"id":48509104,"landuse":"natural_wood"},"geometry":{"type":"Polygon","coordinates":[[[60.7361853,56.0821361],[60.736148,56.0814944],[60.7346417,56.0815397],[60.7346545,56.0819345],[60.7348713,56.0821649],[60.7361853,56.0821361]]]}},{"type":"Feature","properties":{"id":48509105,"landuse":"natural_wood"},"geometry":{"type":"Polygon","coordinates":[[[60.7346934,56.0810692],[60.7348505,56.0812239],[60.7356716,56.0811946],[60.735689,56.0814462],[60.7361536,56.0814353],[60.7361221,56.0811983],[60.7357922,56.0811157],[60.7357667,56.0809008],[60.7359434,56.0808819],[60.7359405,56.0805771],[60.7358706,56.0805051],[60.7346547,56.080551],[60.7346934,56.0810692]]]}},{"type":"Feature","properties":{"id":48580264,"landuse":"industrial"},"geometry":{"type":"Polygon","coordinates":[[[60.7138183,56.0378209],[60.7186088,56.0393169],[60.7179218,56.0400034],[60.7191404,56.0403973],[60.7203191,56.0398657],[60.7219067,56.0382794],[60.7184588,56.0372026],[60.717881,56.0377799],[60.7148169,56.036823],[60.7138183,56.0378209]]]}},{"type":"Feature","properties":{"id":48580267,"landuse":"cemetery"},"geometry":{"type":"Polygon","coordinates":[[[60.6869368,56.0701161],[60.6868918,56.0717371],[60.6885041,56.071765],[60.6895692,56.0723354],[60.6894423,56.0729418],[60.6912083,56.0747392],[60.6958396,56.0717532],[60.6929656,56.0705549],[60.6922785,56.0707907],[60.691223,56.070167],[60.6869368,56.0701161]]]}},{"type":"Feature","properties":{"id":48580857,"landuse":"leisure_stadium","name":"Лыжный стадион","sport":"skiing"},"geometry":{"type":"Polygon","coordinates":[[[60.6862893,56.093473],[60.6875279,56.0936847],[60.6887841,56.0938995],[60.6898775,56.0940864],[60.6897348,56.0944503],[60.6886913,56.094299],[60.688147,56.0942201],[60.686069,56.0939189],[60.6862893,56.093473]]]}},{"type":"Feature","properties":{"id":48585827,"landuse":"leisure_park"},"geometry":{"type":"Polygon","coordinates":[[[60.7374948,56.0879362],[60.7401885,56.0888045],[60.7402772,56.0887188],[60.7375836,56.0878505],[60.7374948,56.0879362]]]}},{"type":"Feature","properties":{"id":48600162,"landuse":"leisure_pitch"},"geometry":{"type":"Polygon","coordinates":[[[60.7354764,56.0837211],[60.7360456,56.0833405],[60.7360724,56.0832986],[60.7360808,56.0832517],[60.7360577,56.0832037],[60.7360148,56.0831717],[60.7359359,56.0831556],[60.7358581,56.0831474],[60.7357741,56.0831568],[60.7356963,56.0831778],[60.735127,56.0835584],[60.735083,56.0836104],[60.7350767,56.0836608],[60.7350956,56.0837042],[60.7351584,56.0837411],[60.7352574,56.0837674],[60.7353309,56.0837686],[60.7354044,56.0837522],[60.7354764,56.0837211]]]}},{"type":"Feature","properties":{"id":48600166,"landuse":"leisure_park"},"geometry":{"type":"Polygon","coordinates":[[[60.7331451,56.0918181],[60.7332386,56.0918149],[60.7329785,56.0899629],[60.7329178,56.0899651],[60.7331451,56.0918181]]]}},{"type":"Feature","properties":{"id":48600172,"landuse":"leisure_park"},"geometry":{"type":"Polygon","coordinates":[[[60.7328661,56.0896734],[60.7329486,56.0896698],[60.7328491,56.0887272],[60.7328069,56.0886898],[60.7328005,56.0886468],[60.7328341,56.0886128],[60.7326889,56.0876459],[60.7325862,56.0876472],[60.7328661,56.0896734]]]}},{"type":"Feature","properties":{"id":48600610,"landuse":"leisure_sports_centre"},"geometry":{"type":"Polygon","coordinates":[[[60.7371899,56.0839826],[60.737892,56.0839663],[60.7378829,56.0838436],[60.7378753,56.083742],[60.7371731,56.0837583],[60.7371899,56.0839826]]]}},{"type":"Feature","properties":{"id":48600613,"landuse":"natural_wood"},"geometry":{"type":"Polygon","coordinates":[[[60.7338564,56.0855247],[60.7348228,56.0854852],[60.7349393,56.0866879],[60.7339607,56.0867129],[60.7338564,56.0855247]]]}},{"type":"Feature","properties":{"id":48600614,"landuse":"natural_wood"},"geometry":{"type":"Polygon","coordinates":[[[60.7346156,56.0875801],[60.7352257,56.0875364],[60.7356596,56.0871228],[60.7355167,56.0867198],[60.7349346,56.0867346],[60.7339888,56.0867653],[60.7339689,56.0876025],[60.7346156,56.0875801]]]}},{"type":"Feature","properties":{"id":48629036,"landuse":"leisure_park"},"geometry":{"type":"Polygon","coordinates":[[[60.7322362,56.0851394],[60.732538,56.0851307],[60.7322903,56.083011],[60.7319966,56.0830227],[60.7322362,56.0851394]]]}},{"type":"Feature","properties":{"id":48671196,"landuse":"natural_wood"},"geometry":{"type":"Polygon","coordinates":[[[60.7319493,56.0727182],[60.7327048,56.0726997],[60.7325539,56.0743544],[60.7313375,56.0745636],[60.7313155,56.0738073],[60.7311119,56.0736259],[60.7301546,56.0735184],[60.7227782,56.0734743],[60.7226558,56.0769776],[60.7199723,56.0770763],[60.7201497,56.0782509],[60.7201681,56.0784001],[60.7212396,56.0783928],[60.7212972,56.0787023],[60.7201592,56.078749],[60.7195537,56.0786808],[60.7190438,56.0752097],[60.7184124,56.0690817],[60.7180756,56.0659064],[60.7180556,56.0657178],[60.7270599,56.0654047],[60.727428,56.0689935],[60.7285593,56.0692248],[60.7286434,56.071683],[60.7287323,56.0716907],[60.7302424,56.0718224],[60.7319123,56.0717838],[60.7319493,56.0727182]]]}},{"type":"Feature","properties":{"id":48671199,"landuse":"industrial"},"geometry":{"type":"Polygon","coordinates":[[[60.7329104,56.0743976],[60.7363914,56.0744643],[60.7362325,56.0730048],[60.7348104,56.0730455],[60.7347327,56.0723918],[60.7345369,56.0723942],[60.7343552,56.0723077],[60.7342284,56.0721551],[60.7342303,56.0717593],[60.7335122,56.0717574],[60.7335099,56.0715985],[60.7327152,56.0715946],[60.7327784,56.0705806],[60.7342634,56.0705453],[60.733979,56.0652367],[60.7271072,56.0655366],[60.7274705,56.0689845],[60.7285921,56.069205],[60.7286869,56.0716475],[60.7319569,56.0715593],[60.7320533,56.072698],[60.7328351,56.0726799],[60.7329104,56.0743976]]]}},{"type":"Feature","properties":{"id":48671200,"landuse":"natural_wood"},"geometry":{"type":"Polygon","coordinates":[[[60.753642,56.0706956],[60.7551778,56.070665],[60.7552239,56.0710955],[60.755548,56.0712061],[60.755512,56.0721408],[60.754505,56.072171],[60.7545403,56.0724763],[60.7571394,56.0723991],[60.7574145,56.0720469],[60.7571327,56.0712354],[60.757062,56.0710193],[60.7570704,56.0708232],[60.7574179,56.0704354],[60.7573692,56.0690839],[60.7575633,56.068961],[60.7586467,56.0688972],[60.7583263,56.0668026],[60.7587044,56.0665442],[60.7586855,56.0662906],[60.7585494,56.0644664],[60.7531893,56.0645786],[60.7525383,56.0645922],[60.7531128,56.0702794],[60.753642,56.0706956]]]}},{"type":"Feature","properties":{"id":48671201,"landuse":"garages"},"geometry":{"type":"Polygon","coordinates":[[[60.7532477,56.0634505],[60.7626908,56.0631936],[60.7625144,56.0609262],[60.7588987,56.0610029],[60.7584071,56.060163],[60.7529303,56.0603391],[60.7532477,56.0634505]]]}},{"type":"Feature","properties":{"id":48671203,"landuse":"natural_wood"},"geometry":{"type":"Polygon","coordinates":[[[60.7361709,56.0712961],[60.7357758,56.0651034],[60.73404,56.0651627],[60.7341882,56.0678195],[60.7349668,56.0678275],[60.734961,56.0680384],[60.7344687,56.0682541],[60.7344973,56.0688565],[60.7347149,56.069232],[60.7350612,56.0692464],[60.7351206,56.0702402],[60.7345088,56.0702722],[60.7344991,56.0707723],[60.7331497,56.0708682],[60.7331073,56.0713216],[60.7361709,56.0712961]]]}},{"type":"Feature","properties":{"id":48671204,"landuse":"industrial"},"geometry":{"type":"Polygon","coordinates":[[[60.7371567,56.0707384],[60.7385282,56.0706857],[60.7384999,56.0704679],[60.7414445,56.0703934],[60.7416116,56.0702063],[60.7416157,56.0690412],[60.7425187,56.0689999],[60.7423753,56.0683054],[60.7421455,56.0671925],[60.7419139,56.0650225],[60.7364518,56.0651974],[60.7371567,56.0707384]]]}},{"type":"Feature","properties":{"id":48671205,"landuse":"garages"},"geometry":{"type":"Polygon","coordinates":[[[60.7643813,56.0631166],[60.7722803,56.0629551],[60.7722907,56.0631814],[60.7726423,56.0631764],[60.772632,56.0629501],[60.775015,56.062916],[60.774889,56.0602371],[60.772224,56.0603436],[60.7721878,56.0607223],[60.7642888,56.0608243],[60.7643813,56.0631166]]]}},{"type":"Feature","properties":{"id":48671207,"landuse":"natural_wood"},"geometry":{"type":"Polygon","coordinates":[[[60.7301584,56.0760621],[60.73212,56.0760251],[60.7320945,56.0758662],[60.7324848,56.0757697],[60.7319146,56.0750074],[60.7319841,56.0745425],[60.7315376,56.0746256],[60.7312975,56.0747167],[60.7313071,56.0749311],[60.7303235,56.0749485],[60.7301584,56.0760621]]]}},{"type":"Feature","properties":{"id":48671211,"landuse":"natural_wood"},"geometry":{"type":"Polygon","coordinates":[[[60.7271255,56.0916539],[60.7261535,56.0916747],[60.7260661,56.0916022],[60.7260154,56.0911188],[60.7268186,56.0910696],[60.7270836,56.0909901],[60.7271255,56.0916539]]]}},{"type":"Feature","properties":{"id":48671213,"landuse":"natural_wood"},"geometry":{"type":"Polygon","coordinates":[[[60.7227823,56.091957],[60.7249631,56.0918779],[60.7249579,56.0917759],[60.7243903,56.0917903],[60.7243334,56.0912031],[60.7239123,56.091002],[60.7234936,56.0910502],[60.7235167,56.0912765],[60.7234546,56.0913083],[60.722715,56.0913332],[60.7227823,56.091957]]]}},{"type":"Feature","properties":{"id":48671214,"landuse":"leisure_stadium"},"geometry":{"type":"Polygon","coordinates":[[[60.7262354,56.0909909],[60.7262602,56.0909948],[60.7270316,56.0909651],[60.7270509,56.0909606],[60.7270579,56.0909503],[60.7270368,56.0907465],[60.7270302,56.0907354],[60.7270056,56.0907292],[60.7262315,56.090759],[60.7262095,56.0907656],[60.726202,56.0907764],[60.7262228,56.0909787],[60.7262354,56.0909909]]]}},{"type":"Feature","properties":{"id":48671217,"landuse":"natural_wood"},"geometry":{"type":"Polygon","coordinates":[[[60.7344939,56.0778407],[60.7363479,56.0777738],[60.7363468,56.077534],[60.7352746,56.0773074],[60.7352252,56.0762998],[60.7365551,56.0751217],[60.7364743,56.0748205],[60.7352252,56.0748098],[60.7350713,56.0757858],[60.7343402,56.0759137],[60.7344939,56.0778407]]]}},{"type":"Feature","properties":{"id":48671218,"landuse":"industrial"},"geometry":{"type":"Polygon","coordinates":[[[60.738404,56.0781085],[60.7405904,56.0780168],[60.7403502,56.0759009],[60.7381133,56.0760138],[60.738404,56.0781085]]]}},{"type":"Feature","properties":{"id":48671219,"landuse":"leisure_park"},"geometry":{"type":"Polygon","coordinates":[[[60.7333736,56.0918111],[60.733482,56.0918055],[60.7332343,56.089954],[60.733149,56.0899579],[60.7333736,56.0918111]]]}},{"type":"Feature","properties":{"id":48671220,"landuse":"leisure_park"},"geometry":{"type":"Polygon","coordinates":[[[60.7329414,56.0876369],[60.7332031,56.0896622],[60.7331132,56.0896634],[60.7329722,56.0887149],[60.7330204,56.0886709],[60.7330145,56.0886358],[60.7329476,56.0885959],[60.7328447,56.087641],[60.7329414,56.0876369]]]}},{"type":"Feature","properties":{"id":48672618,"landuse":"natural_wood"},"geometry":{"type":"Polygon","coordinates":[[[60.7202359,56.0945049],[60.7219085,56.0950291],[60.7222749,56.095543],[60.7223328,56.0958722],[60.7231791,56.0961322],[60.7250348,56.0960246],[60.7267235,56.0960222],[60.7302619,56.095498],[60.7316655,56.0955872],[60.7325858,56.0956011],[60.7329469,56.0956011],[60.7329994,56.09544],[60.7326252,56.0952202],[60.7325793,56.0947441],[60.7317454,56.0947258],[60.7317163,56.0944731],[60.7308722,56.0944641],[60.7307152,56.0934705],[60.7307693,56.0931408],[60.7313099,56.0931249],[60.7313568,56.092937],[60.7310477,56.0927353],[60.7318466,56.0923653],[60.7320233,56.0922838],[60.7318614,56.0921059],[60.7316463,56.0922181],[60.7300383,56.0923537],[60.7295764,56.0923697],[60.7227577,56.0925474],[60.7224901,56.0928202],[60.7219782,56.0928471],[60.7210576,56.0928283],[60.7196361,56.0935525],[60.7202359,56.0945049]]]}},{"type":"Feature","properties":{"id":48672922,"landuse":"garages"},"geometry":{"type":"Polygon","coordinates":[[[60.7417601,56.0819868],[60.7423704,56.0819617],[60.7423416,56.0817427],[60.7424583,56.0817367],[60.7428551,56.0817216],[60.7426446,56.0801226],[60.7415207,56.0801688],[60.7417601,56.0819868]]]}},{"type":"Feature","properties":{"id":48805026,"landuse":"natural_wood"},"geometry":{"type":"Polygon","coordinates":[[[60.7204284,56.0907724],[60.7204073,56.0906302],[60.7204901,56.0905673],[60.7204334,56.0900187],[60.7203272,56.089943],[60.7203043,56.0897555],[60.7209458,56.0897313],[60.7209899,56.0900787],[60.7209286,56.0901271],[60.7209591,56.0903432],[60.7210284,56.090385],[60.7210738,56.0907447],[60.7204284,56.0907724]]]}},{"type":"Feature","properties":{"id":49363770,"landuse":"allotments"},"geometry":{"type":"Polygon","coordinates":[[[60.6837188,56.0541823],[60.6874204,56.0541716],[60.6873622,56.0526322],[60.687071,56.0524804],[60.6866779,56.052334],[60.6860858,56.05225],[60.6854597,56.05225],[60.6835815,56.0523666],[60.6837188,56.0541823]]]}},{"type":"Feature","properties":{"id":49677143,"landuse":"leisure_park"},"geometry":{"type":"Polygon","coordinates":[[[60.7325681,56.087219],[60.7327898,56.0872153],[60.7327831,56.087088],[60.7325614,56.0870917],[60.7325681,56.087219]]]}},{"type":"Feature","properties":{"id":49683587,"landuse":"natural_wood"},"geometry":{"type":"Polygon","coordinates":[[[60.7450668,56.079599],[60.7450335,56.0793837],[60.7446234,56.0793772],[60.744628,56.0792314],[60.7447122,56.0791696],[60.7438444,56.0792123],[60.7437449,56.07965],[60.7450668,56.079599]]]}},{"type":"Feature","properties":{"id":49684485,"landuse":"natural_wood"},"geometry":{"type":"Polygon","coordinates":[[[60.7486948,56.0809642],[60.7493138,56.0809446],[60.7493034,56.0805404],[60.7498385,56.080448],[60.7497537,56.0795192],[60.7493869,56.0795361],[60.7488519,56.0797351],[60.7485207,56.0797209],[60.7484888,56.0795325],[60.7479028,56.0793015],[60.7471576,56.0793122],[60.747164,56.0795361],[60.7478837,56.0795645],[60.7479347,56.0800977],[60.7485907,56.0800941],[60.7486948,56.0809642]]]}},{"type":"Feature","properties":{"id":49684497,"landuse":"natural_wood"},"geometry":{"type":"Polygon","coordinates":[[[60.7485193,56.0812346],[60.7487723,56.0813477],[60.7487888,56.0816156],[60.7491656,56.0817393],[60.7492951,56.0819563],[60.7492971,56.0820348],[60.7496884,56.0820257],[60.7496334,56.0817356],[60.7494337,56.0817379],[60.7492013,56.0813398],[60.7488752,56.0813467],[60.7485083,56.0811465],[60.7479458,56.0811738],[60.7479988,56.0812515],[60.7485193,56.0812346]]]}},{"type":"Feature","properties":{"id":49684498,"landuse":"leisure_track"},"geometry":{"type":"Polygon","coordinates":[[[60.745774,56.0805714],[60.7457115,56.0799832],[60.7457478,56.079932],[60.7458077,56.0798999],[60.7458821,56.0798726],[60.7459589,56.0798655],[60.7460506,56.0798656],[60.746138,56.0798813],[60.7462185,56.0799148],[60.7462511,56.0799544],[60.7463092,56.0805523],[60.7462773,56.0806037],[60.7462241,56.0806393],[60.7461372,56.0806651],[60.7460503,56.080673],[60.7459616,56.0806671],[60.7458747,56.0806463],[60.7458162,56.0806156],[60.745774,56.0805714]]]}},{"type":"Feature","properties":{"id":49684499,"landuse":"leisure_sports_centre"},"geometry":{"type":"Polygon","coordinates":[[[60.7458589,56.080902],[60.7458554,56.0808553],[60.7456678,56.0808596],[60.7456782,56.0809994],[60.7458658,56.080995],[60.7458631,56.0809588],[60.7459575,56.0809556],[60.7459623,56.0810198],[60.7464554,56.0810081],[60.7464445,56.0808645],[60.7459515,56.0808761],[60.7459532,56.0808988],[60.7458589,56.080902]]]}},{"type":"Feature","properties":{"id":49684501,"landuse":"natural_wood"},"geometry":{"type":"Polygon","coordinates":[[[60.7442395,56.082057],[60.7442521,56.0820281],[60.7443682,56.0819849],[60.7442959,56.0814294],[60.744593,56.0814143],[60.7446628,56.0819674],[60.7454623,56.0819858],[60.7456752,56.0820708],[60.7456799,56.0822852],[60.7445234,56.0823216],[60.7442395,56.082057]]]}},{"type":"Feature","properties":{"id":49684504,"landuse":"natural_wood"},"geometry":{"type":"Polygon","coordinates":[[[60.7461895,56.0819016],[60.746306,56.081463],[60.7465992,56.0813294],[60.7470998,56.0815254],[60.7471234,56.081717],[60.7468916,56.0817347],[60.7468133,56.0817937],[60.7466598,56.0818875],[60.7461895,56.0819016]]]}},{"type":"Feature","properties":{"id":49684506,"landuse":"construction"},"geometry":{"type":"Polygon","coordinates":[[[60.7518542,56.0819647],[60.7518052,56.081604],[60.7516357,56.0816004],[60.7515345,56.0813585],[60.7507592,56.0813917],[60.7501479,56.0815089],[60.7501895,56.0820266],[60.7518542,56.0819647]]]}},{"type":"Feature","properties":{"id":49689649,"landuse":"leisure_track"},"geometry":{"type":"Polygon","coordinates":[[[60.7599668,56.0807211],[60.7607348,56.0802289],[60.7607896,56.0801697],[60.7608019,56.0801097],[60.7607804,56.0800497],[60.7607189,56.0800017],[60.7606145,56.0799674],[60.760507,56.0799571],[60.7603933,56.079964],[60.7602926,56.0800141],[60.7595246,56.0805063],[60.7594963,56.0805622],[60.7594901,56.0806154],[60.7595005,56.0806689],[60.75957,56.0807199],[60.7596676,56.0807468],[60.7597666,56.0807559],[60.7598681,56.0807479],[60.7599668,56.0807211]]]}},{"type":"Feature","properties":{"id":49689650,"landuse":"leisure_pitch"},"geometry":{"type":"Polygon","coordinates":[[[60.7588597,56.0804399],[60.7588621,56.080529],[60.7589973,56.080599],[60.7591625,56.0805884],[60.759536,56.0803511],[60.7595306,56.0802534],[60.7594003,56.0801889],[60.7592332,56.0802026],[60.7588597,56.0804399]]]}},{"type":"Feature","properties":{"id":49710513,"landuse":"natural_wood"},"geometry":{"type":"Polygon","coordinates":[[[60.7297929,56.091709],[60.7279788,56.0917809],[60.7279412,56.0914128],[60.7279482,56.0914718],[60.7289523,56.0914346],[60.7289271,56.0912045],[60.7297334,56.0911769],[60.7297929,56.091709]]]}},{"type":"Feature","properties":{"id":49711482,"landuse":"leisure_park"},"geometry":{"type":"Polygon","coordinates":[[[60.7367333,56.0879683],[60.7365002,56.0878944],[60.7366269,56.0877679],[60.7367333,56.0879683]]]}},{"type":"Feature","properties":{"id":49711483,"landuse":"leisure_park"},"geometry":{"type":"Polygon","coordinates":[[[60.7366689,56.0877736],[60.7367138,56.0877745],[60.736883,56.0878288],[60.7367594,56.087953],[60.7366689,56.0877736]]]}},{"type":"Feature","properties":{"id":49711485,"landuse":"leisure_park"},"geometry":{"type":"Polygon","coordinates":[[[60.7367397,56.0876976],[60.7367154,56.0876773],[60.7366738,56.0876695],[60.7366375,56.0876755],[60.7366168,56.087687],[60.7366061,56.0877071],[60.7366222,56.087732],[60.7366632,56.0877449],[60.7366939,56.0877437],[60.7367223,56.0877341],[60.7367405,56.0877154],[60.7367397,56.0876976]]]}},{"type":"Feature","properties":{"id":49711486,"landuse":"leisure_park"},"geometry":{"type":"Polygon","coordinates":[[[60.7367086,56.0876425],[60.7368469,56.0875122],[60.7366016,56.0874338],[60.7367086,56.0876425]]]}},{"type":"Feature","properties":{"id":49711487,"landuse":"leisure_park"},"geometry":{"type":"Polygon","coordinates":[[[60.7367404,56.0876512],[60.7368734,56.0875204],[60.7371107,56.087594],[60.7367404,56.0876512]]]}},{"type":"Feature","properties":{"id":49711488,"landuse":"leisure_park"},"geometry":{"type":"Polygon","coordinates":[[[60.7364666,56.0878847],[60.7365954,56.0877593],[60.7362362,56.0878132],[60.7364666,56.0878847]]]}},{"type":"Feature","properties":{"id":49711489,"landuse":"leisure_park"},"geometry":{"type":"Polygon","coordinates":[[[60.7369698,56.0877448],[60.7367803,56.0876857],[60.7367619,56.0876647],[60.7371154,56.0876042],[60.7369698,56.0877448]]]}},{"type":"Feature","properties":{"id":49711490,"landuse":"leisure_park"},"geometry":{"type":"Polygon","coordinates":[[[60.736363,56.0876609],[60.7365572,56.087719],[60.7365726,56.0877437],[60.7362256,56.0877963],[60.736363,56.0876609]]]}},{"type":"Feature","properties":{"id":49711491,"landuse":"leisure_park"},"geometry":{"type":"Polygon","coordinates":[[[60.7364383,56.0875913],[60.7366269,56.0876511],[60.7366812,56.0876429],[60.7365798,56.0874436],[60.7364383,56.0875913]]]}},{"type":"Feature","properties":{"id":49711620,"landuse":"leisure_park"},"geometry":{"type":"Polygon","coordinates":[[[60.7320766,56.0857651],[60.7322616,56.0857582],[60.7322844,56.0857108],[60.7323454,56.0856701],[60.7324167,56.0856497],[60.732396,56.0854742],[60.7323434,56.0854714],[60.7323131,56.0854561],[60.732304,56.0854352],[60.732044,56.0854446],[60.7320766,56.0857651]]]}},{"type":"Feature","properties":{"id":49711621,"landuse":"leisure_park"},"geometry":{"type":"Polygon","coordinates":[[[60.7324433,56.0858948],[60.7323647,56.0858796],[60.7323052,56.0858406],[60.7322733,56.0857985],[60.7320768,56.0858057],[60.7320971,56.0860028],[60.7324891,56.0859899],[60.7324851,56.0859333],[60.7324433,56.0858948]]]}},{"type":"Feature","properties":{"id":49711622,"landuse":"leisure_park"},"geometry":{"type":"Polygon","coordinates":[[[60.7325944,56.0859846],[60.7329908,56.0859717],[60.7329702,56.0857715],[60.7327785,56.0857774],[60.7327547,56.0858401],[60.7326885,56.0858779],[60.7326167,56.0858994],[60.7325893,56.0859344],[60.7325944,56.0859846]]]}},{"type":"Feature","properties":{"id":49711623,"landuse":"leisure_park"},"geometry":{"type":"Polygon","coordinates":[[[60.7327497,56.0856902],[60.7327774,56.0857387],[60.7329557,56.0857328],[60.73292,56.0854044],[60.7326361,56.0854134],[60.7325813,56.0854691],[60.7325965,56.0856429],[60.7326804,56.0856566],[60.7327497,56.0856902]]]}},{"type":"Feature","properties":{"id":49711624,"landuse":"leisure_park"},"geometry":{"type":"Polygon","coordinates":[[[60.7324769,56.0856396],[60.7325404,56.0856375],[60.7325224,56.0854622],[60.7324589,56.0854642],[60.7324769,56.0856396]]]}},{"type":"Feature","properties":{"id":49711625,"landuse":"leisure_park"},"geometry":{"type":"Polygon","coordinates":[[[60.7326183,56.0857533],[60.7326059,56.0857323],[60.7325787,56.0857148],[60.7325446,56.085705],[60.7325026,56.085703],[60.7324626,56.0857104],[60.7324335,56.0857243],[60.7324145,56.0857446],[60.7324109,56.0857669],[60.7324229,56.0857885],[60.7324492,56.0858062],[60.7324829,56.0858164],[60.7325269,56.0858187],[60.7325655,56.0858118],[60.7325974,56.0857965],[60.7326157,56.0857759],[60.7326183,56.0857533]]]}},{"type":"Feature","properties":{"id":49833315,"landuse":"leisure_park"},"geometry":{"type":"Polygon","coordinates":[[[60.7544884,56.0848483],[60.7545233,56.0848169],[60.7542416,56.0847645],[60.7541853,56.0847376],[60.7541578,56.0843774],[60.7541448,56.0843441],[60.7539455,56.0843485],[60.7539355,56.0843808],[60.7539523,56.0847855],[60.7544884,56.0848483]]]}},{"type":"Feature","properties":{"id":49899786,"landuse":"natural_wood"},"geometry":{"type":"Polygon","coordinates":[[[60.7268155,56.0885045],[60.726788,56.0887345],[60.7264322,56.0887504],[60.7264221,56.0886663],[60.7253961,56.0887127],[60.7253317,56.088458],[60.7252909,56.0884199],[60.7250691,56.0882897],[60.7249828,56.0877207],[60.7252212,56.0877113],[60.725273,56.0881235],[60.7269969,56.0880581],[60.7274166,56.0876829],[60.7275448,56.0877214],[60.7275025,56.0878368],[60.7267615,56.0882652],[60.7268155,56.0885045]]]}},{"type":"Feature","properties":{"id":50072016,"landuse":"natural_wood"},"geometry":{"type":"Polygon","coordinates":[[[60.7801585,56.0768917],[60.7811042,56.0774949],[60.7819147,56.0781168],[60.7844139,56.0796623],[60.7847381,56.0798733],[60.7894086,56.0814707],[60.7911396,56.081344],[60.7915096,56.0815236],[60.7915975,56.0813105],[60.7923126,56.0750765],[60.7929166,56.0697398],[60.7919784,56.0696586],[60.7911668,56.0693732],[60.7898895,56.0690292],[60.7885378,56.0698294],[60.7866805,56.0702524],[60.7863848,56.0708662],[60.7859306,56.0712806],[60.7854738,56.0713901],[60.7850551,56.0710081],[60.783905,56.0707363],[60.7830316,56.0704027],[60.782787,56.070041],[60.7822248,56.0699344],[60.7818525,56.070044],[60.7812828,56.0698703],[60.7811501,56.0695702],[60.7806013,56.0695467],[60.7800525,56.0695467],[60.7795323,56.069796],[60.7794553,56.0711947],[60.7832262,56.0712194],[60.7832328,56.0717358],[60.7832236,56.072095],[60.7835927,56.0734729],[60.7827098,56.0747005],[60.7818869,56.0746448],[60.781182,56.0758585],[60.7809052,56.0761866],[60.7806425,56.0763508],[60.7801585,56.0768917]]]}},{"type":"Feature","properties":{"id":50308842,"landuse":"natural_wood"},"geometry":{"type":"Polygon","coordinates":[[[60.7204863,56.0928082],[60.7212242,56.0925331],[60.7212815,56.0922609],[60.720345,56.0922469],[60.7203496,56.0923603],[60.7199463,56.0923906],[60.7197251,56.092445],[60.7193042,56.0924603],[60.718865,56.0922644],[60.7185909,56.0922731],[60.7204056,56.0928312],[60.7204863,56.0928082]]]}},{"type":"Feature","properties":{"id":50308843,"landuse":"natural_wood"},"geometry":{"type":"Polygon","coordinates":[[[60.7271125,56.0893652],[60.7274808,56.0893493],[60.7273336,56.0882519],[60.7288043,56.0881939],[60.7289508,56.0892911],[60.7278668,56.0893343],[60.7278869,56.0894878],[60.7293918,56.0894328],[60.7293212,56.0887681],[60.731178,56.0887104],[60.7311559,56.0883253],[60.7296301,56.0883658],[60.7295787,56.0878238],[60.7306851,56.0877913],[60.7306385,56.0872227],[60.7286175,56.0873046],[60.7284234,56.0873818],[60.7279052,56.0874004],[60.727925,56.0876371],[60.7269891,56.0883004],[60.7271125,56.0893652]]]}},{"type":"Feature","properties":{"id":50308844,"landuse":"leisure_pitch"},"geometry":{"type":"Polygon","coordinates":[[[60.7253905,56.0877039],[60.7253657,56.0877503],[60.7253978,56.0880337],[60.7254359,56.0880745],[60.7255328,56.0880876],[60.7267505,56.0880448],[60.7268353,56.0880318],[60.7268635,56.0879828],[60.7268314,56.0876989],[60.7267993,56.0876576],[60.7267251,56.0876418],[60.7254763,56.0876857],[60.7253905,56.0877039]]]}},{"type":"Feature","properties":{"id":50308848,"landuse":"forest"},"geometry":{"type":"Polygon","coordinates":[[[60.7547015,56.0850647],[60.7560951,56.0853196],[60.756817,56.0854978],[60.7581504,56.0859381],[60.7590774,56.0866402],[60.7595705,56.0872212],[60.7597757,56.0872939],[60.7601425,56.0873819],[60.7606199,56.0873819],[60.7611524,56.0872455],[60.7614759,56.0870144],[60.7617521,56.0862682],[60.7616811,56.0862066],[60.7614404,56.0862022],[60.7613379,56.086222],[60.7609394,56.0861604],[60.7606593,56.0860745],[60.7605291,56.085905],[60.7604226,56.0858214],[60.7598664,56.0858192],[60.7594443,56.085784],[60.7590774,56.0857003],[60.758537,56.0855221],[60.7579965,56.0853768],[60.7573929,56.0852491],[60.7546464,56.0848333],[60.7545507,56.0848829],[60.7544845,56.0849795],[60.7545519,56.0850381],[60.7547015,56.0850647]]]}},{"type":"Feature","properties":{"id":50308849,"landuse":"natural_wood"},"geometry":{"type":"Polygon","coordinates":[[[60.7649713,56.0816788],[60.7643238,56.0819069],[60.7647746,56.0823076],[60.7655968,56.0822837],[60.7657275,56.0837287],[60.7640706,56.0837339],[60.76408,56.0831458],[60.7646388,56.0823583],[60.7638622,56.0816976],[60.7637278,56.0817261],[60.7634838,56.0817564],[60.7630088,56.0817748],[60.7628665,56.0818688],[60.7620309,56.0818897],[60.7618665,56.0818099],[60.7617002,56.0818974],[60.7611134,56.0819123],[60.7610109,56.0818298],[60.7606457,56.0818455],[60.7604818,56.0819375],[60.7599726,56.0819579],[60.7598169,56.0818684],[60.7593402,56.0818857],[60.7593268,56.0819462],[60.7587985,56.0819544],[60.7587603,56.0818958],[60.7582694,56.0819131],[60.7581559,56.0820062],[60.7572731,56.0820247],[60.7572053,56.082037],[60.7571672,56.0820778],[60.7571768,56.0822314],[60.7572329,56.0822417],[60.7572489,56.0824754],[60.7572598,56.0826088],[60.7570064,56.0827215],[60.7567959,56.0827274],[60.7564729,56.0825607],[60.7564445,56.082214],[60.7562719,56.0821556],[60.7559822,56.0821418],[60.7550576,56.0821659],[60.7547124,56.0821659],[60.7544473,56.0823069],[60.7542254,56.0824857],[60.7544165,56.0827196],[60.7548418,56.082957],[60.7551685,56.083153],[60.7552918,56.0833938],[60.7549959,56.0834075],[60.7545521,56.0833147],[60.754361,56.0833112],[60.7542871,56.0833318],[60.7542524,56.0840132],[60.7542872,56.0843559],[60.7543862,56.0846872],[60.7546229,56.0847236],[60.7560548,56.084965],[60.7567763,56.0850833],[60.7572991,56.0851481],[60.7573928,56.0851246],[60.7574348,56.0851],[60.7575213,56.0851236],[60.7574631,56.0852101],[60.7574715,56.0852233],[60.7580508,56.0853063],[60.7586333,56.0854566],[60.7591292,56.0856532],[60.759426,56.0857196],[60.7594633,56.0857155],[60.7597559,56.0854899],[60.7597828,56.0853889],[60.7597607,56.0853255],[60.7596408,56.0852991],[60.7595082,56.085359],[60.758284,56.0849945],[60.7581316,56.0849008],[60.7580025,56.0848546],[60.7579177,56.0848178],[60.7579282,56.0847815],[60.7580751,56.0846813],[60.7582472,56.0844721],[60.7585278,56.0845265],[60.7587787,56.0846095],[60.7589298,56.084649],[60.7600651,56.08501],[60.7598743,56.0851342],[60.7599838,56.0851472],[60.7600924,56.0851616],[60.7601883,56.0851002],[60.7603627,56.084949],[60.760695,56.0848408],[60.7609547,56.0849898],[60.761269,56.0850294],[60.7615399,56.0849067],[60.762012,56.0850623],[60.7621971,56.0849366],[60.7619771,56.084757],[60.761894,56.0848169],[60.7616982,56.0847256],[60.7617894,56.0846373],[60.7619901,56.0845187],[60.7621434,56.084552],[60.7623205,56.08454],[60.7625028,56.0845026],[60.7626021,56.0843948],[60.762873,56.0844008],[60.7631077,56.0843473],[60.7636052,56.084317],[60.7639795,56.0840535],[60.7640934,56.0841853],[60.7641819,56.0843147],[60.7643589,56.0847406],[60.7644394,56.0848363],[60.7645791,56.0848823],[60.7647184,56.0850025],[60.764823,56.0850488],[60.7649882,56.0850023],[60.7651711,56.0850621],[60.7657186,56.0851633],[60.7661507,56.0852659],[60.7665901,56.0853347],[60.7675642,56.0856148],[60.768996,56.0860487],[60.7698366,56.0863705],[60.7701232,56.0867526],[60.7701384,56.0871822],[60.7703142,56.0874116],[60.7709392,56.0875109],[60.771401,56.0873098],[60.7716145,56.086904],[60.7705551,56.0852009],[60.7695766,56.0837771],[60.7689372,56.0830703],[60.7686689,56.0823998],[60.7684651,56.081891],[60.7683363,56.0817323],[60.7649713,56.0816788]]]}},{"type":"Feature","properties":{"id":50308853,"landuse":"natural_wood"},"geometry":{"type":"Polygon","coordinates":[[[60.7387095,56.090763],[60.7389644,56.0909647],[60.7389965,56.0909901],[60.7389235,56.0911267],[60.7392295,56.0912545],[60.7399012,56.0910503],[60.740338,56.0908771],[60.7405576,56.0908362],[60.7406182,56.090732],[60.7405425,56.0905249],[60.7406662,56.0902038],[60.741209,56.0898207],[60.7419538,56.0896446],[60.7425471,56.0894192],[60.7426557,56.0892094],[60.7429122,56.088516],[60.7435592,56.0876444],[60.7439062,56.0870964],[60.7441594,56.086822],[60.7444561,56.0863904],[60.7450365,56.0857639],[60.7449768,56.0857538],[60.7438758,56.0857869],[60.7438373,56.0856737],[60.743812,56.0855131],[60.7436732,56.0855188],[60.7436934,56.0856794],[60.743653,56.0857766],[60.7432081,56.0864208],[60.7408888,56.0886956],[60.740949,56.0888459],[60.7405099,56.0893059],[60.7402402,56.0892801],[60.7400938,56.0893832],[60.7393079,56.0901785],[60.7389381,56.0906212],[60.7387095,56.090763]]]}},{"type":"Feature","properties":{"id":50308854,"landuse":"natural_wood"},"geometry":{"type":"Polygon","coordinates":[[[60.7658224,56.0799991],[60.7657206,56.0777314],[60.7661271,56.07773],[60.7664288,56.0777332],[60.7670489,56.0793504],[60.7672914,56.0800234],[60.7659983,56.0800378],[60.7659554,56.0801153],[60.7658342,56.0801463],[60.7657635,56.0801421],[60.7657786,56.080042],[60.7658224,56.0799991]]]}},{"type":"Feature","properties":{"id":50477544,"landuse":"natural_wood"},"geometry":{"type":"Polygon","coordinates":[[[60.7323886,56.0816575],[60.7323171,56.08066],[60.7334251,56.0806182],[60.734059,56.0805992],[60.7340757,56.0809704],[60.7334963,56.0809809],[60.7335151,56.0812821],[60.7339019,56.0813408],[60.7339274,56.081506],[60.7330847,56.0815317],[60.7330847,56.0813094],[60.7331153,56.0812581],[60.7330949,56.0811584],[60.7329468,56.0811327],[60.7326863,56.0811327],[60.7326251,56.0811954],[60.7326097,56.0812866],[60.7326353,56.0816086],[60.7325842,56.0816571],[60.7324718,56.0816913],[60.7323886,56.0816575]]]}},{"type":"Feature","properties":{"id":50477546,"landuse":"natural_wood"},"geometry":{"type":"Polygon","coordinates":[[[60.7310279,56.0813158],[60.7321356,56.0812827],[60.7321315,56.0808427],[60.7319231,56.0806717],[60.7309642,56.0807072],[60.7310279,56.0813158]]]}},{"type":"Feature","properties":{"id":50485762,"landuse":"garages"},"geometry":{"type":"Polygon","coordinates":[[[60.7406961,56.0792571],[60.7408049,56.080129],[60.7427058,56.0800552],[60.7425971,56.0791832],[60.7406961,56.0792571]]]}},{"type":"Feature","properties":{"id":50485766,"landuse":"forest"},"geometry":{"type":"Polygon","coordinates":[[[60.7386783,56.0825609],[60.7398104,56.0825072],[60.7397963,56.082294],[60.7395182,56.0820426],[60.7386005,56.0820861],[60.7386783,56.0825609]]]}},{"type":"Feature","properties":{"id":50485767,"landuse":"natural_wood"},"geometry":{"type":"Polygon","coordinates":[[[60.7369461,56.0810287],[60.7377128,56.0810002],[60.7376432,56.0805269],[60.7375598,56.0804919],[60.7366701,56.0805242],[60.7364309,56.0805449],[60.7364053,56.0805306],[60.7362914,56.0805179],[60.7362145,56.0805226],[60.7361632,56.0805942],[60.7361689,56.0806482],[60.7365221,56.0806323],[60.7365477,56.0808007],[60.7366132,56.0808309],[60.7366901,56.0808436],[60.7367043,56.0809024],[60.736673,56.0809565],[60.7366331,56.0810185],[60.7366417,56.0810614],[60.7366579,56.081115],[60.7367291,56.0811825],[60.736843,56.0811825],[60.7369569,56.0811746],[60.7369462,56.0810971],[60.7369461,56.0810287]]]}},{"type":"Feature","properties":{"id":50485768,"landuse":"leisure_park"},"geometry":{"type":"Polygon","coordinates":[[[60.7411279,56.0820293],[60.7411022,56.0817893],[60.7399489,56.0818291],[60.7399355,56.0817101],[60.7397949,56.0817143],[60.7398405,56.0820763],[60.7411279,56.0820293]]]}},{"type":"Feature","properties":{"id":50485775,"landuse":"forest"},"geometry":{"type":"Polygon","coordinates":[[[60.7392262,56.0820367],[60.739548,56.0820224],[60.7397729,56.0819588],[60.7397473,56.0816855],[60.7398071,56.0816696],[60.739847,56.0816044],[60.7400555,56.08154],[60.7400292,56.0813613],[60.7399751,56.0813534],[60.7397821,56.0815],[60.7396875,56.0816319],[60.7394223,56.0816394],[60.7393124,56.0816194],[60.7392791,56.0816745],[60.7394454,56.0817904],[60.7394711,56.0818492],[60.7393714,56.0819159],[60.7392091,56.081989],[60.7386651,56.082016],[60.738611,56.0820653],[60.7392262,56.0820367]]]}},{"type":"Feature","properties":{"id":50490842,"landuse":"grass"},"geometry":{"type":"Polygon","coordinates":[[[60.7311086,56.0866871],[60.7311912,56.0866845],[60.73118,56.0865757],[60.7310974,56.0865784],[60.7311086,56.0866871]]]}},{"type":"Feature","properties":{"id":50490843,"landuse":"leisure_park"},"geometry":{"type":"Polygon","coordinates":[[[60.7317024,56.0865596],[60.7316978,56.0865147],[60.7314189,56.0866243],[60.7313604,56.0866262],[60.731365,56.0866889],[60.7317024,56.0865596]]]}},{"type":"Feature","properties":{"id":50490848,"landuse":"grass"},"geometry":{"type":"Polygon","coordinates":[[[60.7310967,56.0865328],[60.7311771,56.0865302],[60.7311548,56.0863137],[60.7310744,56.0863163],[60.7310967,56.0865328]]]}},{"type":"Feature","properties":{"id":50490852,"landuse":"grass"},"geometry":{"type":"Polygon","coordinates":[[[60.7311308,56.0869539],[60.731191,56.0869516],[60.7312106,56.0869372],[60.7311889,56.0867348],[60.7311085,56.0867374],[60.7311308,56.0869539]]]}},{"type":"Feature","properties":{"id":50490853,"landuse":"grass"},"geometry":{"type":"Polygon","coordinates":[[[60.7317906,56.0870258],[60.7318211,56.0874241],[60.7317234,56.0874264],[60.7316928,56.0870281],[60.7317906,56.0870258]]]}},{"type":"Feature","properties":{"id":50490854,"landuse":"grass"},"geometry":{"type":"Polygon","coordinates":[[[60.7320023,56.0874422],[60.7319811,56.087466],[60.7322175,56.0875258],[60.7323297,56.0875236],[60.7323282,56.0875009],[60.7322309,56.0875028],[60.7320023,56.0874422]]]}},{"type":"Feature","properties":{"id":50490855,"landuse":"leisure_park"},"geometry":{"type":"Polygon","coordinates":[[[60.7317462,56.0869214],[60.7317462,56.0868702],[60.7313766,56.0867575],[60.7313904,56.0869291],[60.7317462,56.0869214]]]}},{"type":"Feature","properties":{"id":50490856,"landuse":"leisure_park"},"geometry":{"type":"Polygon","coordinates":[[[60.731745,56.0868074],[60.7317221,56.0866179],[60.7314833,56.0867216],[60.731745,56.0868074]]]}},{"type":"Feature","properties":{"id":50598759,"landuse":"natural_wood"},"geometry":{"type":"Polygon","coordinates":[[[60.7014919,56.0659132],[60.7092231,56.0656815],[60.7090236,56.0639966],[60.7089828,56.0636229],[60.7055238,56.0637588],[60.7037797,56.0562221],[60.7162677,56.0559363],[60.7287528,56.0554031],[60.7287678,56.0556661],[60.7058791,56.0567132],[60.705131,56.0573519],[60.7058875,56.0635073],[60.709781,56.0633222],[60.7093208,56.0594731],[60.7116682,56.0593766],[60.7115609,56.0580749],[60.7131563,56.0579976],[60.7136563,56.058245],[60.7137764,56.059285],[60.7151862,56.0592352],[60.7152549,56.058765],[60.716273,56.0587273],[60.7161915,56.0580575],[60.7158085,56.0580599],[60.715757,56.0575154],[60.7129525,56.0576088],[60.712872,56.0566102],[60.7168556,56.0565024],[60.7256479,56.0562496],[60.7286552,56.0570326],[60.7287185,56.0574711],[60.7270523,56.0580384],[60.7269579,56.0584793],[60.7287056,56.0578443],[60.7287807,56.0580192],[60.728211,56.0586835],[60.7273087,56.0587189],[60.7273731,56.0589489],[60.728034,56.0590531],[60.7285028,56.0590537],[60.7307452,56.0589849],[60.7311453,56.0629203],[60.7183469,56.0632797],[60.717744,56.0635109],[60.7177161,56.0639068],[60.7183212,56.0639008],[60.7192857,56.0644452],[60.7179187,56.0644938],[60.7179789,56.0653242],[60.728232,56.0649525],[60.7291176,56.0642548],[60.7342408,56.0641155],[60.7340838,56.0629978],[60.733652,56.0625156],[60.7342236,56.0622323],[60.7341756,56.0611579],[60.7353495,56.0610951],[60.7352916,56.0597006],[60.7351377,56.0586174],[60.7350063,56.0577171],[60.7347333,56.0577044],[60.7346964,56.0574596],[60.7334199,56.0575667],[60.7322621,56.0579438],[60.7307828,56.0580067],[60.7287806,56.0580067],[60.728697,56.0570445],[60.7293302,56.0566476],[60.7305079,56.0558146],[60.7325973,56.0560631],[60.7346229,56.056023],[60.7345424,56.0538663],[60.7257695,56.0538291],[60.7252341,56.0542473],[60.7167346,56.0542038],[60.7168878,56.0559063],[60.7163685,56.0559219],[60.7163138,56.0557931],[60.7159179,56.055817],[60.7158245,56.0542106],[60.7005456,56.0545056],[60.7014919,56.0659132]]]}},{"type":"Feature","properties":{"id":50598760,"landuse":"natural_wood"},"geometry":{"type":"Polygon","coordinates":[[[60.729458,56.0506702],[60.7296211,56.0523052],[60.7297606,56.0523232],[60.7299537,56.0525389],[60.7310481,56.0533657],[60.7301994,56.0533528],[60.7290425,56.0515809],[60.7287521,56.051251],[60.729458,56.0506702]]]}},{"type":"Feature","properties":{"id":50598761,"landuse":"natural_wood"},"geometry":{"type":"Polygon","coordinates":[[[60.7339495,56.0457241],[60.7339906,56.0423235],[60.7345049,56.0414618],[60.7345471,56.0402713],[60.7333544,56.0396051],[60.7318479,56.0400609],[60.7308436,56.0399207],[60.7315341,56.0389388],[60.7304042,56.0384479],[60.7287094,56.0382375],[60.7285849,56.0371977],[60.7285925,56.0360038],[60.7285603,56.0324198],[60.7221155,56.0345017],[60.7220656,56.035424],[60.722143,56.0357363],[60.7223692,56.0366494],[60.7210481,56.0379593],[60.722024,56.0382727],[60.720363,56.039939],[60.7192313,56.0404759],[60.7178385,56.0400266],[60.7184108,56.0394716],[60.7167951,56.038936],[60.7156022,56.0399586],[60.7158901,56.0411306],[60.7164866,56.0421072],[60.7162603,56.0463925],[60.7169392,56.0464835],[60.7176065,56.0464534],[60.7183007,56.0463932],[60.7189073,56.0463932],[60.7200059,56.0463141],[60.7206125,56.046141],[60.7209023,56.046205],[60.7210304,56.0462953],[60.7221964,56.0462765],[60.7225266,56.046141],[60.7236185,56.0461899],[60.7283162,56.0460431],[60.7289902,56.0460167],[60.7291722,56.0458624],[60.7293407,56.045885],[60.7294687,56.0459565],[60.7298799,56.0460167],[60.7336215,56.0458889],[60.7338102,56.0458798],[60.7339495,56.0457241]]]}},{"type":"Feature","properties":{"id":50598762,"landuse":"natural_wood"},"geometry":{"type":"Polygon","coordinates":[[[60.7239216,56.0329439],[60.7282378,56.0312733],[60.7282861,56.023266],[60.7224893,56.0234848],[60.7187868,56.0237912],[60.717509,56.022553],[60.7162012,56.0225584],[60.7154791,56.0224961],[60.7134031,56.0227737],[60.7101179,56.0227083],[60.7066546,56.0225962],[60.7049842,56.0223396],[60.7019436,56.0229973],[60.6991048,56.0234183],[60.6988431,56.0242651],[60.6980718,56.0253247],[60.6959886,56.0250004],[60.6990656,56.0271606],[60.6985131,56.0287517],[60.6985217,56.0294435],[60.6995752,56.0322496],[60.699939,56.0334809],[60.698276,56.0341121],[60.6965444,56.0350903],[60.6875415,56.0289004],[60.6807244,56.0287217],[60.6767677,56.0319637],[60.672813,56.0348098],[60.671736,56.0390696],[60.7083993,56.0380974],[60.7135587,56.036282],[60.7239216,56.0329439]]]}},{"type":"Feature","properties":{"id":50598764,"landuse":"natural_wood"},"geometry":{"type":"Polygon","coordinates":[[[60.7395178,56.0277399],[60.7398847,56.0273296],[60.7402049,56.0270614],[60.7398363,56.026723],[60.7391386,56.0264509],[60.7385255,56.0255981],[60.737406,56.0246024],[60.7350154,56.0217107],[60.7330135,56.0206835],[60.7317336,56.0206744],[60.7306506,56.0208853],[60.7298137,56.0218115],[60.7284682,56.0223801],[60.7285197,56.0312186],[60.7395178,56.0277399]]]}},{"type":"Feature","properties":{"id":50598765,"landuse":"natural_wood"},"geometry":{"type":"Polygon","coordinates":[[[60.6902561,56.0663533],[60.6840554,56.0665775],[60.6835018,56.0610096],[60.6833017,56.0594963],[60.6886732,56.0610793],[60.6894018,56.0613599],[60.6896531,56.0607146],[60.6911355,56.0605323],[60.691638,56.0609391],[60.6915123,56.061416],[60.6918138,56.0623278],[60.6919646,56.0628608],[60.6911355,56.0627065],[60.6905073,56.0617246],[60.6902561,56.0620051],[60.6907586,56.0627907],[60.6925425,56.0632255],[60.6943766,56.0636603],[60.6954319,56.0641933],[60.6964369,56.0638427],[60.6950299,56.0621875],[60.6948289,56.0615282],[60.6949294,56.0607567],[60.6963364,56.0601956],[60.6969394,56.0605743],[60.6984217,56.0609811],[60.6994016,56.0614721],[60.6996323,56.0619285],[60.7000242,56.066062],[60.6901832,56.0664355],[60.6902561,56.0663533]]]}},{"type":"Feature","properties":{"id":50598767,"landuse":"natural_wood"},"geometry":{"type":"Polygon","coordinates":[[[60.7005379,56.0614546],[60.6996902,56.0543881],[60.6831896,56.0548334],[60.6841097,56.0558267],[60.686318,56.0556897],[60.6867474,56.0563062],[60.6896304,56.0573337],[60.6910412,56.057094],[60.6910412,56.0564432],[60.6927587,56.056957],[60.6937402,56.0581557],[60.6955191,56.0598339],[60.6970526,56.0593887],[60.6974206,56.0588407],[60.6984021,56.0587722],[60.6987701,56.0604846],[60.7005379,56.0614546]]]}},{"type":"Feature","properties":{"id":50598768,"landuse":"natural_wood"},"geometry":{"type":"Polygon","coordinates":[[[60.7128022,56.0470511],[60.6949252,56.0476121],[60.6956885,56.0483076],[60.6972151,56.0487339],[60.6981792,56.0490256],[60.6975365,56.0502147],[60.6982596,56.0508428],[60.6997862,56.0512242],[60.7000674,56.0520094],[60.7020359,56.0527273],[60.7035967,56.0531846],[60.7052422,56.0533224],[60.7086977,56.0533592],[60.7111264,56.0533733],[60.7120448,56.053145],[60.7125909,56.052924],[60.7129632,56.0526783],[60.7132185,56.0523075],[60.7127937,56.0502338],[60.7134471,56.0496118],[60.714933,56.049356],[60.7148343,56.048604],[60.7141302,56.048595],[60.7126493,56.0484571],[60.7126986,56.0480712],[60.7129125,56.0473727],[60.7133897,56.0473084],[60.713291,56.0470143],[60.7128022,56.0470511]]]}},{"type":"Feature","properties":{"id":50598769,"landuse":"natural_wood"},"geometry":{"type":"Polygon","coordinates":[[[60.6723165,56.0483633],[60.692403,56.0476621],[60.6942799,56.0504909],[60.6948712,56.0501606],[60.695694,56.0501032],[60.6957968,56.0509073],[60.6960797,56.0516252],[60.6969538,56.0515677],[60.6974937,56.0520703],[60.6980337,56.0517975],[60.6980594,56.0514529],[60.6991484,56.0520667],[60.7000667,56.0524807],[60.7010608,56.0528524],[60.7021476,56.0532664],[60.7031081,56.053464],[60.7031249,56.0537651],[60.7019202,56.0538309],[60.6982587,56.0540311],[60.6977566,56.0535264],[60.6970426,56.0538629],[60.6955411,56.0539663],[60.6937311,56.0539663],[60.6937516,56.0536791],[60.6943276,56.0533345],[60.6942042,56.0530244],[60.6935048,56.0527947],[60.6928261,56.0528292],[60.6921884,56.0530933],[60.6924353,56.0535987],[60.6927644,56.0540352],[60.6909749,56.0541385],[60.6896269,56.0535354],[60.6896269,56.0533707],[60.6890372,56.0528814],[60.6874449,56.0522228],[60.6868246,56.0520332],[60.6863612,56.0519156],[60.685763,56.0518968],[60.6834293,56.0520473],[60.6826795,56.0520897],[60.6823847,56.0520426],[60.6823678,56.0519015],[60.6823913,56.0517662],[60.6822786,56.0516242],[60.6823594,56.051431],[60.6823425,56.0511158],[60.6821735,56.0509319],[60.6820131,56.050694],[60.682085,56.0519645],[60.6819557,56.0520828],[60.6813527,56.0519678],[60.6805604,56.0516011],[60.6798416,56.0514208],[60.6792422,56.0511817],[60.6787208,56.051092],[60.6782258,56.0510567],[60.6777098,56.0510861],[60.67712,56.0511508],[60.6762431,56.0513747],[60.6754132,56.0514214],[60.6748312,56.0511527],[60.6742593,56.0506754],[60.6737669,56.0503312],[60.6734681,56.0500592],[60.6743714,56.049857],[60.6737501,56.0496041],[60.6732551,56.04941],[60.6728023,56.0492041],[60.6724547,56.0489983],[60.6721177,56.0487512],[60.6721493,56.0485454],[60.6723165,56.0483633]]]}},{"type":"Feature","properties":{"id":50598771,"landuse":"natural_wood"},"geometry":{"type":"Polygon","coordinates":[[[60.7006663,56.066063],[60.7003311,56.062815],[60.7010951,56.0632856],[60.701348,56.066036],[60.7006663,56.066063]]]}},{"type":"Feature","properties":{"id":50598772,"landuse":"natural_wood"},"geometry":{"type":"Polygon","coordinates":[[[60.7356524,56.053268],[60.7394473,56.0532321],[60.7400004,56.0532033],[60.7408109,56.0530166],[60.741274,56.0527795],[60.7419815,56.0523341],[60.7502806,56.0458059],[60.750049,56.0432408],[60.7495892,56.0413965],[60.741124,56.0419945],[60.7398156,56.0385698],[60.736989,56.0407629],[60.7367927,56.0413988],[60.735772,56.0416181],[60.7350654,56.0419251],[60.7346335,56.0424075],[60.7349964,56.048458],[60.7352076,56.0484292],[60.735213,56.0482597],[60.7370127,56.0482267],[60.7370181,56.0490443],[60.7353648,56.0491189],[60.7352361,56.0486896],[60.7350102,56.0486875],[60.7356524,56.053268]]]}},{"type":"Feature","properties":{"id":50598773,"landuse":"natural_wood"},"geometry":{"type":"Polygon","coordinates":[[[60.7682752,56.048265],[60.7671626,56.0483747],[60.7663655,56.0482531],[60.7657464,56.0480631],[60.7652711,56.0477138],[60.7652743,56.0472242],[60.766197,56.0468167],[60.7672484,56.0467209],[60.7678493,56.0469366],[60.7695873,56.0475238],[60.7695444,56.0449831],[60.7671626,56.045079],[60.75553,56.0454974],[60.7515531,56.0497318],[60.7516289,56.0548296],[60.7517691,56.0549992],[60.7528933,56.0548982],[60.7528562,56.0537869],[60.7530435,56.0536557],[60.7550669,56.053688],[60.7552021,56.0547688],[60.7545294,56.0554134],[60.7517989,56.0557261],[60.7523375,56.0603005],[60.758449,56.0601181],[60.7589336,56.0609666],[60.7626052,56.0608852],[60.7627659,56.0632625],[60.7588149,56.0633543],[60.7588302,56.0635994],[60.7588488,56.0638495],[60.7588907,56.0641741],[60.7589669,56.0642421],[60.7591575,56.0642615],[60.7595671,56.0642507],[60.7653163,56.0641002],[60.7652961,56.0632155],[60.7641811,56.0632215],[60.7641233,56.0631031],[60.7640906,56.0611676],[60.7640749,56.0608029],[60.7721104,56.0606886],[60.7721481,56.0603169],[60.7749364,56.0602057],[60.7750034,56.0606101],[60.7750191,56.0612689],[60.7750821,56.0629501],[60.7737642,56.0629778],[60.7726663,56.0629738],[60.7726769,56.0631841],[60.771689,56.0632034],[60.7716755,56.0632752],[60.7721626,56.06365],[60.7723364,56.0639046],[60.7760918,56.0637398],[60.7760555,56.0635464],[60.7764731,56.0632273],[60.7766331,56.0632085],[60.7771049,56.0636506],[60.777542,56.0632918],[60.7762308,56.0623301],[60.7759222,56.0601338],[60.7741482,56.0597463],[60.7720649,56.0593355],[60.7719742,56.0584112],[60.7740454,56.0582102],[60.773563,56.0535008],[60.7737863,56.0534502],[60.7737585,56.0529847],[60.772784,56.0529646],[60.771846,56.0526151],[60.7695088,56.0522225],[60.7695207,56.0501416],[60.7693399,56.0496743],[60.7693346,56.049129],[60.7691328,56.048242],[60.7688149,56.0482309],[60.7682752,56.048265]]]}},{"type":"Feature","properties":{"id":50598774,"landuse":"natural_wood"},"geometry":{"type":"Polygon","coordinates":[[[60.7419509,56.0588826],[60.7504846,56.0499278],[60.750387,56.0496605],[60.7489151,56.0509817],[60.7466654,56.0505689],[60.746119,56.051215],[60.7462797,56.0518432],[60.7445764,56.0526329],[60.7436122,56.0538892],[60.744255,56.0541404],[60.7433098,56.0549062],[60.7432857,56.0556581],[60.7431537,56.0563395],[60.742874,56.0566198],[60.7422662,56.0569323],[60.7421817,56.0574102],[60.7423188,56.0575373],[60.7421017,56.0581961],[60.7419509,56.0588826]]]}},{"type":"Feature","properties":{"id":50598776,"landuse":"natural_wood"},"geometry":{"type":"Polygon","coordinates":[[[60.7456827,56.0616564],[60.7448597,56.0616058],[60.7439753,56.0608709],[60.7428234,56.0604115],[60.7420213,56.0599522],[60.7421339,56.0596675],[60.750461,56.0507684],[60.7509724,56.0551892],[60.7516265,56.0613509],[60.7456827,56.0616564]]]}},{"type":"Feature","properties":{"id":50598777,"landuse":"natural_wood"},"geometry":{"type":"Polygon","coordinates":[[[60.7778037,56.0593289],[60.7770625,56.0591508],[60.7763172,56.0591984],[60.7763651,56.0602781],[60.7763862,56.062236],[60.7776078,56.0632237],[60.7776499,56.0636294],[60.7801879,56.0637352],[60.7825996,56.0640998],[60.7852745,56.0648699],[60.7879803,56.0657212],[60.7897211,56.0660329],[60.7926667,56.0664848],[60.7929381,56.066368],[60.7898931,56.0563088],[60.788929,56.0515754],[60.7860767,56.0471107],[60.7858791,56.0471217],[60.7860025,56.0476724],[60.7817678,56.0482968],[60.7810149,56.0467293],[60.7800507,56.0452484],[60.7788721,56.0433627],[60.7790228,56.0426971],[60.7782555,56.0427326],[60.7780411,56.0426912],[60.7778056,56.0421566],[60.7765697,56.0423655],[60.7762585,56.041599],[60.7770802,56.0409376],[60.7745436,56.0412786],[60.7736525,56.0394174],[60.7763899,56.0388906],[60.7757994,56.0376272],[60.7739771,56.0383725],[60.7737172,56.0385104],[60.7735624,56.0387486],[60.7733939,56.0391873],[60.7732834,56.0398142],[60.773263,56.0401858],[60.7735709,56.0436114],[60.7737837,56.0448894],[60.7741462,56.0504143],[60.7751154,56.050306],[60.7753445,56.0498435],[60.7749392,56.0482196],[60.7749921,56.0477767],[60.7761925,56.0478365],[60.7765252,56.0482786],[60.7763314,56.0485837],[60.7762785,56.0489183],[60.7767115,56.0488487],[60.7823087,56.0487462],[60.7826067,56.0512489],[60.7772102,56.0515149],[60.7755208,56.0519101],[60.7746396,56.0518806],[60.7747479,56.0531907],[60.7749488,56.055277],[60.7803319,56.0574304],[60.7830637,56.0574753],[60.785675,56.0588435],[60.7868802,56.0608846],[60.7840809,56.0620034],[60.7822892,56.0623712],[60.7807807,56.0619519],[60.7785242,56.0620734],[60.7776708,56.0614425],[60.7776837,56.0602941],[60.7778037,56.0593289]]]}},{"type":"Feature","properties":{"id":50598778,"landuse":"natural_wood"},"geometry":{"type":"Polygon","coordinates":[[[60.7895832,56.0664075],[60.789485,56.0666974],[60.7891535,56.0669403],[60.7886986,56.0669187],[60.7885269,56.0669992],[60.7881868,56.0692825],[60.7880071,56.0692723],[60.7878087,56.069052],[60.7876643,56.068398],[60.786132,56.0677267],[60.784538,56.0680424],[60.7839209,56.0689609],[60.7835616,56.0698841],[60.7831109,56.0700455],[60.782404,56.0698938],[60.7815298,56.0694776],[60.7799395,56.0693711],[60.7792418,56.0691581],[60.7784519,56.0682983],[60.7782018,56.0677031],[60.778199,56.067003],[60.7779761,56.0664744],[60.7773956,56.0656941],[60.7764479,56.0649158],[60.7755749,56.0650601],[60.7748266,56.0653939],[60.7738887,56.0650791],[60.7717643,56.0652827],[60.77133,56.0649147],[60.7700987,56.0649458],[60.7699807,56.0643649],[60.7706342,56.0643341],[60.7765073,56.0640927],[60.7794799,56.0639705],[60.781065,56.0640938],[60.7825472,56.0643652],[60.7841281,56.0648689],[60.7857031,56.0653549],[60.7870603,56.065737],[60.787946,56.0660434],[60.7893563,56.0663383],[60.7895832,56.0664075]]]}},{"type":"Feature","properties":{"id":50598779,"landuse":"natural_wood"},"geometry":{"type":"Polygon","coordinates":[[[60.7510715,56.0492843],[60.7574515,56.0425834],[60.7563326,56.0426661],[60.7551972,56.0434749],[60.7536011,56.0448627],[60.7514599,56.0466028],[60.7518869,56.0466454],[60.751918,56.047078],[60.7511927,56.0473333],[60.7510018,56.0484993],[60.7510715,56.0492843]]]}},{"type":"Feature","properties":{"id":50598780,"landuse":"natural_wood"},"geometry":{"type":"Polygon","coordinates":[[[60.7387303,56.0597914],[60.7404375,56.0596536],[60.7411985,56.0598029],[60.7416304,56.059734],[60.7418978,56.0602163],[60.7430291,56.0609053],[60.744181,56.0615254],[60.7439547,56.0619963],[60.7446335,56.0623408],[60.7445923,56.0627082],[60.7443455,56.0630986],[60.7450243,56.0633857],[60.7456413,56.0631101],[60.7460321,56.0627197],[60.7465669,56.0628805],[60.7465669,56.0631675],[60.7470811,56.0633398],[60.7478422,56.0638335],[60.7490146,56.0643273],[60.7444895,56.0645251],[60.7446664,56.06429],[60.7454078,56.0642147],[60.7458375,56.0639984],[60.7460986,56.0637397],[60.7454583,56.0637068],[60.7449192,56.0640689],[60.7445653,56.06421],[60.7435712,56.0645534],[60.7418758,56.0645226],[60.7411176,56.0642992],[60.7410755,56.06387],[60.7413177,56.0631762],[60.7416125,56.0626118],[60.7413914,56.0621826],[60.7413598,56.0619651],[60.7408332,56.0613948],[60.7400539,56.0612302],[60.7391588,56.0610538],[60.7390114,56.0607127],[60.7388429,56.0605364],[60.7385164,56.0600719],[60.7387303,56.0597914]]]}},{"type":"Feature","properties":{"id":50598781,"landuse":"natural_wood"},"geometry":{"type":"Polygon","coordinates":[[[60.7354259,56.0538074],[60.7354184,56.0560143],[60.7355837,56.0559721],[60.7365208,56.055196],[60.7379649,56.0539349],[60.7384992,56.053872],[60.7391655,56.0541898],[60.7401756,56.0536131],[60.7390121,56.0537318],[60.7354259,56.0538074]]]}},{"type":"Feature","properties":{"id":50598782,"landuse":"natural_wood"},"geometry":{"type":"Polygon","coordinates":[[[60.7387553,56.0568038],[60.7402568,56.0567693],[60.7417172,56.056643],[60.7423137,56.0563788],[60.7426439,56.056137],[60.7426776,56.0558435],[60.7426979,56.0555499],[60.7423541,56.0553166],[60.7416545,56.0551749],[60.7403219,56.055163],[60.7396447,56.0557456],[60.7391392,56.0562198],[60.7386539,56.0565623],[60.7387553,56.0568038]]]}},{"type":"Feature","properties":{"id":50598783,"landuse":"natural_wood"},"geometry":{"type":"Polygon","coordinates":[[[60.7765428,56.0566734],[60.7762746,56.0578071],[60.7756996,56.0580331],[60.7757772,56.0585552],[60.7768211,56.0589229],[60.777744,56.058913],[60.7786445,56.0585777],[60.7790061,56.0582861],[60.7772285,56.0569858],[60.7765428,56.0566734]]]}},{"type":"Feature","properties":{"id":50603103,"landuse":"natural_wetland"},"geometry":{"type":"Polygon","coordinates":[[[60.8293427,56.0594819],[60.8297427,56.0592819],[60.8308627,56.0592019],[60.8314227,56.0594019],[60.8315827,56.0598819],[60.8323027,56.0600019],[60.8331827,56.0595619],[60.8340627,56.0588019],[60.8358227,56.0588019],[60.8364627,56.0586419],[60.8371027,56.0586419],[60.8380627,56.0592019],[60.8385427,56.0592819],[60.8399827,56.0586419],[60.8406227,56.0584819],[60.8415827,56.0584819],[60.8423827,56.0581619],[60.8430227,56.0580819],[60.8432627,56.0572419],[60.8441427,56.0566419],[60.8447027,56.0565219],[60.8447027,56.0562819],[60.8437427,56.0563619],[60.8427827,56.0570019],[60.8426227,56.0575619],[60.8420627,56.0576819],[60.8418227,56.0573219],[60.8408627,56.0567619],[60.8408627,56.0563619],[60.8415027,56.0560419],[60.8412627,56.0557619],[60.8408627,56.0562019],[60.8403027,56.0564019],[60.8391827,56.0560019],[60.8367827,56.0560019],[60.8358227,56.0561619],[60.8348627,56.0565619],[60.8342227,56.0565619],[60.8332627,56.0569619],[60.8327827,56.0569619],[60.8317427,56.0580419],[60.8299027,56.0587219],[60.8271827,56.0590419],[60.8263827,56.0588019],[60.8239827,56.0587219],[60.8209427,56.0580819],[60.8195027,56.0573619],[60.8187027,56.0573619],[60.8179027,56.0570419],[60.8156627,56.0568019],[60.8145427,56.0562419],[60.8139027,56.0562419],[60.8135027,56.0560419],[60.8135027,56.0558019],[60.8131027,56.0555219],[60.8123827,56.0556419],[60.8123827,56.0560419],[60.8119827,56.0564019],[60.8116627,56.0564019],[60.8112627,56.0558019],[60.8107027,56.0554419],[60.8102227,56.0556019],[60.8098227,56.0555619],[60.8096627,56.0554019],[60.8101427,56.0548419],[60.8097427,56.0547219],[60.8090227,56.0554019],[60.8075027,56.0560019],[60.8049427,56.0560019],[60.8045427,56.0562019],[60.8045427,56.0567619],[60.8058227,56.0574019],[60.8058227,56.0575619],[60.8051027,56.0581619],[60.8036627,56.0582419],[60.8035827,56.0585219],[60.8039827,56.0588819],[60.8047027,56.0590019],[60.8043827,56.0594019],[60.8059027,56.0604819],[60.8071827,56.0609619],[60.8083027,56.0609619],[60.8092627,56.0612819],[60.8101427,56.0610019],[60.8113427,56.0609619],[60.8124627,56.0609619],[60.8134227,56.0601619],[60.8148627,56.0600019],[60.8163027,56.0592819],[60.8182227,56.0592819],[60.8187027,56.0594419],[60.8199827,56.0593619],[60.8206227,56.0595219],[60.8216627,56.0600419],[60.8216627,56.0604419],[60.8221427,56.0607619],[60.8223027,56.0613219],[60.8239827,56.0623219],[60.8240627,56.0618819],[60.8242227,56.0613219],[60.8234227,56.0607619],[60.8234227,56.0604419],[60.8240627,56.0601219],[60.8240627,56.0599619],[60.8230227,56.0597619],[60.8226227,56.0595619],[60.8224627,56.0592419],[60.8228627,56.0590419],[60.8238227,56.0592819],[60.8246227,56.0592819],[60.8256627,56.0596419],[60.8247027,56.0602019],[60.8247027,56.0604419],[60.8251027,56.0607219],[60.8255827,56.0607219],[60.8268627,56.0612019],[60.8281427,56.0603219],[60.8287027,56.0605219],[60.8288627,56.0609219],[60.8294227,56.0610419],[60.8298227,56.0608419],[60.8298227,56.0604419],[60.8295027,56.0601219],[60.8293427,56.0594819]]]}},{"type":"Feature","properties":{"id":50603104,"landuse":"natural_wood"},"geometry":{"type":"Polygon","coordinates":[[[60.7861172,56.0465987],[60.7935778,56.0230197],[60.7927367,56.0226867],[60.7916161,56.0236022],[60.7914855,56.0245385],[60.790963,56.0246615],[60.7905368,56.0251071],[60.7898781,56.0258374],[60.7897091,56.0261084],[60.7887904,56.0270721],[60.7870307,56.0292945],[60.7859857,56.0306773],[60.785642,56.0312228],[60.7851057,56.0317759],[60.7834558,56.0333047],[60.7831183,56.0341587],[60.7834446,56.0346378],[60.7836347,56.0346003],[60.7844128,56.0345586],[60.7846795,56.0347489],[60.7850232,56.0350408],[60.7851776,56.0355603],[60.7851195,56.0358857],[60.7854907,56.036216],[60.7854082,56.0378829],[60.7835906,56.0380601],[60.7828639,56.0380371],[60.7823783,56.0372339],[60.7821837,56.0365565],[60.7819944,56.0362309],[60.7828034,56.0360725],[60.7817257,56.0354804],[60.7813736,56.0351799],[60.78094,56.034806],[60.7779776,56.0365185],[60.7785022,56.036976],[60.7790886,56.0368776],[60.7792072,56.0372838],[60.7796059,56.0376448],[60.7799909,56.0384129],[60.7801422,56.0390965],[60.7802709,56.0392911],[60.7790791,56.0400389],[60.7780341,56.0407138],[60.7779548,56.0414066],[60.7784075,56.0422714],[60.7792347,56.0422993],[60.7799359,56.0422993],[60.7807609,56.0420151],[60.7817234,56.0414237],[60.7820258,56.0414314],[60.7821633,56.0419997],[60.7814759,56.0425988],[60.7804034,56.0427524],[60.7796747,56.0428983],[60.7798259,56.0439198],[60.7799804,56.04437],[60.7817088,56.0441723],[60.7829898,56.044107],[60.7842386,56.0438942],[60.7846002,56.0443275],[60.7849564,56.045206],[60.7851517,56.0456482],[60.7854735,56.0464884],[60.7856484,56.0467664],[60.7859238,56.0470553],[60.7860506,56.0470151],[60.7862294,56.0468154],[60.7861172,56.0465987]]]}},{"type":"Feature","properties":{"id":50603105,"landuse":"natural_wood"},"geometry":{"type":"Polygon","coordinates":[[[60.7525222,56.0350872],[60.7495717,56.0351297],[60.7492958,56.0351844],[60.7505968,56.0455319],[60.7547832,56.0424316],[60.7527008,56.0425102],[60.7520396,56.0420936],[60.7525039,56.0416456],[60.7533199,56.0408833],[60.7542204,56.0408833],[60.754938,56.041237],[60.755543,56.04185],[60.7564629,56.0418023],[60.758503,56.0414565],[60.7593332,56.0406155],[60.7637415,56.0362628],[60.7677262,56.0347851],[60.7684448,56.0341802],[60.7702029,56.0322673],[60.7714642,56.0309976],[60.7707991,56.0307709],[60.7702338,56.0309083],[60.7692033,56.0302173],[60.7676575,56.0303517],[60.7657682,56.0308507],[60.7641194,56.0313113],[60.763242,56.0314089],[60.7632375,56.0314652],[60.7631166,56.0314702],[60.7630687,56.0316528],[60.7633884,56.0345059],[60.7636639,56.0345838],[60.763553,56.0346669],[60.7634486,56.0348013],[60.7632903,56.0347996],[60.7631953,56.0346527],[60.7528618,56.035069],[60.7528491,56.035161],[60.7531182,56.035276],[60.7529852,56.0354405],[60.7530011,56.0356262],[60.7526908,56.0355855],[60.7527098,56.0354953],[60.7524755,56.0354068],[60.7525222,56.0350872]]]}},{"type":"Feature","properties":{"id":50603106,"landuse":"natural_wood"},"geometry":{"type":"Polygon","coordinates":[[[60.6876763,56.0595218],[60.6883163,56.0593618],[60.6892763,56.0598418],[60.6902363,56.0600018],[60.6915163,56.0606418],[60.6918363,56.0606418],[60.6924367,56.062915],[60.694735,56.0633261],[60.6945264,56.0607003],[60.6931963,56.0594818],[60.6928763,56.0590818],[60.6907163,56.0581618],[60.6897563,56.0579218],[60.6884763,56.0577618],[60.6873563,56.0578418],[60.6860763,56.0573618],[60.6850363,56.0577218],[60.6850363,56.0595618],[60.6863963,56.0601618],[60.6871963,56.0600018],[60.6874363,56.0598018],[60.6876763,56.0595218]]]}},{"type":"Feature","properties":{"id":50603108,"landuse":"natural_wood"},"geometry":{"type":"Polygon","coordinates":[[[60.7595798,56.0413668],[60.7630233,56.0409966],[60.7639247,56.0406282],[60.7638367,56.0402721],[60.7640566,56.0398545],[60.7645842,56.0398177],[60.7652657,56.0398054],[60.7658373,56.0402229],[60.7742021,56.0376578],[60.775429,56.0368277],[60.7751734,56.0363994],[60.7739524,56.0366493],[60.7731659,56.0367503],[60.7724465,56.0366489],[60.7722323,56.0365259],[60.7713543,56.0363498],[60.7703751,56.0364001],[60.7694183,56.0360983],[60.7690018,56.0355826],[60.7693057,56.0349035],[60.7684278,56.0348531],[60.7676961,56.0353814],[60.7643981,56.0366894],[60.7595798,56.0413668]]]}},{"type":"Feature","properties":{"id":50603131,"landuse":"natural_wood"},"geometry":{"type":"Polygon","coordinates":[[[60.8099292,56.0757947],[60.810579,56.0747286],[60.8113046,56.0736103],[60.8098473,56.0743588],[60.8092073,56.0747588],[60.8083273,56.0749588],[60.8083273,56.0753588],[60.8076873,56.0759188],[60.8076873,56.0762388],[60.8069673,56.0765988],[60.8065351,56.0767196],[60.8066156,56.0769215],[60.8074577,56.0767868],[60.8080945,56.0780957],[60.808339,56.0778242],[60.8086317,56.0771122],[60.8092623,56.0773041],[60.809464,56.0775292],[60.8091273,56.0778388],[60.8088073,56.0781588],[60.8088073,56.0787188],[60.8091153,56.0787836],[60.8094533,56.0787417],[60.8095268,56.0794154],[60.8098556,56.0797146],[60.8103273,56.0797988],[60.8107273,56.0795988],[60.8108427,56.0789093],[60.8108453,56.0784467],[60.8111273,56.0781988],[60.8113416,56.0779484],[60.8119273,56.0781988],[60.8123273,56.0779988],[60.8123273,56.0777588],[60.8119546,56.0770187],[60.811481,56.0768048],[60.8116628,56.0763413],[60.8107193,56.0766012],[60.8100073,56.0765188],[60.8093673,56.0767588],[60.8091604,56.0766807],[60.8094473,56.0762067],[60.8099292,56.0757947]]]}},{"type":"Feature","properties":{"id":50722532,"landuse":"natural_wood"},"geometry":{"type":"Polygon","coordinates":[[[60.6607776,56.0166196],[60.6575302,56.0158036],[60.6571017,56.0130963],[60.6583924,56.0117119],[60.6597042,56.0102666],[60.6592023,56.0096954],[60.6604213,56.0083925],[60.6593098,56.0078413],[60.6605328,56.006589],[60.6615608,56.006394],[60.6625766,56.0071758],[60.6647212,56.007122],[60.6646285,56.0073357],[60.665405,56.0077105],[60.6714942,56.0072064],[60.6751236,56.0087196],[60.6761694,56.0109894],[60.6758003,56.0120211],[60.6770921,56.0122274],[60.6791221,56.0111957],[60.6794297,56.0093731],[60.6815213,56.0100265],[60.6829361,56.0118835],[60.6866886,56.0120211],[60.6893337,56.0130527],[60.6924095,56.0151503],[60.6946856,56.0171446],[60.6976998,56.0185887],[60.7018829,56.0194482],[60.7039129,56.0213736],[60.7017599,56.0229206],[60.6983765,56.0233676],[60.6970232,56.0237801],[60.6960389,56.0250177],[60.6990532,56.0271834],[60.6984996,56.0287302],[60.6984996,56.0294177],[60.6996068,56.0323736],[60.6999144,56.0334735],[60.6982535,56.0341265],[60.6965311,56.0350888],[60.693951,56.0350627],[60.6930862,56.0341608],[60.6910562,56.0319268],[60.6884725,56.0308613],[60.6871807,56.0291083],[60.6822594,56.028799],[60.6789991,56.0282833],[60.6752467,56.0281459],[60.6702639,56.0269771],[60.6677418,56.0241239],[60.6650351,56.0208923],[60.6647333,56.0192107],[60.6670036,56.016732],[60.6667575,56.0155973],[60.6683569,56.0154941],[60.6701409,56.015391],[60.6719863,56.0147377],[60.6737703,56.0136029],[60.6750621,56.0141187],[60.6754964,56.0164326],[60.6773757,56.0165123],[60.6791525,56.0158687],[60.6801679,56.0165257],[60.6802523,56.0171488],[60.6802254,56.0180358],[60.6783171,56.0180727],[60.6784284,56.0208098],[60.6760304,56.0213278],[60.6762965,56.0224331],[60.6789091,56.0220822],[60.6791354,56.0225938],[60.6814336,56.0230648],[60.6836155,56.0219748],[60.6818812,56.0198919],[60.6811839,56.0186361],[60.6819519,56.0174197],[60.6778918,56.0137061],[60.6758003,56.0137061],[60.675281,56.0139507],[60.6737948,56.0135261],[60.6735884,56.0135676],[60.6721683,56.0144537],[60.6715077,56.0142922],[60.6711279,56.0143384],[60.670165,56.0145299],[60.6688749,56.014575],[60.668371,56.0147215],[60.6682097,56.0153524],[60.6680446,56.0154521],[60.6668557,56.0155518],[60.6666443,56.0154337],[60.6663999,56.0154927],[60.6658517,56.0155001],[60.6653497,56.0153598],[60.6643103,56.0146732],[60.6629875,56.0146204],[60.6622631,56.0149901],[60.6611765,56.0158188],[60.6607776,56.0166196]]]}},{"type":"Feature","properties":{"id":50722535,"landuse":"natural_wood"},"geometry":{"type":"Polygon","coordinates":[[[60.6920051,56.0474449],[60.6637085,56.0480919],[60.6627282,56.0481838],[60.6631765,56.0476732],[60.6637472,56.0472993],[60.6651738,56.0455935],[60.665918,56.0448479],[60.666694,56.044046],[60.6673764,56.0433054],[60.6685288,56.042504],[60.6695109,56.042042],[60.670437,56.0418096],[60.671872,56.0417312],[60.6731763,56.0418772],[60.6745337,56.0423135],[60.6755219,56.0427488],[60.6769721,56.0432379],[60.6767067,56.0434922],[60.6763356,56.0437885],[60.674723,56.0449369],[60.6739368,56.0453197],[60.6738764,56.0458601],[60.6742594,56.0459952],[60.6748439,56.0458263],[60.6747431,56.0453309],[60.6757107,56.0446892],[60.6769915,56.0436424],[60.6777992,56.0435502],[60.679077,56.0441488],[60.6833101,56.04416],[60.6857088,56.0443064],[60.688934,56.0448243],[60.6899217,56.0453309],[60.6914738,56.0464455],[60.6915343,56.0468959],[60.6919979,56.047121],[60.6920051,56.0474449]]]}},{"type":"Feature","properties":{"id":50723114,"landuse":"natural_wood"},"geometry":{"type":"Polygon","coordinates":[[[60.6943604,56.0472801],[60.713358,56.0467935],[60.7136734,56.0466173],[60.7142367,56.0465355],[60.7147323,56.0465041],[60.7156786,56.0465104],[60.7154082,56.0438111],[60.7148112,56.0399664],[60.7162306,56.0387518],[60.7161743,56.0386386],[60.7136396,56.0378897],[60.7138875,56.0375939],[60.7136321,56.0375487],[60.7093745,56.0389385],[60.7078505,56.0390047],[60.7079954,56.0391623],[60.7091653,56.0391467],[60.7094469,56.0392844],[60.7094469,56.040248],[60.7082148,56.0403955],[60.7071575,56.0401035],[60.7071399,56.0394162],[60.7066067,56.0391903],[60.7013815,56.0392485],[60.6733851,56.0399979],[60.6756102,56.0407159],[60.6765823,56.0410275],[60.6768333,56.0413128],[60.6756734,56.0414117],[60.6748838,56.042093],[60.6753788,56.0423683],[60.6759984,56.0426593],[60.6770686,56.0430132],[60.6777585,56.0428717],[60.678012,56.0426908],[60.6785612,56.042738],[60.678871,56.0430368],[60.6786738,56.0433279],[60.6792512,56.0437133],[60.6798567,56.0438706],[60.6809268,56.0437919],[60.6814619,56.0436661],[60.6825744,56.0435953],[60.6834897,56.0438076],[60.6842641,56.0438076],[60.6858272,56.0439492],[60.6888969,56.0444133],[60.6901642,56.0447908],[60.6917554,56.0458054],[60.6921638,56.0461829],[60.6930086,56.0469222],[60.6935156,56.0472131],[60.6938676,56.0472053],[60.6936423,56.0470087],[60.6931635,56.0467806],[60.6933747,56.0463795],[60.6938253,56.0461042],[60.6945435,56.0459705],[60.6949519,56.0462222],[60.6945717,56.0464896],[60.6944027,56.0466705],[60.6944168,56.0468514],[60.6946702,56.0470008],[60.69429,56.0471581],[60.6943604,56.0472801]]]}},{"type":"Feature","properties":{"id":50758264,"landuse":"natural_wood"},"geometry":{"type":"Polygon","coordinates":[[[60.6600325,56.0908913],[60.6734881,56.0904145],[60.685676,56.0901458],[60.6853425,56.0862877],[60.6597339,56.0871153],[60.6503084,56.0874935],[60.6535282,56.0902697],[60.6544197,56.0904382],[60.65446,56.0905803],[60.6540335,56.0906318],[60.6542035,56.0910664],[60.6554722,56.091055],[60.6562608,56.0910128],[60.6568337,56.0910307],[60.6576464,56.0909954],[60.6600325,56.0908913]]]}},{"type":"Feature","properties":{"id":50808438,"landuse":"natural_wood"},"geometry":{"type":"Polygon","coordinates":[[[60.7241367,56.0854391],[60.7242001,56.085381],[60.7241992,56.0852204],[60.7241543,56.0851984],[60.7222216,56.0852834],[60.7221169,56.0855243],[60.7241367,56.0854391]]]}},{"type":"Feature","properties":{"id":51108110,"landuse":"grass"},"geometry":{"type":"Polygon","coordinates":[[[60.7281228,56.0856487],[60.7302094,56.0855653],[60.7302295,56.0857577],[60.7303194,56.0857553],[60.7303778,56.0857024],[60.7303538,56.0854654],[60.7303151,56.0854408],[60.7281065,56.0855242],[60.7281228,56.0856487]]]}},{"type":"Feature","properties":{"id":51108111,"landuse":"grass"},"geometry":{"type":"Polygon","coordinates":[[[60.728016,56.0856454],[60.7270757,56.0856911],[60.7269984,56.0856047],[60.7270302,56.0855667],[60.7280007,56.0855284],[60.728016,56.0856454]]]}},{"type":"Feature","properties":{"id":51108112,"landuse":"village_green"},"geometry":{"type":"Polygon","coordinates":[[[60.7389609,56.0841612],[60.7388644,56.0833988],[60.7386457,56.0834053],[60.738677,56.083814],[60.7387389,56.0841715],[60.7389609,56.0841612]]]}},{"type":"Feature","properties":{"id":51108114,"landuse":"village_green"},"geometry":{"type":"Polygon","coordinates":[[[60.7430435,56.0839595],[60.7429533,56.0832729],[60.742692,56.0832836],[60.7427821,56.0839702],[60.7430435,56.0839595]]]}},{"type":"Feature","properties":{"id":51244936,"landuse":"forest"},"geometry":{"type":"Polygon","coordinates":[[[60.7290063,56.0907474],[60.7289943,56.0906009],[60.7288583,56.0902421],[60.7293198,56.0902208],[60.7296661,56.090205],[60.729726,56.0907279],[60.7290063,56.0907474]]]}},{"type":"Feature","properties":{"id":51244936,"landuse":"leisure_park"},"geometry":{"type":"Polygon","coordinates":[[[60.7290063,56.0907474],[60.7289943,56.0906009],[60.7288583,56.0902421],[60.7293198,56.0902208],[60.7296661,56.090205],[60.729726,56.0907279],[60.7290063,56.0907474]]]}},{"type":"Feature","properties":{"id":51244941,"landuse":"forest"},"geometry":{"type":"Polygon","coordinates":[[[60.7319735,56.0883376],[60.7312959,56.0883619],[60.7312835,56.0881469],[60.7309913,56.0878694],[60.7318989,56.0878451],[60.7319735,56.0883376]]]}},{"type":"Feature","properties":{"id":51244945,"landuse":"natural_wood"},"geometry":{"type":"Polygon","coordinates":[[[60.7223976,56.0871788],[60.723213,56.0871544],[60.7245839,56.0871106],[60.7250528,56.0870314],[60.7252561,56.0865138],[60.7246532,56.0863437],[60.7242755,56.0866192],[60.724319,56.0870342],[60.7226581,56.0870884],[60.7225777,56.0863209],[60.723656,56.0862857],[60.723724,56.0860653],[60.7224519,56.0861156],[60.7224694,56.0862849],[60.7222291,56.0863965],[60.7223058,56.0871368],[60.7223976,56.0871788]]]}},{"type":"Feature","properties":{"id":51244947,"landuse":"natural_wood"},"geometry":{"type":"Polygon","coordinates":[[[60.7224459,56.0897546],[60.723883,56.0897067],[60.723862,56.08951],[60.723823,56.0892224],[60.7229387,56.0892461],[60.7227303,56.0893175],[60.7223949,56.0893309],[60.7224459,56.0897546]]]}},{"type":"Feature","properties":{"id":51244952,"landuse":"leisure_park"},"geometry":{"type":"Polygon","coordinates":[[[60.7303866,56.0897262],[60.7303568,56.0895082],[60.7297771,56.0895328],[60.7298069,56.0897509],[60.7303866,56.0897262]]]}},{"type":"Feature","properties":{"id":51244957,"landuse":"natural_wood"},"geometry":{"type":"Polygon","coordinates":[[[60.7279613,56.0906174],[60.7278687,56.0905576],[60.7278432,56.0903161],[60.7285479,56.0902792],[60.7286929,56.0903335],[60.7288606,56.0904126],[60.7288919,56.090565],[60.7279613,56.0906174]]]}},{"type":"Feature","properties":{"id":51244960,"landuse":"leisure_pitch"},"geometry":{"type":"Polygon","coordinates":[[[60.7292513,56.0910663],[60.7294639,56.0910598],[60.7294392,56.0908101],[60.7292266,56.0908166],[60.7292513,56.0910663]]]}},{"type":"Feature","properties":{"id":51244961,"landuse":"leisure_park"},"geometry":{"type":"Polygon","coordinates":[[[60.727532,56.0909303],[60.7274367,56.091007],[60.7274337,56.0907939],[60.727857,56.0907815],[60.7278919,56.0907954],[60.7286876,56.0907759],[60.7287303,56.0910884],[60.7283859,56.0910871],[60.7283386,56.0909172],[60.728102,56.0908718],[60.7276213,56.0908908],[60.727532,56.0909303]]]}},{"type":"Feature","properties":{"id":51245901,"landuse":"leisure_park"},"geometry":{"type":"Polygon","coordinates":[[[60.7318592,56.0916519],[60.7320234,56.0916461],[60.7319892,56.0913452],[60.7318249,56.0913511],[60.7318592,56.0916519]]]}},{"type":"Feature","properties":{"id":51382984,"landuse":"industrial"},"geometry":{"type":"Polygon","coordinates":[[[60.776409,56.0510874],[60.7768885,56.0514014],[60.7774726,56.0512324],[60.7823,56.0510683],[60.7820706,56.0487957],[60.7763047,56.0489546],[60.776409,56.0510874]]]}},{"type":"Feature","properties":{"id":51382985,"landuse":"industrial"},"geometry":{"type":"Polygon","coordinates":[[[60.7745249,56.0577239],[60.7743374,56.0556093],[60.7755852,56.0555819],[60.7765593,56.0559774],[60.7760829,56.0577834],[60.7745249,56.0577239]]]}},{"type":"Feature","properties":{"id":51382991,"landuse":"garages"},"geometry":{"type":"Polygon","coordinates":[[[60.7722454,56.0589621],[60.7739298,56.0588979],[60.773862,56.0583435],[60.7721776,56.0584077],[60.7722454,56.0589621]]]}},{"type":"Feature","properties":{"id":51382992,"landuse":"quarry"},"geometry":{"type":"Polygon","coordinates":[[[60.7771331,56.0564614],[60.780028,56.0576133],[60.7826901,56.0577434],[60.7852523,56.0590253],[60.7863171,56.0608832],[60.7828897,56.0621836],[60.781958,56.0618864],[60.780261,56.0618678],[60.7790298,56.0618493],[60.7782977,56.0611247],[60.7782977,56.0603073],[60.7785639,56.0593783],[60.7786637,56.0589882],[60.7794624,56.0584122],[60.7789632,56.0578734],[60.7769821,56.0566598],[60.7771331,56.0564614]]]}},{"type":"Feature","properties":{"id":51400872,"landuse":"allotments"},"geometry":{"type":"Polygon","coordinates":[[[60.7646879,56.0305045],[60.7650395,56.0304732],[60.7652369,56.0304534],[60.7653175,56.0304525],[60.7672537,56.0304108],[60.7672221,56.0295753],[60.7684717,56.0296603],[60.7703381,56.0300229],[60.7713313,56.030457],[60.7732399,56.0311215],[60.773324,56.0313339],[60.7733598,56.0313908],[60.7736011,56.0319736],[60.7745951,56.0340582],[60.7773754,56.0336636],[60.7783176,56.0354577],[60.7803631,56.0341486],[60.7813402,56.0334848],[60.7823436,56.0326887],[60.7836401,56.0317433],[60.7918946,56.021904],[60.7769252,56.0184939],[60.7758877,56.0194658],[60.7742829,56.0223094],[60.7741327,56.0225183],[60.7737594,56.0226273],[60.7726512,56.0245748],[60.7727951,56.0248085],[60.7735639,56.0260573],[60.7740026,56.0264686],[60.7735941,56.0270413],[60.7733967,56.0273179],[60.7733285,56.0274135],[60.7721523,56.0272783],[60.7699625,56.0262838],[60.7675889,56.02668],[60.7655329,56.0260125],[60.7643822,56.0261301],[60.7631059,56.0262502],[60.762485,56.0267449],[60.7626724,56.0271553],[60.7626944,56.0272149],[60.762774,56.0274475],[60.7628685,56.0276714],[60.7629032,56.0280711],[60.7646361,56.0282816],[60.764478,56.0293851],[60.7646879,56.0305045]]]}},{"type":"Feature","properties":{"id":51400880,"landuse":"industrial"},"geometry":{"type":"Polygon","coordinates":[[[60.7749927,56.0343168],[60.7775187,56.0339404],[60.7782596,56.0352576],[60.7759357,56.0364806],[60.7749927,56.0343168]]]}},{"type":"Feature","properties":{"id":51400881,"landuse":"industrial"},"geometry":{"type":"Polygon","coordinates":[[[60.7741165,56.0528406],[60.7740763,56.0525021],[60.7738496,56.0505949],[60.7735383,56.0479747],[60.7698057,56.0480352],[60.770173,56.0519299],[60.772856,56.0528469],[60.7741165,56.0528406]]]}},{"type":"Feature","properties":{"id":51400882,"landuse":"natural_wood"},"geometry":{"type":"Polygon","coordinates":[[[60.7589474,56.0644571],[60.7693724,56.064252],[60.7694632,56.0649896],[60.7672477,56.0650375],[60.7673513,56.0653329],[60.7662215,56.0653357],[60.7660448,56.0651531],[60.7656113,56.0650188],[60.7653154,56.0652042],[60.7648187,56.0653262],[60.7646532,56.0651234],[60.7644943,56.0648741],[60.7641348,56.0650075],[60.7633542,56.0650529],[60.7624522,56.0650759],[60.7618399,56.0650807],[60.7614909,56.0648753],[60.7606231,56.0649001],[60.7601057,56.0649186],[60.7596002,56.0650999],[60.7589898,56.065209],[60.7589474,56.0644571]]]}},{"type":"Feature","properties":{"id":51400883,"landuse":"landfill"},"geometry":{"type":"Polygon","coordinates":[[[60.7811745,56.0464394],[60.7820265,56.0481598],[60.7858439,56.0475661],[60.784104,56.0440416],[60.7822257,56.0443707],[60.7802783,56.0447119],[60.7811745,56.0464394]]]}},{"type":"Feature","properties":{"id":52155292,"landuse":"grass"},"geometry":{"type":"Polygon","coordinates":[[[60.7705467,56.0700739],[60.7704892,56.0696017],[60.7709091,56.0698361],[60.7705467,56.0700739]]]}},{"type":"Feature","properties":{"id":52155293,"landuse":"grass"},"geometry":{"type":"Polygon","coordinates":[[[60.7710581,56.0698401],[60.7712716,56.0697146],[60.7716061,56.0697017],[60.7715872,56.0695062],[60.7705508,56.06954],[60.7710581,56.0698401]]]}},{"type":"Feature","properties":{"id":52155300,"landuse":"leisure_park"},"geometry":{"type":"Polygon","coordinates":[[[60.7373004,56.0881267],[60.7399941,56.0889951],[60.7400829,56.0889094],[60.7373892,56.088041],[60.7373004,56.0881267]]]}},{"type":"Feature","properties":{"id":59491637,"landuse":"leisure_stadium","sport":"hockey"},"geometry":{"type":"Polygon","coordinates":[[[60.7313876,56.0936646],[60.7314245,56.0937045],[60.7314871,56.0937231],[60.7317857,56.0937156],[60.731843,56.0936953],[60.7318625,56.0936514],[60.7318248,56.0932298],[60.7317923,56.0931986],[60.7317238,56.0931785],[60.7314414,56.093186],[60.7313848,56.0932086],[60.73135,56.093243],[60.7313876,56.0936646]]]}},{"type":"Feature","properties":{"id":59491642,"landuse":"leisure_stadium","name":"Комсомолец"},"geometry":{"type":"Polygon","coordinates":[[[60.7456694,56.0845978],[60.7470267,56.0841891],[60.7466245,56.0837733],[60.7452672,56.0841819],[60.7456694,56.0845978]]]}},{"type":"Feature","properties":{"id":59491661,"landuse":"leisure_stadium","sport":"hockey"},"geometry":{"type":"Polygon","coordinates":[[[60.7309896,56.0943714],[60.7310264,56.0944113],[60.7310891,56.0944299],[60.7313876,56.0944224],[60.731445,56.0944021],[60.7314644,56.0943582],[60.7314268,56.0939366],[60.7313943,56.0939054],[60.7313257,56.0938853],[60.7310434,56.0938928],[60.7309867,56.0939153],[60.7309519,56.0939498],[60.7309896,56.0943714]]]}},{"type":"Feature","properties":{"id":59491668,"landuse":"leisure_pitch"},"geometry":{"type":"Polygon","coordinates":[[[60.732609,56.0952078],[60.7334625,56.0951895],[60.7334403,56.094867],[60.7325867,56.0948853],[60.732609,56.0952078]]]}},{"type":"Feature","properties":{"id":59491669,"landuse":"leisure_pitch"},"geometry":{"type":"Polygon","coordinates":[[[60.7325697,56.0947536],[60.7334166,56.0947317],[60.7333847,56.0943499],[60.7325378,56.0943718],[60.7325697,56.0947536]]]}},{"type":"Feature","properties":{"id":59491671,"landuse":"leisure_pitch"},"geometry":{"type":"Polygon","coordinates":[[[60.7266251,56.0847304],[60.7270352,56.0847154],[60.7270238,56.0846181],[60.7266137,56.0846331],[60.7266251,56.0847304]]]}},{"type":"Feature","properties":{"id":59491689,"landuse":"leisure_stadium","name":"400 м","sport":"soccer"},"geometry":{"type":"Polygon","coordinates":[[[60.7347207,56.0942128],[60.7348743,56.0943036],[60.7351028,56.0943659],[60.7353798,56.0943732],[60.7356569,56.0943358],[60.7358289,56.0942786],[60.7359219,56.0941911],[60.735993,56.0940765],[60.7358841,56.0931152],[60.7358145,56.0930349],[60.735722,56.0929599],[60.7355642,56.0929026],[60.7353848,56.0928593],[60.7351842,56.0928533],[60.7349714,56.0928752],[60.7346852,56.0929529],[60.7345591,56.0930467],[60.7345119,56.0931682],[60.7346616,56.0941329],[60.7347207,56.0942128]]]}},{"type":"Feature","properties":{"id":59491693,"landuse":"leisure_sports_centre"},"geometry":{"type":"Polygon","coordinates":[[[60.7365485,56.0928614],[60.7371909,56.0928406],[60.7371216,56.0921774],[60.7364793,56.0921982],[60.7365485,56.0928614]]]}},{"type":"Feature","properties":{"id":59865767,"landuse":"natural_wood"},"geometry":{"type":"Polygon","coordinates":[[[60.6852179,56.0783586],[60.6847612,56.0735925],[60.6859636,56.0735511],[60.6858906,56.0717881],[60.6844626,56.0718037],[60.6843596,56.0706791],[60.6868197,56.070715],[60.6867709,56.0717922],[60.6885001,56.0718288],[60.6894847,56.0723524],[60.6893175,56.0729582],[60.6911839,56.0747987],[60.69597,56.0717503],[60.6930273,56.0704402],[60.6924331,56.0706326],[60.6912101,56.0699661],[60.6871677,56.069934],[60.6867012,56.0701513],[60.6859684,56.0701801],[60.6857852,56.070554],[60.6852413,56.070538],[60.6848634,56.07026],[60.6844375,56.0699627],[60.684302,56.0670425],[60.7007245,56.0663867],[60.7019239,56.0760003],[60.7105676,56.0758776],[60.7109599,56.0810825],[60.7068576,56.0813728],[60.7072337,56.0854729],[60.6967714,56.0856494],[60.6962525,56.0818424],[60.6911048,56.0797733],[60.6852179,56.0783586]]]}},{"type":"Feature","properties":{"id":59865769,"landuse":"allotments"},"geometry":{"type":"Polygon","coordinates":[[[60.7004594,56.0908866],[60.7009484,56.0904819],[60.7018027,56.0905847],[60.7025529,56.090783],[60.7041475,56.0908321],[60.7060435,56.0916166],[60.7046682,56.0924866],[60.70263,56.0918221],[60.7004594,56.0908866]]]}},{"type":"Feature","properties":{"id":59865770,"landuse":"allotments"},"geometry":{"type":"Polygon","coordinates":[[[60.7053485,56.0885803],[60.7074143,56.0873957],[60.7081784,56.0878181],[60.7088435,56.0877498],[60.7102122,56.0888567],[60.7098355,56.0890668],[60.7107282,56.0896999],[60.710637,56.090065],[60.7080044,56.0914578],[60.7073731,56.091629],[60.7064631,56.090659],[60.7065558,56.0898565],[60.7056856,56.0891941],[60.7053485,56.0885803]]]}},{"type":"Feature","properties":{"id":59865773,"landuse":"natural_wood"},"geometry":{"type":"Polygon","coordinates":[[[60.7115506,56.0850563],[60.711323,56.0850828],[60.7076214,56.0854343],[60.7073405,56.0815049],[60.7111496,56.0814541],[60.7115506,56.0850563]]]}},{"type":"Feature","properties":{"id":59865774,"landuse":"natural_wood"},"geometry":{"type":"Polygon","coordinates":[[[60.7190686,56.0811063],[60.7194434,56.0825671],[60.7185422,56.0841311],[60.7184028,56.0842365],[60.7174469,56.0842917],[60.7146767,56.0842734],[60.712071,56.08515],[60.7116931,56.0814362],[60.7190686,56.0811063]]]}},{"type":"Feature","properties":{"id":61113552,"landuse":"natural_wood"},"geometry":{"type":"Polygon","coordinates":[[[60.7358291,56.083892],[60.7359707,56.0840049],[60.7364157,56.083986],[60.7364023,56.0836888],[60.7366248,56.0836813],[60.7366383,56.0838656],[60.7366407,56.0840034],[60.7368755,56.0839937],[60.736841,56.0836605],[60.7376247,56.0836239],[60.7375453,56.0834543],[60.7373588,56.0834948],[60.7372622,56.0834447],[60.737345,56.0833156],[60.7375394,56.0833636],[60.7375327,56.0832131],[60.7373236,56.0831115],[60.7373169,56.08304],[60.7376068,56.0830363],[60.737708,56.083548],[60.7377912,56.0835764],[60.7378464,56.0835702],[60.7377829,56.0829799],[60.7377359,56.0829676],[60.7368991,56.0829938],[60.7368438,56.0830447],[60.7368576,56.0830971],[60.7369184,56.0831202],[60.736935,56.0833221],[60.7369184,56.0833498],[60.7365234,56.0833637],[60.736424,56.0833282],[60.7363881,56.0833406],[60.7362721,56.0834253],[60.7362749,56.0834623],[60.7361837,56.0835702],[60.7361064,56.0836411],[60.735891,56.0837428],[60.735833,56.0838353],[60.7358291,56.083892]]]}},{"type":"Feature","properties":{"id":61113553,"landuse":"natural_wood"},"geometry":{"type":"Polygon","coordinates":[[[60.7370698,56.0846407],[60.7375081,56.0846031],[60.7378385,56.0844789],[60.7377913,56.0843059],[60.7376316,56.0842314],[60.7372991,56.0840763],[60.7369956,56.0841666],[60.7370698,56.0846407]]]}},{"type":"Feature","properties":{"id":61113556,"landuse":"natural_wood"},"geometry":{"type":"Polygon","coordinates":[[[60.7332462,56.0848355],[60.7340048,56.0848101],[60.7339244,56.0841362],[60.7331633,56.0841657],[60.7332462,56.0848355]]]}},{"type":"Feature","properties":{"id":61113559,"landuse":"natural_wood"},"geometry":{"type":"Polygon","coordinates":[[[60.7348205,56.0848264],[60.7356736,56.0847865],[60.7355973,56.0842782],[60.7347442,56.0843181],[60.7348205,56.0848264]]]}},{"type":"Feature","properties":{"id":75908064,"landuse":"grass"},"geometry":{"type":"Polygon","coordinates":[[[60.7717878,56.0704884],[60.7718277,56.0704432],[60.7711262,56.0704667],[60.7711748,56.0705119],[60.7717878,56.0704884]]]}},{"type":"Feature","properties":{"id":75908105,"landuse":"grass"},"geometry":{"type":"Polygon","coordinates":[[[60.7533713,56.072632],[60.7534921,56.072628],[60.7534283,56.0720404],[60.7533746,56.0720426],[60.7533109,56.0720774],[60.7533713,56.072632]]]}},{"type":"Feature","properties":{"id":75908115,"landuse":"grass"},"geometry":{"type":"Polygon","coordinates":[[[60.7720074,56.0704818],[60.7725383,56.0704636],[60.7725202,56.0702987],[60.7719893,56.0703169],[60.7720074,56.0704818]]]}},{"type":"Feature","properties":{"id":75908118,"landuse":"grass"},"geometry":{"type":"Polygon","coordinates":[[[60.7533062,56.0719454],[60.7533797,56.071987],[60.7534408,56.0719852],[60.7533527,56.0711261],[60.7532266,56.0711277],[60.7533062,56.0719454]]]}},{"type":"Feature","properties":{"id":76762199,"landuse":"grass"},"geometry":{"type":"Polygon","coordinates":[[[60.7357421,56.0920999],[60.7357493,56.0921671],[60.7358747,56.0921629],[60.7358675,56.0920957],[60.7357421,56.0920999]]]}},{"type":"Feature","properties":{"id":76762203,"landuse":"grass"},"geometry":{"type":"Polygon","coordinates":[[[60.7372355,56.0921289],[60.7372266,56.0920185],[60.7363694,56.0920441],[60.7363712,56.0921043],[60.7367406,56.0921003],[60.7367476,56.0921487],[60.7372355,56.0921289]]]}},{"type":"Feature","properties":{"id":76762213,"landuse":"grass"},"geometry":{"type":"Polygon","coordinates":[[[60.735758,56.0921995],[60.7357652,56.0922667],[60.7358906,56.0922625],[60.7358835,56.0921953],[60.735758,56.0921995]]]}},{"type":"Feature","properties":{"id":76762215,"landuse":"grass"},"geometry":{"type":"Polygon","coordinates":[[[60.7359542,56.0919924],[60.7359614,56.0920596],[60.7360868,56.0920555],[60.7360796,56.0919882],[60.7359542,56.0919924]]]}},{"type":"Feature","properties":{"id":76762225,"landuse":"grass"},"geometry":{"type":"Polygon","coordinates":[[[60.736369,56.0920206],[60.7366518,56.0920112],[60.7366439,56.0918313],[60.7372038,56.0918124],[60.7372027,56.0917758],[60.7370081,56.0916439],[60.7364245,56.0917796],[60.7363408,56.0917916],[60.736369,56.0920206]]]}},{"type":"Feature","properties":{"id":76762231,"landuse":"grass"},"geometry":{"type":"Polygon","coordinates":[[[60.7361751,56.0919855],[60.7361823,56.0920527],[60.7363078,56.0920486],[60.7363006,56.0919813],[60.7361751,56.0919855]]]}},{"type":"Feature","properties":{"id":76762233,"landuse":"grass"},"geometry":{"type":"Polygon","coordinates":[[[60.7357298,56.0920003],[60.7357369,56.0920675],[60.7358624,56.0920633],[60.7358552,56.0919961],[60.7357298,56.0920003]]]}},{"type":"Feature","properties":{"id":76762240,"landuse":"grass"},"geometry":{"type":"Polygon","coordinates":[[[60.744611,56.0763053],[60.7454813,56.0762769],[60.7454569,56.0763202],[60.7446157,56.0763487],[60.744611,56.0763053]]]}},{"type":"Feature","properties":{"id":76776564,"landuse":"natural_wood"},"geometry":{"type":"Polygon","coordinates":[[[60.7389939,56.0724894],[60.7398609,56.0724863],[60.7397618,56.0716416],[60.7391186,56.0712266],[60.7388012,56.071236],[60.7389939,56.0724894]]]}},{"type":"Feature","properties":{"id":76776568,"landuse":"natural_wood"},"geometry":{"type":"Polygon","coordinates":[[[60.7397535,56.0713479],[60.739585,56.0692471],[60.7387928,56.0698838],[60.7388764,56.0705692],[60.7397535,56.0713479]]]}},{"type":"Feature","properties":{"id":77042600,"landuse":"forest"},"geometry":{"type":"Polygon","coordinates":[[[60.730602,56.0736253],[60.7307594,56.0741868],[60.7308286,56.0742897],[60.7309745,56.0743904],[60.7310628,56.0744011],[60.7310628,56.0746604],[60.7309092,56.0747376],[60.7304561,56.0747569],[60.73043,56.0747114],[60.7304633,56.0746088],[60.730511,56.0736974],[60.730602,56.0736253]]]}},{"type":"Feature","properties":{"id":77042602,"landuse":"railway"},"geometry":{"type":"Polygon","coordinates":[[[60.7454995,56.0501743],[60.7477962,56.0483484],[60.7504211,56.0493105],[60.7504211,56.0496508],[60.7489045,56.0509545],[60.7463104,56.0504798],[60.7454995,56.0501743]]]}},{"type":"Feature","properties":{"id":77042605,"landuse":"forest"},"geometry":{"type":"Polygon","coordinates":[[[60.7275872,56.075894],[60.7276592,56.0760246],[60.7278631,56.0760715],[60.7281631,56.0760749],[60.7287271,56.0760782],[60.7288891,56.0760414],[60.7289671,56.0759074],[60.7289791,56.0757065],[60.7289791,56.0755625],[60.7290271,56.0753148],[60.7290691,56.0751942],[60.7292731,56.0751339],[60.7296691,56.0751172],[60.7298011,56.0750435],[60.7298491,56.0749297],[60.7299631,56.0743002],[60.7299331,56.0742332],[60.7298971,56.0741294],[60.7294411,56.0741294],[60.7291711,56.0742968],[60.7289131,56.0743537],[60.7285831,56.0744308],[60.7281931,56.0745245],[60.7278211,56.0746417],[60.7276952,56.0746886],[60.7276472,56.0750368],[60.7275812,56.0756563],[60.7275872,56.075894]]]}},{"type":"Feature","properties":{"id":77042610,"landuse":"grass"},"geometry":{"type":"Polygon","coordinates":[[[60.7492678,56.0482256],[60.7492314,56.0481935],[60.7492414,56.048154],[60.7492973,56.0481278],[60.7493789,56.0481318],[60.7494175,56.048153],[60.7494278,56.0481951],[60.7493955,56.0482241],[60.7493313,56.0482375],[60.7492678,56.0482256]]]}},{"type":"Feature","properties":{"id":77907951,"landuse":"natural_wood"},"geometry":{"type":"Polygon","coordinates":[[[60.6790556,56.0545302],[60.6786792,56.0538295],[60.6790054,56.0528626],[60.6779012,56.0525262],[60.6785788,56.0515312],[60.6793066,56.0515592],[60.6808124,56.0520077],[60.6819166,56.05233],[60.6832216,56.052358],[60.6837436,56.0523249],[60.6838026,56.053252],[60.6834094,56.0533626],[60.6834228,56.0538389],[60.6839089,56.0537793],[60.6839287,56.0541618],[60.6875223,56.0539356],[60.6875024,56.0530395],[60.6882733,56.0530395],[60.6902201,56.0541969],[60.6883002,56.0542262],[60.6790556,56.0545302]]]}},{"type":"Feature","properties":{"id":78802084,"landuse":"leisure_park"},"geometry":{"type":"Polygon","coordinates":[[[60.7360566,56.0895033],[60.7381825,56.0901447],[60.7386187,56.0896842],[60.7381995,56.0895374],[60.7383955,56.0893795],[60.7389149,56.0895462],[60.7391961,56.0892623],[60.7384557,56.0890231],[60.7381422,56.089333],[60.7373487,56.0890881],[60.7376694,56.0887762],[60.7369876,56.0885579],[60.7367432,56.0888195],[60.7373144,56.0890183],[60.7371153,56.0892222],[60.7365227,56.0890314],[60.7360566,56.0895033]]]}},{"type":"Feature","properties":{"id":78802129,"landuse":"leisure_park"},"geometry":{"type":"Polygon","coordinates":[[[60.7339586,56.0878595],[60.7335945,56.0878722],[60.7336402,56.0882818],[60.7340044,56.0882691],[60.7339727,56.0879858],[60.7339269,56.0879876],[60.7339173,56.0879098],[60.7339635,56.087908],[60.7339586,56.0878595]]]}},{"type":"Feature","properties":{"id":78802152,"landuse":"leisure_park"},"geometry":{"type":"Polygon","coordinates":[[[60.7352698,56.0879367],[60.7349512,56.0878598],[60.7350695,56.0888556],[60.7341124,56.0888888],[60.7337985,56.0888997],[60.733918,56.0893809],[60.7345418,56.0893421],[60.7344447,56.0891296],[60.7349121,56.0888793],[60.7352636,56.0889681],[60.7357637,56.0884801],[60.7353907,56.0883664],[60.7352698,56.0879367]]]}},{"type":"Feature","properties":{"id":78802165,"landuse":"grass"},"geometry":{"type":"Polygon","coordinates":[[[60.7339298,56.0874356],[60.7339257,56.0873883],[60.7336406,56.0873965],[60.733628,56.0872599],[60.7335511,56.087262],[60.7335671,56.0874454],[60.7339298,56.0874356]]]}},{"type":"Feature","properties":{"id":78802172,"landuse":"leisure_park"},"geometry":{"type":"Polygon","coordinates":[[[60.7341223,56.0909467],[60.7341086,56.0908286],[60.7340153,56.090832],[60.7340291,56.0909501],[60.7341223,56.0909467]]]}},{"type":"Feature","properties":{"id":78802173,"landuse":"leisure_park"},"geometry":{"type":"Polygon","coordinates":[[[60.7334944,56.0885901],[60.7334781,56.088444],[60.7333024,56.0884501],[60.7333187,56.0885962],[60.7334944,56.0885901]]]}},{"type":"Feature","properties":{"id":78802202,"landuse":"leisure_park"},"geometry":{"type":"Polygon","coordinates":[[[60.7364506,56.0873663],[60.7357881,56.0871646],[60.7357234,56.0872307],[60.7363859,56.0874324],[60.7364506,56.0873663]]]}},{"type":"Feature","properties":{"id":78802205,"landuse":"grass"},"geometry":{"type":"Polygon","coordinates":[[[60.7336057,56.0870177],[60.7335944,56.0868945],[60.7338797,56.0868864],[60.7338761,56.0868465],[60.7335037,56.086856],[60.733517,56.0870199],[60.7336057,56.0870177]]]}},{"type":"Feature","properties":{"id":78802209,"landuse":"leisure_park"},"geometry":{"type":"Polygon","coordinates":[[[60.7335149,56.088847],[60.7334986,56.0887009],[60.733323,56.088707],[60.7333393,56.0888531],[60.7335149,56.088847]]]}},{"type":"Feature","properties":{"id":78802219,"landuse":"leisure_park"},"geometry":{"type":"Polygon","coordinates":[[[60.7340893,56.0907989],[60.7340755,56.0906808],[60.7339823,56.0906842],[60.733996,56.0908022],[60.7340893,56.0907989]]]}},{"type":"Feature","properties":{"id":78802245,"landuse":"leisure_park"},"geometry":{"type":"Polygon","coordinates":[[[60.7361458,56.0876681],[60.7354832,56.0874664],[60.7354186,56.0875325],[60.7360811,56.0877342],[60.7361458,56.0876681]]]}},{"type":"Feature","properties":{"id":79640831,"landuse":"leisure_park"},"geometry":{"type":"Polygon","coordinates":[[[60.7375925,56.0910645],[60.7377559,56.0912004],[60.7372235,56.0913996],[60.7370601,56.0912638],[60.7375925,56.0910645]]]}},{"type":"Feature","properties":{"id":79640837,"landuse":"grass"},"geometry":{"type":"Polygon","coordinates":[[[60.7414264,56.0871848],[60.7416388,56.0872511],[60.7417471,56.0871431],[60.7415347,56.0870768],[60.7414264,56.0871848]]]}},{"type":"Feature","properties":{"id":79640840,"landuse":"grass"},"geometry":{"type":"Polygon","coordinates":[[[60.7393546,56.087947],[60.7394326,56.0878716],[60.7391668,56.0877859],[60.7390888,56.0878613],[60.7393546,56.087947]]]}},{"type":"Feature","properties":{"id":79640847,"landuse":"leisure_park"},"geometry":{"type":"Polygon","coordinates":[[[60.7370208,56.0871211],[60.7372622,56.0868986],[60.7370176,56.0866111],[60.7358832,56.0866465],[60.7357626,56.0867191],[60.7370208,56.0871211]]]}},{"type":"Feature","properties":{"id":79640848,"landuse":"leisure_park"},"geometry":{"type":"Polygon","coordinates":[[[60.7387137,56.0877379],[60.7389599,56.0874972],[60.7384621,56.0873387],[60.738888,56.0869222],[60.7391547,56.0870071],[60.7392184,56.0869448],[60.7387487,56.0867954],[60.738013,56.0875149],[60.7387137,56.0877379]]]}},{"type":"Feature","properties":{"id":79640851,"landuse":"leisure_pitch"},"geometry":{"type":"Polygon","coordinates":[[[60.739888,56.0868311],[60.7402415,56.0869408],[60.740646,56.086535],[60.7402924,56.0864253],[60.739888,56.0868311]]]}},{"type":"Feature","properties":{"id":79640853,"landuse":"grass"},"geometry":{"type":"Polygon","coordinates":[[[60.7417209,56.0869227],[60.7419185,56.0869869],[60.7420078,56.0869014],[60.7418102,56.0868372],[60.7417209,56.0869227]]]}},{"type":"Feature","properties":{"id":79640856,"landuse":"leisure_park"},"geometry":{"type":"Polygon","coordinates":[[[60.7373902,56.0910508],[60.7374821,56.0909791],[60.7372683,56.0908524],[60.7371782,56.0908868],[60.7373902,56.0910508]]]}},{"type":"Feature","properties":{"id":79640859,"landuse":"leisure_park"},"geometry":{"type":"Polygon","coordinates":[[[60.7393742,56.0879578],[60.7401714,56.0882148],[60.7406487,56.0877539],[60.7398515,56.0874969],[60.7393742,56.0879578]]]}},{"type":"Feature","properties":{"id":79640860,"landuse":"leisure_park"},"geometry":{"type":"Polygon","coordinates":[[[60.7346393,56.0900913],[60.7346792,56.090449],[60.7351984,56.090427],[60.7351658,56.090176],[60.7351913,56.0900433],[60.7358338,56.089814],[60.7364933,56.0900151],[60.7380841,56.0905],[60.7375427,56.090933],[60.7373699,56.0908675],[60.7374445,56.0907963],[60.7373403,56.0907196],[60.7372335,56.090762],[60.7371034,56.0907191],[60.7370284,56.0907501],[60.7366386,56.09043],[60.7363158,56.0905519],[60.7367233,56.0908759],[60.7364273,56.0909901],[60.7360031,56.0906641],[60.7355188,56.0908406],[60.7355449,56.0912227],[60.7361873,56.0911463],[60.7364711,56.0913737],[60.735377,56.0915116],[60.7353245,56.091118],[60.7348578,56.0911344],[60.7348969,56.0915601],[60.7342393,56.0915857],[60.7341904,56.0911053],[60.7346853,56.0910941],[60.734662,56.0906317],[60.7341295,56.0906437],[60.7340791,56.0901082],[60.7346393,56.0900913]]]}},{"type":"Feature","properties":{"id":79640862,"landuse":"grass"},"geometry":{"type":"Polygon","coordinates":[[[60.7390338,56.0878397],[60.7391118,56.0877643],[60.738846,56.0876787],[60.738768,56.087754],[60.7390338,56.0878397]]]}},{"type":"Feature","properties":{"id":79640863,"landuse":"leisure_park"},"geometry":{"type":"Polygon","coordinates":[[[60.7369802,56.0912988],[60.7371436,56.0914346],[60.7366112,56.0916339],[60.7364478,56.0914981],[60.7369802,56.0912988]]]}},{"type":"Feature","properties":{"id":79640866,"landuse":"leisure_pitch"},"geometry":{"type":"Polygon","coordinates":[[[60.7371328,56.0895145],[60.7371536,56.0895294],[60.7377321,56.0897131],[60.7377687,56.0897163],[60.7377919,56.0897065],[60.7379491,56.0895525],[60.7379571,56.0895375],[60.7379396,56.0895246],[60.7373506,56.0893376],[60.7373109,56.0893343],[60.737283,56.0893456],[60.7371309,56.0894947],[60.7371328,56.0895145]]]}},{"type":"Feature","properties":{"id":79640872,"landuse":"leisure_park"},"geometry":{"type":"Polygon","coordinates":[[[60.7407302,56.0876791],[60.7412145,56.0871977],[60.7405779,56.0869983],[60.7410397,56.0865558],[60.7416554,56.0867494],[60.7420155,56.0863753],[60.7413789,56.0861773],[60.7415902,56.0859604],[60.7422294,56.0861671],[60.7427756,56.0856128],[60.7427183,56.0852107],[60.7418219,56.0852504],[60.7418622,56.0856594],[60.7404845,56.0856966],[60.7398412,56.0868409],[60.7389807,56.0865637],[60.738781,56.0867684],[60.7392457,56.0869208],[60.7392905,56.0868781],[60.740319,56.0872017],[60.7400781,56.0874837],[60.7407302,56.0876791]]]}},{"type":"Feature","properties":{"id":79892105,"landuse":"recreation_ground"},"geometry":{"type":"Polygon","coordinates":[[[60.7283776,56.0866884],[60.7282567,56.0866935],[60.728211,56.086358],[60.7303639,56.0862667],[60.7304096,56.0866022],[60.7302651,56.0866083],[60.7302461,56.0864686],[60.7283586,56.0865487],[60.7283776,56.0866884]]]}},{"type":"Feature","properties":{"id":79892110,"landuse":"grass"},"geometry":{"type":"Polygon","coordinates":[[[60.730869,56.0859544],[60.730533,56.0859845],[60.7306013,56.0866055],[60.7307155,56.0866318],[60.7306961,56.0864262],[60.7306867,56.0863259],[60.7306814,56.0862697],[60.7306794,56.0862485],[60.7306612,56.0860717],[60.7308803,56.0860647],[60.730869,56.0859544]]]}},{"type":"Feature","properties":{"id":79892113,"landuse":"leisure_park"},"geometry":{"type":"Polygon","coordinates":[[[60.731733,56.0902371],[60.7317638,56.0906944],[60.7322551,56.0906843],[60.7321993,56.0902228],[60.731733,56.0902371]]]}},{"type":"Feature","properties":{"id":79892115,"landuse":"recreation_ground"},"geometry":{"type":"Polygon","coordinates":[[[60.7283133,56.0862162],[60.7281924,56.0862214],[60.7281466,56.0858859],[60.7302996,56.0857945],[60.7303453,56.08613],[60.7302008,56.0861361],[60.7301818,56.0859965],[60.7282942,56.0860766],[60.7283133,56.0862162]]]}},{"type":"Feature","properties":{"id":79892122,"landuse":"recreation_ground"},"geometry":{"type":"Polygon","coordinates":[[[60.7284255,56.0871417],[60.7283046,56.0871468],[60.7282589,56.0868113],[60.7304119,56.08672],[60.7304576,56.0870555],[60.7303131,56.0870616],[60.730294,56.0869219],[60.7284065,56.087002],[60.7284255,56.0871417]]]}},{"type":"Feature","properties":{"id":80370382,"landuse":"garages"},"geometry":{"type":"Polygon","coordinates":[[[60.7765856,56.0680882],[60.778168,56.0680383],[60.77673,56.065273],[60.7755191,56.065442],[60.7765856,56.0680882]]]}},{"type":"Feature","properties":{"id":80510259,"landuse":"grass"},"geometry":{"type":"Polygon","coordinates":[[[60.7212276,56.0861113],[60.7212318,56.0859103],[60.7210063,56.0859234],[60.7212276,56.0861113]]]}},{"type":"Feature","properties":{"id":80860310,"landuse":"grass"},"geometry":{"type":"Polygon","coordinates":[[[60.7429529,56.0797211],[60.7436804,56.079686],[60.743686,56.0797604],[60.7434633,56.0798445],[60.7435063,56.0801501],[60.7437258,56.0801449],[60.7437387,56.0802481],[60.7440862,56.0802279],[60.7441017,56.0805064],[60.7439279,56.0805208],[60.7431009,56.0805479],[60.7429529,56.0797211]]]}},{"type":"Feature","properties":{"id":80860322,"landuse":"grass"},"geometry":{"type":"Polygon","coordinates":[[[60.7437302,56.0820339],[60.7438448,56.0821142],[60.7438759,56.0821192],[60.7439013,56.0821201],[60.7439277,56.0821148],[60.7441438,56.0820167],[60.7441431,56.0819998],[60.7439172,56.0820107],[60.7438836,56.0819928],[60.7437626,56.0819986],[60.7437314,56.0820154],[60.7437302,56.0820339]]]}},{"type":"Feature","properties":{"id":80860330,"landuse":"grass"},"geometry":{"type":"Polygon","coordinates":[[[60.7439394,56.082295],[60.7439345,56.082206],[60.7439493,56.0821838],[60.7439853,56.0821583],[60.7442088,56.0820614],[60.7444865,56.0823234],[60.744008,56.0823434],[60.7439753,56.0823334],[60.7439525,56.0823133],[60.7439394,56.082295]]]}},{"type":"Feature","properties":{"id":80860336,"landuse":"grass"},"geometry":{"type":"Polygon","coordinates":[[[60.7438038,56.0823527],[60.7434053,56.0823664],[60.743265,56.0823032],[60.7432411,56.0820124],[60.7431755,56.0818581],[60.7431956,56.0817897],[60.7433625,56.0817882],[60.7433967,56.0820161],[60.7435829,56.0820074],[60.7438472,56.08221],[60.7438591,56.0822921],[60.7438548,56.0823104],[60.7438418,56.0823331],[60.7438038,56.0823527]]]}},{"type":"Feature","properties":{"id":80860340,"landuse":"grass"},"geometry":{"type":"Polygon","coordinates":[[[60.7418765,56.0822326],[60.7419026,56.0824294],[60.7413287,56.0824532],[60.7413026,56.0822563],[60.7418765,56.0822326]]]}},{"type":"Feature","properties":{"id":80860345,"landuse":"grass"},"geometry":{"type":"Polygon","coordinates":[[[60.7420148,56.0822349],[60.7420019,56.0821492],[60.7424482,56.0819614],[60.7424675,56.0820821],[60.7420836,56.0822281],[60.7420148,56.0822349]]]}},{"type":"Feature","properties":{"id":80860346,"landuse":"grass"},"geometry":{"type":"Polygon","coordinates":[[[60.7399933,56.0804306],[60.7392128,56.0804682],[60.7391923,56.0803229],[60.7384896,56.0803548],[60.7384809,56.0802955],[60.7384711,56.0802708],[60.7393987,56.0802352],[60.7394393,56.0802535],[60.7394494,56.0803253],[60.7399864,56.080306],[60.7399933,56.0804306]]]}},{"type":"Feature","properties":{"id":81637817,"landuse":"natural_wood"},"geometry":{"type":"Polygon","coordinates":[[[60.7162132,56.0856403],[60.7162034,56.0851624],[60.7168889,56.0851535],[60.7168621,56.0843827],[60.717404,56.0843667],[60.7174737,56.0855941],[60.7162132,56.0856403]]]}},{"type":"Feature","properties":{"id":82660084,"landuse":"grass"},"geometry":{"type":"Polygon","coordinates":[[[60.7341186,56.0940349],[60.7341664,56.0943317],[60.7339012,56.094043],[60.7341186,56.0940349]]]}},{"type":"Feature","properties":{"id":82660087,"landuse":"grass"},"geometry":{"type":"Polygon","coordinates":[[[60.7336388,56.0938021],[60.7337055,56.0943551],[60.7341374,56.0943454],[60.7336388,56.0938021]]]}},{"type":"Feature","properties":{"id":82660088,"landuse":"grass"},"geometry":{"type":"Polygon","coordinates":[[[60.734042,56.0934354],[60.7340817,56.0937102],[60.73364,56.0937292],[60.7336174,56.0935965],[60.734042,56.0934354]]]}},{"type":"Feature","properties":{"id":82660092,"landuse":"natural_wood"},"geometry":{"type":"Polygon","coordinates":[[[60.7336185,56.0924572],[60.734581,56.0924209],[60.7345895,56.0925772],[60.7341304,56.0925955],[60.7341521,56.0928001],[60.7336492,56.092733],[60.7336185,56.0924572]]]}},{"type":"Feature","properties":{"id":82660094,"landuse":"natural_wood"},"geometry":{"type":"Polygon","coordinates":[[[60.733383,56.0937309],[60.7332896,56.0930503],[60.7322139,56.0930976],[60.7322875,56.0937657],[60.733383,56.0937309]]]}},{"type":"Feature","properties":{"id":82660096,"landuse":"grass"},"geometry":{"type":"Polygon","coordinates":[[[60.731883,56.0926804],[60.7320195,56.0927606],[60.7317754,56.0928796],[60.7318131,56.0931068],[60.7313099,56.0931249],[60.7313568,56.092937],[60.7314725,56.092882],[60.7313512,56.0928062],[60.7316795,56.0926502],[60.7317935,56.092724],[60.731883,56.0926804]]]}},{"type":"Feature","properties":{"id":82660098,"landuse":"natural_wood"},"geometry":{"type":"Polygon","coordinates":[[[60.7336474,56.092405],[60.7350323,56.0923622],[60.7350662,56.0921111],[60.7344018,56.0919953],[60.7343336,56.0920584],[60.7336381,56.0921012],[60.7336474,56.092405]]]}},{"type":"Feature","properties":{"id":82660100,"landuse":"leisure_pitch"},"geometry":{"type":"Polygon","coordinates":[[[60.7325735,56.09364],[60.7330226,56.0936278],[60.7330016,56.0933865],[60.7325525,56.0933987],[60.7325735,56.09364]]]}},{"type":"Feature","properties":{"id":82660102,"landuse":"grass"},"geometry":{"type":"Polygon","coordinates":[[[60.7335302,56.0927529],[60.7335621,56.0929965],[60.7339867,56.0929176],[60.7339747,56.0928113],[60.7335302,56.0927529]]]}},{"type":"Feature","properties":{"id":82660103,"landuse":"leisure_pitch"},"geometry":{"type":"Polygon","coordinates":[[[60.7351262,56.0946315],[60.7351891,56.0955132],[60.7341889,56.0955354],[60.7341261,56.0946537],[60.7351262,56.0946315]]]}},{"type":"Feature","properties":{"id":82660104,"landuse":"leisure_pitch"},"geometry":{"type":"Polygon","coordinates":[[[60.7317912,56.0946968],[60.7322581,56.0946851],[60.732237,56.0944244],[60.7317701,56.0944362],[60.7317912,56.0946968]]]}},{"type":"Feature","properties":{"id":82660105,"landuse":"natural_wood"},"geometry":{"type":"Polygon","coordinates":[[[60.7334509,56.0942986],[60.7333872,56.0937657],[60.7322159,56.0937972],[60.7321557,56.0932188],[60.7318707,56.0932309],[60.7319388,56.0938486],[60.7314344,56.0938705],[60.7314921,56.0944311],[60.7322598,56.0944109],[60.7322909,56.094732],[60.7325209,56.0947361],[60.7324848,56.094348],[60.7333846,56.0943237],[60.7334509,56.0942986]]]}},{"type":"Feature","properties":{"id":82660106,"landuse":"grass"},"geometry":{"type":"Polygon","coordinates":[[[60.73356,56.0937246],[60.733469,56.0930639],[60.7333759,56.0930679],[60.7334669,56.0937286],[60.73356,56.0937246]]]}},{"type":"Feature","properties":{"id":82660107,"landuse":"natural_wood"},"geometry":{"type":"Polygon","coordinates":[[[60.7377999,56.0936532],[60.7376599,56.0935588],[60.7374849,56.0932716],[60.7374389,56.092934],[60.7359987,56.0929952],[60.736119,56.0940849],[60.7360455,56.0942119],[60.7359436,56.0943104],[60.735767,56.0943837],[60.7352342,56.0946165],[60.7355117,56.095333],[60.7348576,56.0961761],[60.7343982,56.096365],[60.7345837,56.0964929],[60.7354367,56.0962416],[60.7360177,56.0962893],[60.7366712,56.0950608],[60.7370428,56.0946833],[60.7375161,56.093943],[60.7377999,56.0936532]]]}},{"type":"Feature","properties":{"id":82660108,"landuse":"grass"},"geometry":{"type":"Polygon","coordinates":[[[60.7340335,56.093347],[60.7339911,56.0929522],[60.7335579,56.0930374],[60.7340335,56.093347]]]}},{"type":"Feature","properties":{"id":82660109,"landuse":"grass"},"geometry":{"type":"Polygon","coordinates":[[[60.7335636,56.0930896],[60.7336174,56.0935602],[60.7340307,56.0933928],[60.7335636,56.0930896]]]}},{"type":"Feature","properties":{"id":82660110,"landuse":"grass"},"geometry":{"type":"Polygon","coordinates":[[[60.7334629,56.092983],[60.7334465,56.0928438],[60.7333534,56.0928473],[60.7333697,56.0929864],[60.7334629,56.092983]]]}},{"type":"Feature","properties":{"id":82660111,"landuse":"natural_wood"},"geometry":{"type":"Polygon","coordinates":[[[60.7332742,56.0930046],[60.7322082,56.0930514],[60.7321241,56.0927455],[60.7326859,56.0924938],[60.7331946,56.0924716],[60.7332742,56.0930046]]]}},{"type":"Feature","properties":{"id":82660113,"landuse":"grass"},"geometry":{"type":"Polygon","coordinates":[[[60.7340817,56.0937386],[60.7341185,56.0940118],[60.7338835,56.0940213],[60.7336514,56.0937576],[60.7340817,56.0937386]]]}},{"type":"Feature","properties":{"id":82660114,"landuse":"grass"},"geometry":{"type":"Polygon","coordinates":[[[60.7336492,56.092733],[60.7335216,56.0927168],[60.7334912,56.0924629],[60.7336185,56.0924572],[60.7336492,56.092733]]]}},{"type":"Feature","properties":{"id":82660115,"landuse":"natural_wood"},"geometry":{"type":"Polygon","coordinates":[[[60.7321572,56.0930518],[60.7320808,56.0927802],[60.7318232,56.092905],[60.7318373,56.0930092],[60.7319435,56.0930582],[60.7321572,56.0930518]]]}},{"type":"Feature","properties":{"id":82660116,"landuse":"grass"},"geometry":{"type":"Polygon","coordinates":[[[60.7336314,56.0943098],[60.733571,56.0938148],[60.7334779,56.0938184],[60.7335383,56.0943134],[60.7336314,56.0943098]]]}},{"type":"Feature","properties":{"id":82660117,"landuse":"natural_wood"},"geometry":{"type":"Polygon","coordinates":[[[60.7331264,56.0924317],[60.7330966,56.0921195],[60.7324292,56.0921477],[60.7322391,56.0920968],[60.7322844,56.0924332],[60.7324596,56.0925502],[60.7326769,56.0924509],[60.7331264,56.0924317]]]}},{"type":"Feature","properties":{"id":82660118,"landuse":"grass"},"geometry":{"type":"Polygon","coordinates":[[[60.7321448,56.0927005],[60.7324596,56.0925502],[60.7322844,56.0924332],[60.7322391,56.0920968],[60.7318614,56.0921059],[60.7320233,56.0922838],[60.7318466,56.0923653],[60.7321382,56.0925634],[60.7320222,56.0926197],[60.7321448,56.0927005]]]}},{"type":"Feature","properties":{"id":83047310,"landuse":"leisure_playground"},"geometry":{"type":"Polygon","coordinates":[[[60.7213822,56.0826092],[60.7210001,56.0824212],[60.7209944,56.082375],[60.7225906,56.0823298],[60.7226162,56.082571],[60.7213822,56.0826092]]]}},{"type":"Feature","properties":{"id":83047314,"landuse":"retail"},"geometry":{"type":"Polygon","coordinates":[[[60.7211339,56.0832022],[60.7211125,56.0830023],[60.7223207,56.0829675],[60.7223162,56.0828963],[60.7214401,56.0829227],[60.7214365,56.0828811],[60.721,56.0828926],[60.7210312,56.0832051],[60.7211339,56.0832022]]]}},{"type":"Feature","properties":{"id":84757762,"landuse":"grass"},"geometry":{"type":"Polygon","coordinates":[[[60.7254907,56.0803432],[60.7264708,56.0803035],[60.7263971,56.0802347],[60.725546,56.080266],[60.7254907,56.0803432]]]}},{"type":"Feature","properties":{"id":85674502,"landuse":"recreation_ground"},"geometry":{"type":"Polygon","coordinates":[[[60.7226287,56.0910417],[60.7230303,56.0910268],[60.7229516,56.0904534],[60.7226707,56.0904637],[60.7226754,56.0905044],[60.7226508,56.0905255],[60.7225604,56.090533],[60.7226287,56.0910417]]]}},{"type":"Feature","properties":{"id":90391431,"landuse":"leisure_pitch"},"geometry":{"type":"Polygon","coordinates":[[[60.7188002,56.0876377],[60.7188381,56.0876419],[60.7190021,56.0875959],[60.7190154,56.0875801],[60.7188274,56.0873614],[60.7187939,56.0873543],[60.7186229,56.0874008],[60.7186122,56.087419],[60.7188002,56.0876377]]]}},{"type":"Feature","properties":{"id":90391444,"landuse":"natural_wood"},"geometry":{"type":"Polygon","coordinates":[[[60.7233863,56.0909944],[60.7233009,56.0903378],[60.7240133,56.0903163],[60.7241037,56.0909731],[60.7233863,56.0909944]]]}},{"type":"Feature","properties":{"id":90391446,"landuse":"recreation_ground"},"geometry":{"type":"Polygon","coordinates":[[[60.7223764,56.0889393],[60.7226909,56.0889283],[60.7229028,56.0885164],[60.7227935,56.0884665],[60.7223896,56.0884794],[60.7223201,56.0885182],[60.7223764,56.0889393]]]}},{"type":"Feature","properties":{"id":90391454,"landuse":"leisure_pitch"},"geometry":{"type":"Polygon","coordinates":[[[60.7269361,56.0806923],[60.727308,56.0808446],[60.7276846,56.0805583],[60.7273126,56.0804059],[60.7269361,56.0806923]]]}},{"type":"Feature","properties":{"id":90391459,"landuse":"grass"},"geometry":{"type":"Polygon","coordinates":[[[60.7214036,56.0877741],[60.7212844,56.0877797],[60.7213276,56.0881625],[60.7214379,56.0881112],[60.7214036,56.0877741]]]}},{"type":"Feature","properties":{"id":90391462,"landuse":"forest"},"geometry":{"type":"Polygon","coordinates":[[[60.7220742,56.0901334],[60.7252307,56.0899914],[60.7252472,56.0900722],[60.7220906,56.0902082],[60.7220742,56.0901334]]]}},{"type":"Feature","properties":{"id":97195647,"landuse":"natural_wood"},"geometry":{"type":"Polygon","coordinates":[[[60.7131665,56.0628664],[60.7148322,56.062838],[60.7147061,56.0614243],[60.7139256,56.0608837],[60.7141401,56.0605603],[60.7129331,56.0605888],[60.7131665,56.0628664]]]}},{"type":"Feature","properties":{"id":97195648,"landuse":"natural_wood"},"geometry":{"type":"Polygon","coordinates":[[[60.7102649,56.064302],[60.7103911,56.0655603],[60.7106015,56.0656367],[60.714029,56.0654817],[60.7170169,56.0654411],[60.7171453,56.065364],[60.7171039,56.0650734],[60.7140843,56.065139],[60.7139531,56.0640388],[60.7137814,56.0640296],[60.7139021,56.06515],[60.7106681,56.0652654],[60.7105606,56.0642912],[60.7102649,56.064302]]]}},{"type":"Feature","properties":{"id":97195649,"landuse":"natural_wood"},"geometry":{"type":"Polygon","coordinates":[[[60.7154427,56.0368166],[60.7212427,56.034796],[60.7210281,56.0354195],[60.7192471,56.0356832],[60.7182386,56.035881],[60.7180669,56.0362107],[60.71826,56.0364984],[60.7178523,56.0373974],[60.7174661,56.0375533],[60.7164576,56.0372416],[60.7154427,56.0368166]]]}},{"type":"Feature","properties":{"id":97195651,"landuse":"natural_wood"},"geometry":{"type":"Polygon","coordinates":[[[60.7247831,56.0600571],[60.7259633,56.0599133],[60.7268002,56.0598283],[60.7269718,56.0596498],[60.7269933,56.0593503],[60.7270791,56.0589549],[60.7255342,56.0589549],[60.7251694,56.0589429],[60.7251265,56.0590867],[60.7248475,56.0592664],[60.7254483,56.0591945],[60.7258346,56.0591825],[60.7254054,56.0593862],[60.724869,56.0595539],[60.7249763,56.0596857],[60.7246973,56.0598175],[60.7247831,56.0600571]]]}},{"type":"Feature","properties":{"id":97195653,"landuse":"natural_wood"},"geometry":{"type":"Polygon","coordinates":[[[60.7129326,56.0604541],[60.7154276,56.0603446],[60.7153203,56.0595419],[60.7128946,56.0596308],[60.7129326,56.0604541]]]}},{"type":"Feature","properties":{"id":99572908,"landuse":"natural_wood"},"geometry":{"type":"Polygon","coordinates":[[[60.7556707,56.0808557],[60.756203,56.0808425],[60.7560837,56.079351],[60.7555513,56.0793642],[60.7556707,56.0808557]]]}},{"type":"Feature","properties":{"id":99572935,"landuse":"natural_wood"},"geometry":{"type":"Polygon","coordinates":[[[60.764666,56.0787276],[60.76352,56.0787544],[60.7635036,56.0786232],[60.7629447,56.0785452],[60.7629175,56.0783246],[60.7646385,56.0782903],[60.764666,56.0787276]]]}},{"type":"Feature","properties":{"id":102653313,"landuse":"grass"},"geometry":{"type":"Polygon","coordinates":[[[60.7222815,56.0790896],[60.7222472,56.0788792],[60.719841,56.0789808],[60.719866,56.0791898],[60.7222815,56.0790896]]]}},{"type":"Feature","properties":{"id":102653320,"landuse":"natural_wood"},"geometry":{"type":"Polygon","coordinates":[[[60.7209845,56.0805201],[60.7208863,56.0795161],[60.720317,56.0795334],[60.7204152,56.0805374],[60.7209845,56.0805201]]]}},{"type":"Feature","properties":{"id":102653323,"landuse":"natural_wood"},"geometry":{"type":"Polygon","coordinates":[[[60.7225071,56.0792252],[60.7239851,56.0791667],[60.7239346,56.0787691],[60.7224565,56.0788276],[60.7225071,56.0792252]]]}},{"type":"Feature","properties":{"id":102653326,"landuse":"natural_wood"},"geometry":{"type":"Polygon","coordinates":[[[60.7238732,56.0797797],[60.7238288,56.0795318],[60.7236748,56.0794585],[60.7224796,56.0795132],[60.7224017,56.0795702],[60.7224125,56.0797405],[60.7228847,56.0797228],[60.7229213,56.0800445],[60.7237397,56.0800102],[60.7238732,56.0797797]]]}},{"type":"Feature","properties":{"id":104477114,"landuse":"recreation_ground"},"geometry":{"type":"Polygon","coordinates":[[[60.7207242,56.0875593],[60.7206908,56.0872407],[60.7192898,56.0873018],[60.719317,56.0876125],[60.7207242,56.0875593]]]}},{"type":"Feature","properties":{"id":104477115,"landuse":"recreation_ground"},"geometry":{"type":"Polygon","coordinates":[[[60.720638,56.0869426],[60.7206169,56.0866515],[60.7191941,56.0866965],[60.7192214,56.0869991],[60.720638,56.0869426]]]}},{"type":"Feature","properties":{"id":104477117,"landuse":"natural_wood"},"geometry":{"type":"Polygon","coordinates":[[[60.7190926,56.0860056],[60.7189052,56.086091],[60.7192974,56.0862714],[60.7194899,56.0863635],[60.7205931,56.0863196],[60.7207399,56.0861658],[60.7206531,56.0859468],[60.7190926,56.0860056]]]}},{"type":"Feature","properties":{"id":104847225,"landuse":"natural_wood"},"geometry":{"type":"Polygon","coordinates":[[[60.6598206,56.086886],[60.6853208,56.0860369],[60.6852391,56.0849589],[60.6851487,56.0837653],[60.6843799,56.0736181],[60.6834852,56.073677],[60.6829507,56.0735807],[60.6793609,56.0771139],[60.6786264,56.0771139],[60.6780371,56.0768126],[60.6825539,56.072275],[60.6826377,56.0716273],[60.6833439,56.071312],[60.6833722,56.0705078],[60.6834112,56.0696478],[60.6827225,56.0694199],[60.681762,56.0693095],[60.68131,56.0696721],[60.6808016,56.069546],[60.6809993,56.0688522],[60.6806603,56.0679376],[60.6801236,56.067433],[60.6794174,56.0673227],[60.6677508,56.0675592],[60.6678355,56.068253],[60.6684852,56.0686157],[60.6693044,56.0685999],[60.6697847,56.0684422],[60.6709146,56.0685053],[60.6720728,56.0688049],[60.6732875,56.0693726],[60.6736547,56.0704605],[60.6725248,56.0708547],[60.6718468,56.0709809],[60.6717338,56.071312],[60.6718185,56.0718323],[60.6712818,56.0719111],[60.6708299,56.0716273],[60.6701519,56.0714696],[60.6691349,56.0715958],[60.6684852,56.0714381],[60.6674118,56.071785],[60.6660841,56.0718323],[60.6650954,56.0721634],[60.6649542,56.0731252],[60.6639937,56.0733459],[60.6620446,56.0733459],[60.6608581,56.0740081],[60.6594719,56.074681],[60.6582724,56.0757061],[60.6575416,56.0770434],[60.6570225,56.0779818],[60.6571576,56.0783435],[60.6579203,56.0786903],[60.658259,56.0794237],[60.658964,56.0794565],[60.658964,56.0796286],[60.6595255,56.0798589],[60.6603298,56.0797925],[60.6622684,56.0794811],[60.6633772,56.0796696],[60.6636237,56.0799324],[60.6653526,56.0800466],[60.6673936,56.0797285],[60.6684367,56.0795303],[60.6699861,56.0797147],[60.6703386,56.0797229],[60.6707572,56.0794975],[60.6712163,56.0788822],[60.6717779,56.0788008],[60.6718807,56.0787189],[60.6742599,56.0785058],[60.6742599,56.0786246],[60.6762579,56.0783222],[60.6773473,56.0784816],[60.6785377,56.0783216],[60.6789663,56.0778408],[60.6790684,56.0782415],[60.6794269,56.0784736],[60.6792548,56.0786417],[60.6794126,56.0789138],[60.6785234,56.079322],[60.6793122,56.0797462],[60.6791401,56.0801784],[60.6800293,56.0804505],[60.6798335,56.0806245],[60.6778493,56.0805145],[60.6769744,56.0801464],[60.6761139,56.0802584],[60.6755259,56.0800423],[60.6743785,56.0799383],[60.6741347,56.0801064],[60.6743367,56.0804832],[60.6757359,56.0808351],[60.6758976,56.0817677],[60.6797544,56.0830576],[60.6791365,56.0834528],[60.6784251,56.0835873],[60.6777481,56.0833952],[60.6773351,56.08344],[60.6776811,56.0838237],[60.6770246,56.0839531],[60.6767729,56.0838561],[60.6745633,56.0843242],[60.6728144,56.0843363],[60.6713802,56.0839714],[60.6700378,56.0839522],[60.6691546,56.0838761],[60.668856,56.0842339],[60.6685818,56.0846053],[60.6679381,56.0845796],[60.6671464,56.084125],[60.6665842,56.0835488],[60.6666071,56.082883],[60.665999,56.0829022],[60.6655504,56.0826532],[60.6598206,56.086886]]]}},{"type":"Feature","properties":{"id":104847226,"landuse":"natural_wood"},"geometry":{"type":"Polygon","coordinates":[[[60.6852512,56.0785861],[60.6898174,56.079656],[60.6943589,56.0812683],[60.6935513,56.0812145],[60.6941414,56.0843095],[60.6956737,56.0855573],[60.6859284,56.0860183],[60.6858242,56.0846737],[60.685664,56.0841931],[60.6857056,56.083424],[60.6852512,56.0785861]]]}},{"type":"Feature","properties":{"id":110244731,"landuse":"grass"},"geometry":{"type":"Polygon","coordinates":[[[60.745322,56.0815366],[60.7456271,56.0814563],[60.7456925,56.0814146],[60.7456689,56.0812509],[60.7453015,56.0812674],[60.745156,56.081368],[60.745322,56.0815366]]]}},{"type":"Feature","properties":{"id":110244736,"landuse":"natural_wood"},"geometry":{"type":"Polygon","coordinates":[[[60.7499245,56.0811594],[60.7503831,56.081153],[60.750372,56.080863],[60.7507751,56.0808563],[60.7507675,56.0806711],[60.7505453,56.0806746],[60.7505365,56.0805021],[60.7500177,56.0805091],[60.7500387,56.0808814],[60.7499125,56.080976],[60.7499245,56.0811594]]]}},{"type":"Feature","properties":{"id":110244740,"landuse":"grass"},"geometry":{"type":"Polygon","coordinates":[[[60.7476187,56.0810373],[60.7477944,56.0811404],[60.7478268,56.0811409],[60.7479328,56.0810283],[60.7479156,56.0810142],[60.7476278,56.0810198],[60.7476187,56.0810373]]]}},{"type":"Feature","properties":{"id":110244744,"landuse":"grass"},"geometry":{"type":"Polygon","coordinates":[[[60.7454934,56.0819213],[60.7454871,56.0818734],[60.744866,56.0818903],[60.7448686,56.0819128],[60.7454934,56.0819213]]]}},{"type":"Feature","properties":{"id":110244745,"landuse":"grass"},"geometry":{"type":"Polygon","coordinates":[[[60.7457999,56.0818519],[60.7459866,56.0818451],[60.7460513,56.0817818],[60.7460158,56.0814806],[60.7462193,56.0815064],[60.7461246,56.0818788],[60.7458027,56.081892],[60.7457999,56.0818519]]]}},{"type":"Feature","properties":{"id":110264264,"landuse":"grass"},"geometry":{"type":"Polygon","coordinates":[[[60.748129,56.0804474],[60.7478725,56.0804635],[60.7478555,56.0803452],[60.7480399,56.0802131],[60.7481047,56.0802134],[60.748129,56.0804474]]]}},{"type":"Feature","properties":{"id":110264270,"landuse":"grass"},"geometry":{"type":"Polygon","coordinates":[[[60.7474496,56.0801432],[60.7479121,56.0801212],[60.7479251,56.0802234],[60.7477044,56.0803826],[60.747654,56.0803812],[60.7474625,56.0802206],[60.7474496,56.0801432]]]}},{"type":"Feature","properties":{"id":110264272,"landuse":"grass"},"geometry":{"type":"Polygon","coordinates":[[[60.745781,56.0820705],[60.7459004,56.0819805],[60.7466783,56.0819624],[60.7466935,56.0821946],[60.7457962,56.0822234],[60.745781,56.0820705]]]}},{"type":"Feature","properties":{"id":110264277,"landuse":"leisure_pitch"},"geometry":{"type":"Polygon","coordinates":[[[60.7465909,56.0809771],[60.7467996,56.0809709],[60.7467765,56.0807301],[60.7465678,56.0807363],[60.7465909,56.0809771]]]}},{"type":"Feature","properties":{"id":110264280,"landuse":"grass"},"geometry":{"type":"Polygon","coordinates":[[[60.7473569,56.0804805],[60.7475881,56.0804686],[60.7475694,56.0803859],[60.7474108,56.0802311],[60.7473388,56.0803537],[60.7473569,56.0804805]]]}},{"type":"Feature","properties":{"id":117374522,"landuse":"natural_wood"},"geometry":{"type":"Polygon","coordinates":[[[60.7288603,56.032252],[60.7415363,56.0275462],[60.7416299,56.0275744],[60.7424671,56.0285903],[60.7435186,56.0298663],[60.7363995,56.0303897],[60.7362474,56.0304045],[60.7354916,56.0304603],[60.7353726,56.0307721],[60.7351286,56.0311173],[60.7346906,56.031435],[60.7344855,56.0316516],[60.7357968,56.0348235],[60.7386838,56.0357088],[60.7393488,56.0367962],[60.7399501,56.0374854],[60.7401482,56.038214],[60.7367556,56.0407247],[60.7339168,56.0395514],[60.730553,56.0383231],[60.728912,56.0380848],[60.7288603,56.032252]]]}},{"type":"Feature","properties":{"id":136443886,"landuse":"natural_wood"},"geometry":{"type":"Polygon","coordinates":[[[60.7552415,56.0817673],[60.7552133,56.0812297],[60.7561295,56.0812211],[60.7561295,56.0814868],[60.7559965,56.0816324],[60.7556909,56.0816395],[60.7556572,56.0817529],[60.7552415,56.0817673]]]}},{"type":"Feature","properties":{"id":150305498,"landuse":"military"},"geometry":{"type":"Polygon","coordinates":[[[60.7072624,56.0400561],[60.7091791,56.0399588],[60.7090879,56.0392125],[60.7071628,56.0392913],[60.7072624,56.0400561]]]}},{"type":"Feature","properties":{"id":150661471,"landuse":"grass"},"geometry":{"type":"Polygon","coordinates":[[[60.7340516,56.0624176],[60.7349509,56.0623813],[60.7349892,56.0625372],[60.7354561,56.0625287],[60.7354905,56.0627295],[60.7358502,56.0627188],[60.7357852,56.0621783],[60.7357278,56.0621484],[60.7348132,56.0621868],[60.7347213,56.0621441],[60.7346199,56.0622071],[60.7344458,56.0621292],[60.7339139,56.062424],[60.7340516,56.0624176]]]}},{"type":"Feature","properties":{"id":150661472,"landuse":"grass"},"geometry":{"type":"Polygon","coordinates":[[[60.7347814,56.0616153],[60.7348582,56.0615179],[60.7355171,56.0614937],[60.7356266,56.0615586],[60.7356715,56.0620527],[60.7355099,56.0620976],[60.734929,56.0621214],[60.7348398,56.0620581],[60.7347814,56.0616153]]]}},{"type":"Feature","properties":{"id":150661473,"landuse":"grass"},"geometry":{"type":"Polygon","coordinates":[[[60.7358681,56.0635315],[60.7357648,56.0628906],[60.7354433,56.0629013],[60.7354586,56.0631],[60.7357265,56.0635102],[60.7358681,56.0635315]]]}},{"type":"Feature","properties":{"id":150661476,"landuse":"natural_wood"},"geometry":{"type":"Polygon","coordinates":[[[60.7380443,56.0617809],[60.738342,56.0613337],[60.7381796,56.0602973],[60.737909,56.0603668],[60.73779,56.0611826],[60.7378495,56.0616661],[60.7380443,56.0617809]]]}},{"type":"Feature","properties":{"id":150661477,"landuse":"natural_wood"},"geometry":{"type":"Polygon","coordinates":[[[60.7382229,56.0632946],[60.7385368,56.0626571],[60.7383907,56.0615573],[60.7380065,56.0621163],[60.7378874,56.0625423],[60.7380227,56.0632916],[60.7382229,56.0632946]]]}},{"type":"Feature","properties":{"id":150663254,"landuse":"grass"},"geometry":{"type":"Polygon","coordinates":[[[60.7273498,56.0796116],[60.7273189,56.0796013],[60.7272753,56.0796027],[60.7272511,56.0796121],[60.7272367,56.0796262],[60.7272349,56.0796448],[60.7272497,56.0796618],[60.727278,56.0796727],[60.7273146,56.0796742],[60.7273461,56.0796653],[60.7273648,56.0796491],[60.7273673,56.0796314],[60.7273498,56.0796116]]]}},{"type":"Feature","properties":{"id":150663255,"landuse":"grass"},"geometry":{"type":"Polygon","coordinates":[[[60.7267827,56.0793856],[60.7267519,56.0793752],[60.7267082,56.0793767],[60.7266841,56.0793861],[60.7266696,56.0794002],[60.7266678,56.0794187],[60.7266827,56.0794358],[60.726711,56.0794467],[60.7267476,56.0794481],[60.726779,56.0794392],[60.7267978,56.0794231],[60.7268003,56.0794054],[60.7267827,56.0793856]]]}},{"type":"Feature","properties":{"id":150663256,"landuse":"grass"},"geometry":{"type":"Polygon","coordinates":[[[60.7278726,56.0798079],[60.7278417,56.0797975],[60.727798,56.0797989],[60.7277739,56.0798084],[60.7277594,56.0798224],[60.7277577,56.079841],[60.7277725,56.079858],[60.7278008,56.079869],[60.7278374,56.0798704],[60.7278688,56.0798615],[60.7278876,56.0798454],[60.7278901,56.0798276],[60.7278726,56.0798079]]]}},{"type":"Feature","properties":{"id":167994628,"landuse":"leisure_pitch"},"geometry":{"type":"Polygon","coordinates":[[[60.7511066,56.0772785],[60.7511398,56.0772863],[60.7512972,56.0772836],[60.7513245,56.0772764],[60.7513363,56.0772605],[60.7513241,56.0770401],[60.7513135,56.0770263],[60.7512848,56.0770208],[60.7511172,56.0770237],[60.751092,56.0770313],[60.7510824,56.0770487],[60.7510943,56.0772626],[60.7511066,56.0772785]]]}},{"type":"Feature","properties":{"id":174151006,"landuse":"grass"},"geometry":{"type":"Polygon","coordinates":[[[60.7437001,56.0796372],[60.7429974,56.0796637],[60.7429526,56.0796598],[60.7429173,56.079646],[60.742896,56.0796254],[60.7428503,56.0793089],[60.7428555,56.0792835],[60.7428879,56.0792616],[60.7429222,56.0792533],[60.7438047,56.0792077],[60.7437001,56.0796372]]]}},{"type":"Feature","properties":{"id":174151007,"landuse":"grass"},"geometry":{"type":"Polygon","coordinates":[[[60.7434555,56.0773155],[60.7439133,56.0773006],[60.7439584,56.0772716],[60.743955,56.0772206],[60.7438717,56.0772219],[60.7438463,56.0768813],[60.7440634,56.0768725],[60.7440585,56.0767311],[60.7444361,56.0767128],[60.7443952,56.0763743],[60.7441778,56.0763789],[60.7434555,56.0773155]]]}},{"type":"Feature","properties":{"id":174151008,"landuse":"grass"},"geometry":{"type":"Polygon","coordinates":[[[60.7431697,56.0772902],[60.7433523,56.0770322],[60.7434679,56.0769729],[60.7435673,56.0768387],[60.7435719,56.0767085],[60.7437475,56.0764273],[60.7438128,56.0764028],[60.7438931,56.0763873],[60.7441058,56.0763808],[60.7437984,56.0767665],[60.7433801,56.0773198],[60.7432368,56.0773263],[60.7431697,56.0772902]]]}},{"type":"Feature","properties":{"id":174151009,"landuse":"grass"},"geometry":{"type":"Polygon","coordinates":[[[60.7442096,56.0749385],[60.7440686,56.0749433],[60.7440198,56.0749307],[60.7439902,56.0749132],[60.7439728,56.074887],[60.743917,56.0742444],[60.7439344,56.0742142],[60.7439693,56.0741977],[60.7440302,56.0741831],[60.7442062,56.0741773],[60.7442462,56.074187],[60.7442723,56.0742074],[60.7443351,56.0748947],[60.7443159,56.0749161],[60.7442723,56.0749336],[60.7442096,56.0749385]]]}},{"type":"Feature","properties":{"id":174151010,"landuse":"grass"},"geometry":{"type":"Polygon","coordinates":[[[60.7436419,56.0773745],[60.7437477,56.0773699],[60.7437795,56.0773783],[60.7438003,56.0773925],[60.7438119,56.0774051],[60.7438182,56.0774532],[60.7438021,56.0774674],[60.7437789,56.0774767],[60.7436679,56.0774812],[60.7436327,56.077477],[60.7436049,56.0774603],[60.743594,56.0774467],[60.7435905,56.0774064],[60.743598,56.0773919],[60.74362,56.0773809],[60.7436419,56.0773745]]]}},{"type":"Feature","properties":{"id":174151011,"landuse":"grass"},"geometry":{"type":"Polygon","coordinates":[[[60.7441511,56.0763213],[60.7440935,56.0763251],[60.7442316,56.0760841],[60.7442357,56.0759628],[60.7440785,56.075958],[60.743913,56.0763245],[60.7438605,56.0762987],[60.7438383,56.0762732],[60.7439319,56.0760443],[60.7439639,56.0759172],[60.7440033,56.0757233],[60.7440206,56.0755872],[60.744023,56.0754649],[60.7439886,56.0750552],[60.7440009,56.0750277],[60.7440403,56.0750057],[60.7440895,56.0749933],[60.7441963,56.0749906],[60.7442654,56.0762119],[60.7441511,56.0763213]]]}},{"type":"Feature","properties":{"id":174151012,"landuse":"grass"},"geometry":{"type":"Polygon","coordinates":[[[60.7435225,56.0781821],[60.7434891,56.0781811],[60.7434622,56.0781716],[60.7434466,56.0780224],[60.7434638,56.0779968],[60.7434883,56.0779818],[60.7435202,56.077969],[60.7435521,56.0779626],[60.7438268,56.077959],[60.7440483,56.0780123],[60.7440642,56.0782475],[60.7439697,56.0782488],[60.7439669,56.0781796],[60.7438399,56.0781813],[60.7438337,56.0780276],[60.7435164,56.0780316],[60.7435225,56.0781821]]]}},{"type":"Feature","properties":{"id":174151013,"landuse":"grass"},"geometry":{"type":"Polygon","coordinates":[[[60.7442418,56.0807985],[60.7444568,56.0807944],[60.7455527,56.080777],[60.7455803,56.0810336],[60.7448198,56.0810914],[60.7442891,56.0813292],[60.7442418,56.0807985]]]}},{"type":"Feature","properties":{"id":174151014,"landuse":"grass"},"geometry":{"type":"Polygon","coordinates":[[[60.7425905,56.078946],[60.7425188,56.0779864],[60.7426043,56.0779064],[60.7426633,56.0776207],[60.7426829,56.0776033],[60.7427124,56.0775965],[60.7427426,56.0776006],[60.7427679,56.0776143],[60.7427851,56.0776453],[60.7426952,56.0779107],[60.7426486,56.0781528],[60.7426323,56.0784128],[60.7426405,56.0785824],[60.7426633,56.0788888],[60.7426617,56.0789098],[60.7426478,56.0789312],[60.7426266,56.0789426],[60.7425905,56.078946]]]}},{"type":"Feature","properties":{"id":174151015,"landuse":"grass"},"geometry":{"type":"Polygon","coordinates":[[[60.7429915,56.0786165],[60.7428918,56.0786165],[60.7428035,56.0785727],[60.7428003,56.0784113],[60.742815,56.0781578],[60.7428411,56.0779726],[60.7428983,56.0777875],[60.7429768,56.0776096],[60.7430601,56.0774646],[60.7431222,56.0774263],[60.7432039,56.0773944],[60.7432987,56.077378],[60.74332,56.0773844],[60.7433134,56.0774008],[60.743168,56.0776242],[60.7430863,56.0778094],[60.7430323,56.0779836],[60.7430046,56.0781632],[60.7429833,56.0784168],[60.7429915,56.0786165]]]}},{"type":"Feature","properties":{"id":174151016,"landuse":"grass"},"geometry":{"type":"Polygon","coordinates":[[[60.7433956,56.0773865],[60.7434138,56.0773813],[60.74345,56.0773819],[60.74348,56.0773968],[60.743495,56.0774168],[60.743495,56.077471],[60.7434384,56.0774736],[60.7434627,56.0779219],[60.7433413,56.0779807],[60.7433864,56.0782768],[60.7436581,56.0784116],[60.7438268,56.078411],[60.7438391,56.0785842],[60.743749,56.0785868],[60.743739,56.0785404],[60.7430672,56.0785658],[60.7430557,56.0784181],[60.7430812,56.0781658],[60.743102,56.0779858],[60.7431571,56.0778141],[60.7432338,56.0776342],[60.7433956,56.0773865]]]}},{"type":"Feature","properties":{"id":174151017,"landuse":"grass"},"geometry":{"type":"Polygon","coordinates":[[[60.744303,56.0741104],[60.7440025,56.0741228],[60.7439557,56.0741118],[60.7439188,56.0740939],[60.7438941,56.0740747],[60.7438867,56.0739097],[60.7439459,56.0737062],[60.7440789,56.0737021],[60.7440666,56.0735798],[60.7439409,56.0735839],[60.7438252,56.0733667],[60.7438276,56.0732855],[60.7438333,56.0732507],[60.7438481,56.0732225],[60.7438899,56.0731895],[60.7439387,56.0731642],[60.7439761,56.0731472],[60.7440232,56.0731384],[60.7454854,56.0730943],[60.7455203,56.0731293],[60.7461543,56.0731118],[60.7462065,56.0730749],[60.7463528,56.0730691],[60.7463851,56.0730739],[60.7464051,56.0730943],[60.7464103,56.0731148],[60.7464216,56.0733325],[60.7442902,56.0733995],[60.7443199,56.073756],[60.7442694,56.073756],[60.744303,56.0741104]]]}},{"type":"Feature","properties":{"id":174151018,"landuse":"grass"},"geometry":{"type":"Polygon","coordinates":[[[60.7430776,56.0787154],[60.7431094,56.0790202],[60.7441581,56.0789774],[60.7438669,56.0787608],[60.7438442,56.07863],[60.7436316,56.0786378],[60.7436024,56.0786979],[60.7430776,56.0787154]]]}},{"type":"Feature","properties":{"id":174151019,"landuse":"grass"},"geometry":{"type":"Polygon","coordinates":[[[60.7430348,56.0790187],[60.7429955,56.078664],[60.7429077,56.0786653],[60.7428106,56.0787092],[60.7428264,56.0789284],[60.7428411,56.0789485],[60.7428771,56.0789713],[60.742931,56.0789959],[60.7429833,56.0790114],[60.7430348,56.0790187]]]}},{"type":"Feature","properties":{"id":174151021,"landuse":"natural_wood"},"geometry":{"type":"Polygon","coordinates":[[[60.7408301,56.0739204],[60.7412141,56.0767926],[60.742211,56.0767616],[60.7421718,56.0765536],[60.7414756,56.0765792],[60.7410964,56.0739122],[60.7408301,56.0739204]]]}},{"type":"Feature","properties":{"id":174151022,"landuse":"natural_wood"},"geometry":{"type":"Polygon","coordinates":[[[60.7397309,56.0690496],[60.7411822,56.0689912],[60.740973,56.067371],[60.7405677,56.0673856],[60.74045,56.0675279],[60.7396459,56.0675644],[60.7395283,56.067725],[60.7397309,56.0690496]]]}},{"type":"Feature","properties":{"id":174268798,"landuse":"natural_wood"},"geometry":{"type":"Polygon","coordinates":[[[60.7265421,56.0627529],[60.7308336,56.0626091],[60.7308422,56.0613561],[60.7296106,56.0613513],[60.7296106,56.0605845],[60.7288037,56.0606133],[60.7288467,56.0615957],[60.728645,56.0618065],[60.7266494,56.0618664],[60.7265421,56.0627529]]]}},{"type":"Feature","properties":{"id":175301379,"landuse":"military"},"geometry":{"type":"Polygon","coordinates":[[[60.6781925,56.0767833],[60.6792803,56.0770708],[60.6828927,56.0734731],[60.6835454,56.0736073],[60.6858182,56.073521],[60.6857266,56.0718435],[60.6843311,56.0718234],[60.6842865,56.0708723],[60.6834481,56.070888],[60.6834252,56.0713194],[60.682721,56.0716486],[60.6826237,56.0723228],[60.6781925,56.0767833]]]}},{"type":"Feature","properties":{"id":175301556,"landuse":"grass"},"geometry":{"type":"Polygon","coordinates":[[[60.7350924,56.0629157],[60.7351811,56.0628517],[60.7353329,56.0628455],[60.7353744,56.0628517],[60.7354007,56.0628692],[60.7354543,56.0631167],[60.735173,56.0632336],[60.735177,56.0633229],[60.7352195,56.063389],[60.7351396,56.063441],[60.7350924,56.0629157]]]}},{"type":"Feature","properties":{"id":175301558,"landuse":"grass"},"geometry":{"type":"Polygon","coordinates":[[[60.7451401,56.0824178],[60.7451553,56.0825226],[60.7451903,56.082521],[60.7451994,56.082584],[60.7454236,56.0825739],[60.7454095,56.082477],[60.7454588,56.0824751],[60.7454773,56.0824689],[60.7454931,56.082454],[60.7454964,56.0824374],[60.7454903,56.082402],[60.7451401,56.0824178]]]}},{"type":"Feature","properties":{"id":175301560,"landuse":"grass"},"geometry":{"type":"Polygon","coordinates":[[[60.7284899,56.0651823],[60.7312035,56.0651184],[60.7311978,56.0650417],[60.7303448,56.0645782],[60.7301959,56.064575],[60.7298811,56.0647572],[60.7284727,56.0649586],[60.7283911,56.0649889],[60.7283339,56.0650353],[60.7283339,56.0650984],[60.7283854,56.0651647],[60.7284412,56.0651799],[60.7284899,56.0651823]]]}},{"type":"Feature","properties":{"id":175301561,"landuse":"grass"},"geometry":{"type":"Polygon","coordinates":[[[60.7610053,56.0779214],[60.7624639,56.0778898],[60.76246,56.0778182],[60.7624487,56.0777806],[60.7624004,56.0777566],[60.7623195,56.0777588],[60.7622385,56.0777837],[60.7622264,56.0778413],[60.7612244,56.0778706],[60.7612163,56.0778232],[60.7611779,56.0777927],[60.7611354,56.0777882],[60.7610605,56.0777927],[60.7610118,56.0778119],[60.7609997,56.0778306],[60.7609997,56.077855],[60.7610053,56.0779214]]]}},{"type":"Feature","properties":{"id":175301564,"landuse":"grass"},"geometry":{"type":"Polygon","coordinates":[[[60.7625657,56.0778928],[60.7654515,56.0778097],[60.7654458,56.0777698],[60.7654257,56.0777211],[60.7653856,56.0776963],[60.7653316,56.077687],[60.7650321,56.0776875],[60.7647516,56.0777426],[60.764494,56.077749],[60.7643952,56.0777124],[60.7638605,56.0777269],[60.7637912,56.0777882],[60.7628495,56.0778144],[60.7627895,56.0777529],[60.7626731,56.0777531],[60.7626024,56.0777621],[60.7625733,56.07778],[60.7625622,56.0778141],[60.7625657,56.0778928]]]}},{"type":"Feature","properties":{"id":175301566,"landuse":"grass"},"geometry":{"type":"Polygon","coordinates":[[[60.7588661,56.078009],[60.7608527,56.0779451],[60.7608475,56.0778757],[60.7608212,56.0778435],[60.7607928,56.0778215],[60.7607311,56.077813],[60.7606704,56.0778147],[60.7606178,56.077826],[60.7605854,56.0778486],[60.7605854,56.077904],[60.7591371,56.077951],[60.759126,56.077916],[60.7591037,56.0778911],[60.7590724,56.0778753],[60.7590106,56.077868],[60.758956,56.0778731],[60.7589074,56.0778872],[60.7588801,56.0779081],[60.7588609,56.0779369],[60.7588661,56.078009]]]}},{"type":"Feature","properties":{"id":175301568,"landuse":"grass"},"geometry":{"type":"Polygon","coordinates":[[[60.7319375,56.0650855],[60.733363,56.0650503],[60.7334432,56.0650216],[60.7334947,56.0649752],[60.7334546,56.0649241],[60.7333974,56.064881],[60.7332084,56.0648011],[60.7331025,56.0647819],[60.7327104,56.0647931],[60.7326445,56.0648378],[60.7322667,56.064849],[60.7322066,56.0648186],[60.7319947,56.0648218],[60.7319146,56.0648302],[60.731865,56.0648647],[60.7318296,56.064907],[60.7318144,56.0649669],[60.7318165,56.0650313],[60.7318468,56.0650692],[60.7319375,56.0650855]]]}},{"type":"Feature","properties":{"id":175301570,"landuse":"grass"},"geometry":{"type":"Polygon","coordinates":[[[60.7587964,56.0779921],[60.7538757,56.0781407],[60.7538757,56.0780999],[60.7538843,56.0780736],[60.7539072,56.0780488],[60.7539444,56.0780225],[60.7539945,56.0780017],[60.7540718,56.0779961],[60.7556476,56.077945],[60.7557349,56.078036],[60.7569985,56.0779982],[60.7570592,56.0779428],[60.7570794,56.0779421],[60.7570829,56.0779836],[60.7574194,56.0779745],[60.7574123,56.0779385],[60.7574767,56.0779377],[60.7575483,56.0779713],[60.7586331,56.0779369],[60.7586403,56.0778938],[60.7586646,56.077873],[60.7586976,56.0778618],[60.7587491,56.0778611],[60.758782,56.0778754],[60.7588063,56.0778906],[60.7588178,56.0779178],[60.7588221,56.0779872],[60.7587964,56.0779921]]]}},{"type":"Feature","properties":{"id":175301574,"landuse":"grass"},"geometry":{"type":"Polygon","coordinates":[[[60.7368746,56.0802084],[60.7372983,56.0801988],[60.737075,56.0800918],[60.7368632,56.0800918],[60.7368746,56.0802084]]]}},{"type":"Feature","properties":{"id":175301575,"landuse":"industrial"},"geometry":{"type":"Polygon","coordinates":[[[60.6969506,56.0909159],[60.696829,56.0915404],[60.6966734,56.0915389],[60.6964736,56.0924257],[60.6957377,56.0923757],[60.6955496,56.0923675],[60.6954632,56.0923641],[60.6951968,56.0923537],[60.6951168,56.0926112],[60.6936827,56.0925444],[60.6937766,56.0920761],[60.6939553,56.0920833],[60.6942626,56.090844],[60.6966034,56.0909067],[60.6969506,56.0909159]]]}},{"type":"Feature","properties":{"id":175301576,"landuse":"grass"},"geometry":{"type":"Polygon","coordinates":[[[60.7362564,56.0800962],[60.7366592,56.0800861],[60.7366754,56.0802205],[60.7365722,56.0802747],[60.7363111,56.0802849],[60.7362119,56.0801505],[60.7362564,56.0800962]]]}},{"type":"Feature","properties":{"id":175301577,"landuse":"grass"},"geometry":{"type":"Polygon","coordinates":[[[60.7439463,56.084836],[60.7439405,56.084713],[60.744056,56.0847113],[60.7440583,56.08476],[60.7441041,56.0847593],[60.7441076,56.0848336],[60.7439463,56.084836]]]}},{"type":"Feature","properties":{"id":175301585,"landuse":"natural_wood"},"geometry":{"type":"Polygon","coordinates":[[[60.7376245,56.071293],[60.737671,56.0710252],[60.7376245,56.0707337],[60.7373836,56.070745],[60.7374443,56.0712986],[60.7376245,56.071293]]]}},{"type":"Feature","properties":{"id":175301586,"landuse":"natural_wood"},"geometry":{"type":"Polygon","coordinates":[[[60.6850884,56.0705689],[60.6843678,56.0700696],[60.6844164,56.0704424],[60.6844852,56.0705192],[60.6845702,56.0705509],[60.6850884,56.0705689]]]}},{"type":"Feature","properties":{"id":175417787,"landuse":"grass"},"geometry":{"type":"Polygon","coordinates":[[[60.715314,56.065909],[60.7152951,56.0658541],[60.7153282,56.0658171],[60.7155225,56.0658079],[60.7155721,56.0658333],[60.7155652,56.0659019],[60.715525,56.0659306],[60.715351,56.0659366],[60.715314,56.065909]]]}},{"type":"Feature","properties":{"id":175657332,"landuse":"industrial"},"geometry":{"type":"Polygon","coordinates":[[[60.7643031,56.0295998],[60.7643126,56.0296749],[60.7643097,56.0296905],[60.7643215,56.0297835],[60.7645121,56.0306612],[60.7636978,56.0311803],[60.7631009,56.0312204],[60.7631296,56.0313087],[60.7615543,56.0314256],[60.7613144,56.0313282],[60.7611154,56.0310886],[60.7604037,56.0308331],[60.7602314,56.0301191],[60.7600755,56.0293512],[60.7604693,56.0290543],[60.7603278,56.0284996],[60.7605719,56.0282337],[60.7617943,56.0281443],[60.7630189,56.028087],[60.764026,56.0280767],[60.76427,56.0281008],[60.7654946,56.0284641],[60.7656638,56.0284652],[60.7674021,56.0284767],[60.7674739,56.0285054],[60.7674763,56.028538],[60.7674742,56.0286016],[60.7674903,56.0292561],[60.764348,56.029342],[60.7643031,56.0295998]]]}},{"type":"Feature","properties":{"id":176204955,"landuse":"allotments"},"geometry":{"type":"Polygon","coordinates":[[[60.7353726,56.0307721],[60.7354916,56.0304603],[60.7362474,56.0304045],[60.7363995,56.0303897],[60.7435186,56.0298663],[60.7424671,56.0285903],[60.7416299,56.0275744],[60.7438822,56.0268161],[60.7442064,56.0267457],[60.7445417,56.0267597],[60.7447791,56.0268109],[60.7468132,56.0272793],[60.7469419,56.027311],[60.7478107,56.0275114],[60.7488709,56.0277801],[60.7494647,56.0278891],[60.7501365,56.0278447],[60.7511641,56.0283195],[60.7524498,56.0286449],[60.7530587,56.0286725],[60.7549696,56.0282073],[60.7581262,56.0281964],[60.7584413,56.0277685],[60.7583735,56.0276997],[60.7581664,56.0275164],[60.758346,56.0273482],[60.7588757,56.0271444],[60.7593574,56.0271005],[60.7595641,56.0271775],[60.7598441,56.0273828],[60.761107,56.0272988],[60.7615943,56.0270592],[60.7623324,56.026771],[60.7625784,56.027285],[60.7626118,56.0273523],[60.7627671,56.0276746],[60.7627681,56.0280666],[60.7617718,56.0281307],[60.7605629,56.0282181],[60.7603017,56.0285058],[60.7604385,56.029051],[60.760024,56.0293365],[60.7597493,56.0293697],[60.7593301,56.0292639],[60.7484149,56.0297501],[60.748463,56.0302126],[60.7484933,56.0305038],[60.7485172,56.0307332],[60.7439062,56.0310888],[60.7437856,56.0310971],[60.7408767,56.0313188],[60.7353726,56.0307721]]]}},{"type":"Feature","properties":{"id":176204956,"landuse":"allotments"},"geometry":{"type":"Polygon","coordinates":[[[60.7353726,56.0307721],[60.7408767,56.0313188],[60.7437856,56.0310971],[60.7439062,56.0310888],[60.7485172,56.0307332],[60.7485361,56.0309146],[60.7490114,56.0354827],[60.7439882,56.0356788],[60.7435992,56.0354754],[60.7400748,56.0352818],[60.7386838,56.0357088],[60.7357968,56.0348235],[60.7344855,56.0316516],[60.7346906,56.031435],[60.7351286,56.0311173],[60.7353726,56.0307721]]]}},{"type":"Feature","properties":{"id":176204960,"landuse":"allotments"},"geometry":{"type":"Polygon","coordinates":[[[60.7386838,56.0357088],[60.7400748,56.0352818],[60.7435992,56.0354754],[60.7439882,56.0356788],[60.7490114,56.0354827],[60.7492011,56.0366159],[60.7494649,56.0393201],[60.7496052,56.0412591],[60.7491109,56.0413083],[60.7411664,56.0419596],[60.7406737,56.0401073],[60.7401482,56.038214],[60.7399501,56.0374854],[60.7393488,56.0367962],[60.7386838,56.0357088]]]}},{"type":"Feature","properties":{"id":179564276,"landuse":"leisure_stadium"},"geometry":{"type":"Polygon","coordinates":[[[60.7576413,56.0724634],[60.7574567,56.0710485],[60.7592164,56.0709718],[60.7592368,56.0710867],[60.7592989,56.071756],[60.7593494,56.0722754],[60.7590597,56.0722766],[60.7590627,56.0724503],[60.7576413,56.0724634]]]}},{"type":"Feature","properties":{"id":179567429,"landuse":"forest"},"geometry":{"type":"Polygon","coordinates":[[[60.7578952,56.0735605],[60.7578201,56.0728509],[60.7579703,56.0728599],[60.7580936,56.0728898],[60.7581258,56.0729647],[60.7582117,56.0734437],[60.7581902,56.0734737],[60.7580883,56.0735246],[60.7580936,56.0735755],[60.7579005,56.0735904],[60.7578952,56.0735605]]]}},{"type":"Feature","properties":{"id":179567431,"landuse":"leisure_park"},"geometry":{"type":"Polygon","coordinates":[[[60.7613123,56.071758],[60.7612427,56.0711749],[60.7622672,56.0711891],[60.7625515,56.071264],[60.7626963,56.0713538],[60.7627339,56.0716982],[60.7613123,56.071758]]]}},{"type":"Feature","properties":{"id":179567432,"landuse":"natural_wood"},"geometry":{"type":"Polygon","coordinates":[[[60.7643915,56.0741773],[60.7643432,56.0735455],[60.7646597,56.0735036],[60.7646168,56.0732761],[60.7642252,56.073312],[60.7642252,56.0730515],[60.7648153,56.0729946],[60.7648099,56.0728389],[60.7649601,56.0728389],[60.7651049,56.0741503],[60.7643915,56.0741773]]]}},{"type":"Feature","properties":{"id":179567434,"landuse":"forest"},"geometry":{"type":"Polygon","coordinates":[[[60.7611068,56.0719841],[60.7610842,56.0717956],[60.762707,56.0717349],[60.7627296,56.0719234],[60.7611068,56.0719841]]]}},{"type":"Feature","properties":{"id":179567436,"landuse":"forest"},"geometry":{"type":"Polygon","coordinates":[[[60.7616768,56.0730696],[60.7616708,56.0728218],[60.7621001,56.0728185],[60.7621061,56.0730664],[60.7616768,56.0730696]]]}},{"type":"Feature","properties":{"id":179567437,"landuse":"forest"},"geometry":{"type":"Polygon","coordinates":[[[60.7579298,56.0726702],[60.7579225,56.0724834],[60.7593144,56.0724666],[60.7593217,56.0726533],[60.7579298,56.0726702]]]}},{"type":"Feature","properties":{"id":179568295,"landuse":"leisure_park"},"geometry":{"type":"Polygon","coordinates":[[[60.7606578,56.071264],[60.7606471,56.0711622],[60.7610977,56.0711472],[60.7611889,56.0711802],[60.7611782,56.071243],[60.7606578,56.071264]]]}},{"type":"Feature","properties":{"id":179573473,"landuse":"leisure_playground"},"geometry":{"type":"Polygon","coordinates":[[[60.7467533,56.0741266],[60.7467017,56.0735886],[60.7473281,56.0735699],[60.7473797,56.0741079],[60.7467533,56.0741266]]]}},{"type":"Feature","properties":{"id":179573474,"landuse":"leisure_playground"},"geometry":{"type":"Polygon","coordinates":[[[60.7443899,56.0785201],[60.7443738,56.0783675],[60.7448491,56.0783568],[60.7448617,56.0785171],[60.7443899,56.0785201]]]}},{"type":"Feature","properties":{"id":179573475,"landuse":"leisure_playground"},"geometry":{"type":"Polygon","coordinates":[[[60.7431164,56.0785394],[60.7431003,56.0783449],[60.743229,56.0783359],[60.7432076,56.0780964],[60.7433363,56.0780964],[60.7433739,56.0783209],[60.7435455,56.0783958],[60.7435563,56.0785245],[60.7431164,56.0785394]]]}},{"type":"Feature","properties":{"id":179573476,"landuse":"leisure_playground"},"geometry":{"type":"Polygon","coordinates":[[[60.7465549,56.0778538],[60.7465214,56.0774138],[60.7469804,56.0774029],[60.7470139,56.077843],[60.7465549,56.0778538]]]}},{"type":"Feature","properties":{"id":179573477,"landuse":"leisure_playground"},"geometry":{"type":"Polygon","coordinates":[[[60.7450334,56.0745309],[60.7450154,56.0742987],[60.7459863,56.0742748],[60.7460043,56.07451],[60.7450334,56.0745309]]]}},{"type":"Feature","properties":{"id":179573478,"landuse":"leisure_playground"},"geometry":{"type":"Polygon","coordinates":[[[60.7450924,56.0739577],[60.745069,56.0736775],[60.7456162,56.0736655],[60.7457146,56.0737062],[60.7459078,56.0737122],[60.7459292,56.0739427],[60.7450924,56.0739577]]]}},{"type":"Feature","properties":{"id":179574216,"landuse":"leisure_stadium"},"geometry":{"type":"Polygon","coordinates":[[[60.7482681,56.0739059],[60.7482227,56.0734235],[60.7503156,56.0733621],[60.7503611,56.0738445],[60.7482681,56.0739059]]]}},{"type":"Feature","properties":{"id":179574778,"landuse":"leisure_playground"},"geometry":{"type":"Polygon","coordinates":[[[60.7504943,56.0749426],[60.7501617,56.074751],[60.7497111,56.074748],[60.7496878,56.0745637],[60.7500204,56.0745547],[60.7504549,56.074414],[60.7508162,56.0746911],[60.7508806,56.0749875],[60.7505265,56.0749965],[60.7504943,56.0749426]]]}},{"type":"Feature","properties":{"id":182214612,"landuse":"natural_wood"},"geometry":{"type":"Polygon","coordinates":[[[60.6863493,56.09046],[60.6859416,56.0862221],[60.6960268,56.085839],[60.6966034,56.0909067],[60.6942626,56.090844],[60.6939553,56.0920833],[60.6937766,56.0920761],[60.6936827,56.0925444],[60.6924433,56.0921958],[60.6863493,56.09046]]]}},{"type":"Feature","properties":{"id":182214613,"landuse":"natural_wood"},"geometry":{"type":"Polygon","coordinates":[[[60.6940097,56.0926746],[60.6949968,56.0927703],[60.695147,56.0941588],[60.6946105,56.0938835],[60.6947393,56.0934526],[60.6944389,56.0931534],[60.6940526,56.0929499],[60.6940097,56.0926746]]]}},{"type":"Feature","properties":{"id":184102810,"landuse":"leisure_garden"},"geometry":{"type":"Polygon","coordinates":[[[60.764805,56.0688435],[60.7636693,56.0690755],[60.7638123,56.0696014],[60.7648634,56.0695605],[60.764805,56.0688435]]]}},{"type":"Feature","properties":{"id":185271021,"landuse":"grass"},"geometry":{"type":"Polygon","coordinates":[[[60.7945794,56.067111],[60.7945386,56.0671053],[60.7945132,56.0670835],[60.7945166,56.067056],[60.7945437,56.0670399],[60.7945913,56.0670275],[60.7949415,56.0670038],[60.7953443,56.0670626],[60.7953596,56.0670759],[60.7953409,56.0670835],[60.7945794,56.067111]]]}},{"type":"Feature","properties":{"id":185271022,"landuse":"grass"},"geometry":{"type":"Polygon","coordinates":[[[60.7914843,56.066518],[60.7914877,56.0665076],[60.7919602,56.0665768],[60.7921234,56.0666309],[60.7921489,56.0666565],[60.7921489,56.0666859],[60.7921285,56.0667144],[60.7920758,56.0667296],[60.7920214,56.0667343],[60.7919738,56.0667229],[60.7914843,56.066518]]]}},{"type":"Feature","properties":{"id":190103611,"landuse":"grass"},"geometry":{"type":"Polygon","coordinates":[[[60.7572384,56.072839],[60.7574662,56.0728353],[60.7575131,56.0731961],[60.7574846,56.0732167],[60.7574544,56.0732298],[60.7574092,56.0732345],[60.7573606,56.0732363],[60.7573221,56.073227],[60.7572937,56.0732139],[60.7572752,56.0731989],[60.7572384,56.072839]]]}},{"type":"Feature","properties":{"id":190103612,"landuse":"grass"},"geometry":{"type":"Polygon","coordinates":[[[60.7572803,56.0733298],[60.7573037,56.0734934],[60.7573272,56.0735392],[60.7573975,56.0736243],[60.7574544,56.0736804],[60.7575064,56.0737121],[60.7586553,56.0742889],[60.7587726,56.0743375],[60.758868,56.0743684],[60.7589484,56.0743899],[60.759069,56.0744123],[60.7591678,56.0744263],[60.759275,56.0744338],[60.7593537,56.0744329],[60.7614225,56.0743691],[60.7615031,56.0743202],[60.7593204,56.0743922],[60.7578372,56.0736535],[60.7577133,56.073632],[60.7575609,56.0736348],[60.7575257,56.0733151],[60.7575056,56.0732964],[60.757457,56.0732842],[60.7573934,56.0732842],[60.7573398,56.0732936],[60.7573029,56.0733123],[60.7572803,56.0733298]]]}},{"type":"Feature","properties":{"id":190103613,"landuse":"grass"},"geometry":{"type":"Polygon","coordinates":[[[60.7552576,56.0727134],[60.7543967,56.0727358],[60.7543867,56.0726966],[60.7552643,56.0726723],[60.7552576,56.0727134]]]}},{"type":"Feature","properties":{"id":190103614,"landuse":"grass"},"geometry":{"type":"Polygon","coordinates":[[[60.7554888,56.0727059],[60.7570966,56.0726629],[60.7570933,56.0726162],[60.7554854,56.0726685],[60.7554888,56.0727059]]]}},{"type":"Feature","properties":{"id":190103615,"landuse":"grass"},"geometry":{"type":"Polygon","coordinates":[[[60.7572422,56.0736651],[60.7571379,56.0735541],[60.7570645,56.073558],[60.7571024,56.0738568],[60.7583412,56.0744768],[60.7583981,56.0744887],[60.7586657,56.0744887],[60.7572351,56.0737656],[60.7571569,56.0736968],[60.7572422,56.0736651]]]}},{"type":"Feature","properties":{"id":196250422,"landuse":"natural_wood"},"geometry":{"type":"Polygon","coordinates":[[[60.7301897,56.0523292],[60.730458,56.0527186],[60.7309944,56.0530302],[60.7314987,56.0532579],[60.7316918,56.0522573],[60.7301897,56.0523292]]]}},{"type":"Feature","properties":{"id":196250427,"landuse":"natural_wood"},"geometry":{"type":"Polygon","coordinates":[[[60.7324964,56.0567566],[60.7328559,56.0568701],[60.7334245,56.0568581],[60.7344598,56.0568345],[60.7344062,56.0562593],[60.7325501,56.0563732],[60.7324321,56.0565409],[60.7324964,56.0567566]]]}},{"type":"Feature","properties":{"id":196250431,"landuse":"natural_wood"},"geometry":{"type":"Polygon","coordinates":[[[60.7342353,56.0500093],[60.7341378,56.0487452],[60.7332819,56.0487658],[60.7333517,56.0496705],[60.7338044,56.0496596],[60.7338322,56.050019],[60.7342353,56.0500093]]]}},{"type":"Feature","properties":{"id":196250436,"landuse":"natural_wood"},"geometry":{"type":"Polygon","coordinates":[[[60.7319397,56.0485961],[60.7318891,56.0476103],[60.7329292,56.0475936],[60.7329798,56.0485794],[60.7319397,56.0485961]]]}},{"type":"Feature","properties":{"id":196250438,"landuse":"natural_wood"},"geometry":{"type":"Polygon","coordinates":[[[60.7282156,56.0515986],[60.7285159,56.0516636],[60.7286147,56.0521047],[60.7294374,56.0532257],[60.7271995,56.0532992],[60.7266761,56.0532995],[60.7264829,56.0531917],[60.7282156,56.0515986]]]}},{"type":"Feature","properties":{"id":196250440,"landuse":"natural_wood"},"geometry":{"type":"Polygon","coordinates":[[[60.7318742,56.0533417],[60.7320566,56.0522513],[60.7344652,56.0521851],[60.734728,56.0533597],[60.7318742,56.0533417]]]}},{"type":"Feature","properties":{"id":196250441,"landuse":"natural_wood"},"geometry":{"type":"Polygon","coordinates":[[[60.7308764,56.0470088],[60.7298464,56.0470328],[60.7298893,56.0475361],[60.7314772,56.0475002],[60.7315845,56.048351],[60.7307101,56.0483385],[60.7306618,56.0478357],[60.72931,56.0478717],[60.7294441,56.0493091],[60.7258831,56.0528949],[60.7254553,56.0533176],[60.7234643,56.0533176],[60.7220985,56.0532441],[60.7211904,56.0530551],[60.7197163,56.0524284],[60.7188043,56.0512217],[60.7187614,56.0499365],[60.7194205,56.0499801],[60.7194657,56.0494673],[60.7194164,56.0478591],[60.7193176,56.0469125],[60.731386,56.0465073],[60.7314182,56.0467805],[60.7311444,56.0468011],[60.7309135,56.0468122],[60.7308549,56.0468171],[60.7308764,56.0470088]]]}},{"type":"Feature","properties":{"id":200785907,"landuse":"natural_wood"},"geometry":{"type":"Polygon","coordinates":[[[60.8078662,56.0681033],[60.8075776,56.0680755],[60.8073518,56.0679635],[60.8072445,56.0679036],[60.8071586,56.0677119],[60.8074805,56.0672867],[60.8076736,56.0672208],[60.8078968,56.067219],[60.8081436,56.0672969],[60.8083281,56.0674245],[60.8083495,56.067706],[60.8082744,56.0678736],[60.8080813,56.0679874],[60.8078662,56.0681033]]]}},{"type":"Feature","properties":{"id":200785920,"landuse":"natural_wood"},"geometry":{"type":"Polygon","coordinates":[[[60.7897221,56.066692],[60.789735,56.06643],[60.7908271,56.0666137],[60.7916973,56.0671315],[60.7929016,56.067421],[60.7932235,56.067561],[60.793209,56.067764],[60.7923743,56.0677655],[60.7923958,56.0673643],[60.7909903,56.0672146],[60.7909989,56.068345],[60.7908508,56.068574],[60.7906255,56.0686639],[60.7903144,56.0685321],[60.7901964,56.0683944],[60.7903144,56.0671427],[60.7902393,56.0668971],[60.7900676,56.0668073],[60.7897221,56.066692]]]}},{"type":"Feature","properties":{"id":200785923,"landuse":"natural_wood"},"geometry":{"type":"Polygon","coordinates":[[[60.798758,56.0675982],[60.8034229,56.0689019],[60.8033606,56.0684905],[60.8035538,56.068221],[60.8038005,56.068233],[60.8039915,56.0684108],[60.8041953,56.0684767],[60.8044335,56.0684126],[60.8046481,56.0682689],[60.8044442,56.0678377],[60.8044442,56.0676221],[60.8041438,56.0676161],[60.8039936,56.0678197],[60.803543,56.0678677],[60.8034572,56.0676461],[60.8031997,56.0674245],[60.8029744,56.0673646],[60.8028886,56.0670951],[60.8022663,56.0669813],[60.8021268,56.0665261],[60.8019444,56.0663524],[60.8015153,56.0661188],[60.8008394,56.0660949],[60.7995841,56.0664063],[60.7992729,56.066598],[60.798758,56.0675982]]]}},{"type":"Feature","properties":{"id":200790437,"landuse":"industrial"},"geometry":{"type":"Polygon","coordinates":[[[60.7676341,56.0429634],[60.7674947,56.0429394],[60.7659578,56.0414665],[60.7694393,56.0404237],[60.7709091,56.041874],[60.7695171,56.0423431],[60.7693722,56.042472],[60.7676341,56.0429634]]]}},{"type":"Feature","properties":{"id":200790438,"landuse":"natural_wood"},"geometry":{"type":"Polygon","coordinates":[[[60.7701667,56.0444198],[60.7709177,56.0440363],[60.770657,56.0433872],[60.7701667,56.0430295],[60.7693545,56.0425156],[60.76768,56.0429994],[60.7674882,56.042961],[60.767205,56.042737],[60.7657904,56.0412592],[60.7636693,56.041726],[60.759202,56.0421568],[60.7580772,56.0427851],[60.7557439,56.0452569],[60.7695627,56.0447536],[60.7701667,56.0444198]]]}},{"type":"Feature","properties":{"id":200790440,"landuse":"natural_wood"},"geometry":{"type":"Polygon","coordinates":[[[60.7657722,56.063974],[60.765726,56.063184],[60.7692451,56.0630882],[60.7693524,56.0639387],[60.7657722,56.063974]]]}},{"type":"Feature","properties":{"id":200790441,"landuse":"natural_wood"},"geometry":{"type":"Polygon","coordinates":[[[60.7712396,56.0437965],[60.771261,56.0448752],[60.7714971,56.0477395],[60.7735951,56.0478827],[60.7734749,56.0463844],[60.7732657,56.0441627],[60.7729846,56.0413949],[60.7717619,56.0425901],[60.7713147,56.0431074],[60.7711967,56.0434669],[60.7712396,56.0437965]]]}},{"type":"Feature","properties":{"id":200790442,"landuse":"natural_wood"},"geometry":{"type":"Polygon","coordinates":[[[60.7697805,56.0476676],[60.7697805,56.0449471],[60.7701881,56.0446115],[60.7709392,56.044204],[60.7711076,56.0472344],[60.7704886,56.0475358],[60.7697805,56.0476676]]]}},{"type":"Feature","properties":{"id":200790445,"landuse":"natural_wood"},"geometry":{"type":"Polygon","coordinates":[[[60.7573361,56.0642502],[60.7573575,56.0636272],[60.7576794,56.0635434],[60.7576577,56.0633634],[60.7531869,56.0635118],[60.7528821,56.0604826],[60.7522506,56.0605125],[60.7525896,56.0641046],[60.7531733,56.06437],[60.7573361,56.0642502]]]}},{"type":"Feature","properties":{"id":200790446,"landuse":"natural_wood"},"geometry":{"type":"Polygon","coordinates":[[[60.7703531,56.0428868],[60.7696088,56.0424062],[60.7709252,56.041931],[60.76948,56.0403985],[60.7685466,56.0406323],[60.7682891,56.0403027],[60.7728596,56.0388882],[60.7729133,56.0394996],[60.7716258,56.0419148],[60.7717546,56.0421305],[60.7711752,56.0426939],[60.7708823,56.0435131],[60.7707321,56.0432374],[60.7703531,56.0428868]]]}},{"type":"Feature","properties":{"id":200802323,"landuse":"natural_wood"},"geometry":{"type":"Polygon","coordinates":[[[60.7673246,56.0800592],[60.7660197,56.0800602],[60.7659063,56.0803189],[60.7660443,56.0803959],[60.7661577,56.080506],[60.766138,56.0806546],[60.7658274,56.0807399],[60.7656384,56.0810252],[60.7661657,56.0809897],[60.7662009,56.0811543],[60.7678804,56.0810408],[60.7673246,56.0800592]]]}},{"type":"Feature","properties":{"id":200802325,"landuse":"natural_wood"},"geometry":{"type":"Polygon","coordinates":[[[60.7780961,56.0792078],[60.7770086,56.0806643],[60.7717276,56.0807205],[60.7680058,56.0807992],[60.7681146,56.0809745],[60.7702897,56.0809071],[60.7716998,56.0812264],[60.7778925,56.0824343],[60.7781264,56.0819688],[60.7781693,56.0817114],[60.7782895,56.0814824],[60.7786199,56.0813701],[60.7787401,56.0814644],[60.7789418,56.0816216],[60.7791671,56.0815617],[60.7793602,56.0812444],[60.7793516,56.0810274],[60.7791768,56.080798],[60.7788455,56.0799991],[60.7782501,56.0797596],[60.7780961,56.0792078]]]}},{"type":"Feature","properties":{"id":202133317,"landuse":"natural_wood"},"geometry":{"type":"Polygon","coordinates":[[[60.7400767,56.0714752],[60.7405059,56.0714573],[60.7412891,56.0705171],[60.7399909,56.070571],[60.7400767,56.0714752]]]}},{"type":"Feature","properties":{"id":230502636,"landuse":"military"},"geometry":{"type":"Polygon","coordinates":[[[60.7576022,56.072745],[60.7575983,56.0724685],[60.7574083,56.0708659],[60.7633105,56.0706019],[60.7632911,56.0712341],[60.764051,56.071259],[60.7642805,56.0711159],[60.7647635,56.0712477],[60.7651952,56.0741558],[60.7593729,56.0743673],[60.7579658,56.073589],[60.757868,56.0727427],[60.7576022,56.072745]]]}},{"type":"Feature","properties":{"id":243350453,"landuse":"natural_wood"},"geometry":{"type":"Polygon","coordinates":[[[60.7625866,56.0345926],[60.7631985,56.0345059],[60.7629737,56.0320225],[60.7628214,56.0315004],[60.7627232,56.0314827],[60.7626441,56.0315906],[60.7625903,56.0315287],[60.7626726,56.0314739],[60.7626314,56.0314403],[60.7617922,56.0315005],[60.7617226,56.031566],[60.7617674,56.031591],[60.7617159,56.0316248],[60.7617069,56.0316973],[60.7615928,56.0316873],[60.7616687,56.0316031],[60.7615991,56.0315271],[60.7614851,56.0315058],[60.7613066,56.0315058],[60.7612114,56.0313806],[60.7609551,56.0310986],[60.7606843,56.0310234],[60.7604462,56.0307327],[60.7598897,56.0295321],[60.759281,56.029362],[60.7487395,56.0298156],[60.7492736,56.0347475],[60.7493971,56.034797],[60.7493337,56.0350199],[60.7505656,56.0350197],[60.7526699,56.0349646],[60.7551598,56.0348749],[60.7625866,56.0345926]]]}},{"type":"Feature","properties":{"id":245298789,"landuse":"grass"},"geometry":{"type":"Polygon","coordinates":[[[60.7565351,56.0727393],[60.7569025,56.0727276],[60.7569951,56.0727493],[60.7570279,56.0727759],[60.7570458,56.0728093],[60.7570488,56.0728468],[60.7571077,56.0734261],[60.7570982,56.0734426],[60.7570675,56.0734549],[60.7570306,56.0734644],[60.7569545,56.0727866],[60.7565047,56.0728008],[60.7565351,56.0727393]]]}},{"type":"Feature","properties":{"id":245298791,"landuse":"grass"},"geometry":{"type":"Polygon","coordinates":[[[60.7511949,56.0729719],[60.7528854,56.0729253],[60.7528824,56.0728702],[60.7512412,56.0729194],[60.7511949,56.0729719]]]}},{"type":"Feature","properties":{"id":245298794,"landuse":"grass"},"geometry":{"type":"Polygon","coordinates":[[[60.7535777,56.0729069],[60.7547753,56.0728635],[60.7547664,56.0728052],[60.7545095,56.0728118],[60.7542556,56.0728452],[60.7535657,56.0728635],[60.7535777,56.0729069]]]}},{"type":"Feature","properties":{"id":245421597,"landuse":"grass"},"geometry":{"type":"Polygon","coordinates":[[[60.7544817,56.0775495],[60.754413,56.0766895],[60.7549206,56.0766782],[60.7549272,56.0767533],[60.7545588,56.076759],[60.7545805,56.0770567],[60.7550455,56.0770431],[60.7550699,56.0769004],[60.7554179,56.0768883],[60.7554179,56.0767259],[60.7550944,56.0767441],[60.7550808,56.0766713],[60.7554864,56.076663],[60.7555017,56.0769704],[60.7554445,56.077097],[60.7551712,56.0771117],[60.7546635,56.0771226],[60.7545438,56.0771696],[60.7545628,56.0774046],[60.7545236,56.0774059],[60.754533,56.0775231],[60.7544817,56.0775495]]]}},{"type":"Feature","properties":{"id":245421598,"landuse":"grass"},"geometry":{"type":"Polygon","coordinates":[[[60.7538539,56.0777445],[60.753763,56.0767312],[60.7538633,56.0766805],[60.7539668,56.0777445],[60.7538539,56.0777445]]]}},{"type":"Feature","properties":{"id":245421599,"landuse":"grass"},"geometry":{"type":"Polygon","coordinates":[[[60.7540604,56.0778601],[60.754056,56.0778057],[60.7540959,56.0777871],[60.7551092,56.0777488],[60.7551115,56.0778218],[60.7540604,56.0778601]]]}},{"type":"Feature","properties":{"id":245421600,"landuse":"grass"},"geometry":{"type":"Polygon","coordinates":[[[60.7546015,56.0777364],[60.7551048,56.0777228],[60.7550982,56.0776498],[60.7548032,56.0776535],[60.7545527,56.0775471],[60.7544817,56.0775916],[60.7546015,56.0777364]]]}},{"type":"Feature","properties":{"id":245421601,"landuse":"grass"},"geometry":{"type":"Polygon","coordinates":[[[60.7543337,56.0766612],[60.7542652,56.0766627],[60.7542993,56.0771509],[60.7540902,56.0771555],[60.7540561,56.0766672],[60.7539292,56.07667],[60.7540295,56.0777393],[60.754086,56.0777655],[60.7545501,56.077741],[60.7544184,56.0775888],[60.7543337,56.0766612]]]}},{"type":"Feature","properties":{"id":245421602,"landuse":"grass"},"geometry":{"type":"Polygon","coordinates":[[[60.7551558,56.077823],[60.7551447,56.0776436],[60.7551957,56.0776423],[60.7552556,56.0776659],[60.75526,56.0777921],[60.7552002,56.0778193],[60.7551558,56.077823]]]}},{"type":"Feature","properties":{"id":249410654,"landuse":"natural_wood"},"geometry":{"type":"Polygon","coordinates":[[[60.7845218,56.0799832],[60.7811876,56.077613],[60.7801209,56.076933],[60.7791457,56.0765471],[60.7791998,56.0773766],[60.7789367,56.0776611],[60.778521,56.0786804],[60.7803253,56.0785298],[60.780697,56.0801763],[60.7807073,56.0801758],[60.7808515,56.0804302],[60.7812077,56.0806741],[60.7818191,56.0807192],[60.7819898,56.0807313],[60.7820827,56.0805143],[60.7825689,56.0807],[60.7825732,56.0807832],[60.7824738,56.080829],[60.7824003,56.0808953],[60.7823463,56.0811702],[60.7823096,56.0814029],[60.782234,56.0821855],[60.782409,56.0824978],[60.7824263,56.0827582],[60.7823161,56.0828197],[60.7820287,56.0828462],[60.7819509,56.0828667],[60.7818536,56.0828691],[60.781523,56.0828305],[60.7812356,56.0828342],[60.7802314,56.0826797],[60.7790169,56.0824597],[60.7789976,56.0826318],[60.783058,56.0833689],[60.7830461,56.0832589],[60.7825393,56.0830472],[60.7825904,56.0828501],[60.7826502,56.0824877],[60.7834485,56.0824288],[60.7852793,56.0824486],[60.7888091,56.0815422],[60.7866526,56.0806691],[60.7845218,56.0799832]]]}},{"type":"Feature","properties":{"id":254990760,"landuse":"construction"},"geometry":{"type":"Polygon","coordinates":[[[60.7692228,56.0768456],[60.7700133,56.0768237],[60.7699788,56.0764373],[60.7691883,56.0764594],[60.7692228,56.0768456]]]}},{"type":"Feature","properties":{"id":287996785,"landuse":"grass"},"geometry":{"type":"Polygon","coordinates":[[[60.7530093,56.0726516],[60.7528601,56.0710416],[60.7522486,56.0710592],[60.7523978,56.0726693],[60.7530093,56.0726516]]]}},{"type":"Feature","properties":{"id":344139097,"landuse":"residential"},"geometry":{"type":"Polygon","coordinates":[[[60.7603991,56.0745325],[60.7605532,56.0758586],[60.7609364,56.0758558],[60.7611349,56.0759456],[60.7634389,56.0758708],[60.7634872,56.0762052],[60.7651589,56.0761466],[60.7650581,56.0743629],[60.7603991,56.0745325]]]}},{"type":"Feature","properties":{"id":365035719,"landuse":"leisure_playground"},"geometry":{"type":"Polygon","coordinates":[[[60.7501395,56.0843915],[60.7500864,56.0842962],[60.7502237,56.0841941],[60.7504811,56.0841644],[60.7506581,56.0842523],[60.7506439,56.0843411],[60.7505391,56.0844379],[60.7501395,56.0843915]]]}},{"type":"Feature","properties":{"id":367164658,"landuse":"industrial"},"geometry":{"type":"Polygon","coordinates":[[[60.7056791,56.0636488],[60.730977,56.0627341],[60.7303855,56.0555054],[60.7043773,56.0564458],[60.7056791,56.0636488]]]}},{"type":"Feature","properties":{"id":367185217,"landuse":"leisure_playground"},"geometry":{"type":"Polygon","coordinates":[[[60.7208478,56.0808524],[60.7208784,56.0810075],[60.7204495,56.080864],[60.7208478,56.0808524]]]}},{"type":"Feature","properties":{"id":367185218,"landuse":"leisure_playground"},"geometry":{"type":"Polygon","coordinates":[[[60.7210155,56.0809745],[60.721642,56.0809602],[60.7215054,56.0807926],[60.720993,56.0808069],[60.7210155,56.0809745]]]}},{"type":"Feature","properties":{"id":430805070,"landuse":"allotments"},"geometry":{"type":"Polygon","coordinates":[[[60.807053,56.0752234],[60.8044749,56.0764533],[60.801474,56.07784],[60.8011092,56.078822],[60.8033194,56.0844496],[60.8075465,56.0818993],[60.808083,56.0786064],[60.807053,56.0752234]]]}},{"type":"Feature","properties":{"id":430805071,"landuse":"allotments"},"geometry":{"type":"Polygon","coordinates":[[[60.7989527,56.0713731],[60.801989,56.0711815],[60.8041613,56.0715458],[60.8063906,56.0719588],[60.8066775,56.071436],[60.8078659,56.0716055],[60.808319,56.0706305],[60.8025254,56.0689837],[60.8014847,56.0693909],[60.8001973,56.0694807],[60.7996179,56.0702233],[60.7984055,56.0704928],[60.7989527,56.0713731]]]}},{"type":"Feature","properties":{"id":430810310,"landuse":"natural_wetland"},"geometry":{"type":"Polygon","coordinates":[[[60.8061224,56.0721954],[60.8059937,56.0724589],[60.8057576,56.0725128],[60.8047169,56.0725068],[60.8044916,56.0727463],[60.8043092,56.0728361],[60.8039123,56.0728241],[60.8034402,56.0727283],[60.8030111,56.0723451],[60.8029789,56.0722133],[60.8033329,56.0718421],[60.803569,56.0714468],[60.8034939,56.0711714],[60.8032685,56.0710935],[60.8024853,56.0714349],[60.802024,56.0715187],[60.8019274,56.0716564],[60.8019167,56.0717942],[60.8023459,56.0721295],[60.8023781,56.0725786],[60.8025819,56.0732972],[60.8029038,56.0734948],[60.8038586,56.0734709],[60.804556,56.0735607],[60.8055109,56.0734229],[60.8059722,56.0734888],[60.806691,56.0734888],[60.807324,56.0732972],[60.8075601,56.0732792],[60.8087081,56.0734229],[60.8092016,56.073375],[60.8094269,56.0731415],[60.8094269,56.0728661],[60.809266,56.0725966],[60.8087617,56.0722792],[60.8085257,56.0722672],[60.8083111,56.0723271],[60.8081394,56.0725906],[60.8077103,56.0727523],[60.8074528,56.0727942],[60.8072489,56.0727163],[60.8073992,56.0722972],[60.807367,56.0720217],[60.8070129,56.0716564],[60.8067769,56.0716385],[60.8066052,56.071896],[60.8066159,56.0721654],[60.8064336,56.0722493],[60.8062619,56.0721415],[60.8061224,56.0721954]]]}},{"type":"Feature","properties":{"id":432369237,"landuse":"natural_wood"},"geometry":{"type":"Polygon","coordinates":[[[60.7930038,56.0590071],[60.7923983,56.0576833],[60.792999,56.057766],[60.7934868,56.0582063],[60.7939205,56.0581995],[60.7941917,56.0581423],[60.7940221,56.0579631],[60.7945466,56.057712],[60.7947612,56.0571972],[60.7943482,56.0568436],[60.7940755,56.0566557],[60.793468,56.056656],[60.7929164,56.0570896],[60.7924868,56.0571094],[60.7921962,56.0566776],[60.7919454,56.054294],[60.7908365,56.0509645],[60.7892327,56.0511296],[60.791279,56.0594683],[60.7923424,56.0589368],[60.7930038,56.0590071]]]}},{"type":"Feature","properties":{"id":432369240,"landuse":"natural_wood"},"geometry":{"type":"Polygon","coordinates":[[[60.8095354,56.0453558],[60.8098626,56.0462113],[60.8095183,56.0478772],[60.8088166,56.0481198],[60.807908,56.0486712],[60.8075505,56.0509479],[60.8074428,56.0526096],[60.8073872,56.0532764],[60.8076557,56.0534174],[60.8077543,56.0538877],[60.8069729,56.0539258],[60.8060473,56.0539851],[60.8059184,56.0543833],[60.8065556,56.0546078],[60.8079591,56.0549383],[60.8086037,56.0546304],[60.810197,56.0544784],[60.8124546,56.0530988],[60.8140078,56.0528176],[60.8158708,56.0533654],[60.8159459,56.0540065],[60.8174718,56.0544212],[60.818435,56.0544858],[60.8193844,56.0537219],[60.8195503,56.0532386],[60.8181667,56.0523649],[60.8170187,56.051556],[60.8165681,56.0525626],[60.8154631,56.0526465],[60.8145618,56.0526105],[60.8152807,56.0517118],[60.8136284,56.0521072],[60.812695,56.0519455],[60.8103991,56.0513523],[60.8100128,56.0487399],[60.8100289,56.0478741],[60.8099109,56.0470412],[60.8111769,56.0468674],[60.8114237,56.0475146],[60.8119923,56.0474517],[60.8120435,56.0476865],[60.811708,56.0480119],[60.8125483,56.0486428],[60.8139181,56.0481767],[60.8142936,56.0483414],[60.8142831,56.0487771],[60.8142722,56.0492702],[60.8145779,56.0500491],[60.8147657,56.05013],[60.8145082,56.0491504],[60.8145726,56.0484437],[60.8147174,56.0477962],[60.8150393,56.0471131],[60.8156798,56.0471586],[60.8163478,56.0463246],[60.8095354,56.0453558]]]}},{"type":"Feature","properties":{"id":432369246,"landuse":"natural_wood"},"geometry":{"type":"Polygon","coordinates":[[[60.7917924,56.0519177],[60.7931457,56.0533852],[60.7967964,56.0560414],[60.8006538,56.0585151],[60.8007378,56.0580667],[60.8004637,56.0576324],[60.7994775,56.0568234],[60.7977821,56.0558547],[60.7958242,56.0547653],[60.7938636,56.0532842],[60.7933752,56.0523332],[60.7917924,56.0519177]]]}},{"type":"Feature","properties":{"id":432369247,"landuse":"natural_wood"},"geometry":{"type":"Polygon","coordinates":[[[60.8062738,56.0354955],[60.8051875,56.0325118],[60.7979375,56.0289629],[60.8001951,56.0261381],[60.8019249,56.0235705],[60.7970932,56.0230886],[60.7956764,56.0228909],[60.7953809,56.0227093],[60.7942597,56.0225967],[60.7894564,56.0384384],[60.8062738,56.0354955]]]}},{"type":"Feature","properties":{"id":432369249,"landuse":"natural_wood"},"geometry":{"type":"Polygon","coordinates":[[[60.8056099,56.0448684],[60.8054608,56.045216],[60.8042539,56.0482311],[60.805185,56.0483172],[60.8052063,56.0493271],[60.8046452,56.0504704],[60.8053243,56.0505974],[60.8055818,56.0516699],[60.8060324,56.0514362],[60.8060951,56.0507434],[60.807277,56.0500615],[60.8076686,56.0485632],[60.8085236,56.0481353],[60.8081514,56.0452015],[60.8056099,56.0448684]]]}},{"type":"Feature","properties":{"id":432369251,"landuse":"natural_wood"},"geometry":{"type":"Polygon","coordinates":[[[60.791522,56.0516047],[60.7917924,56.0519177],[60.7933752,56.0523332],[60.7946491,56.0523709],[60.7953297,56.0517245],[60.7979398,56.0526824],[60.7991023,56.0526075],[60.7997123,56.0523869],[60.7998741,56.0499299],[60.8008582,56.0499604],[60.8011161,56.0495833],[60.801924,56.0492876],[60.8035998,56.0478258],[60.804934,56.0444789],[60.8077866,56.0449499],[60.8073639,56.043449],[60.8091046,56.0433213],[60.7994986,56.0409856],[60.7955289,56.0461453],[60.786605,56.0467715],[60.7887623,56.0500721],[60.7892327,56.0511296],[60.7908365,56.0509645],[60.7912083,56.0508035],[60.791522,56.0516047]]]}},{"type":"Feature","properties":{"id":432370262,"landuse":"natural_wood"},"geometry":{"type":"Polygon","coordinates":[[[60.8055921,56.0266048],[60.8034156,56.0264755],[60.8026851,56.0275528],[60.802113,56.0283878],[60.8020198,56.0283585],[60.8005485,56.0278963],[60.8014059,56.0267271],[60.8001951,56.0261381],[60.7979375,56.0289629],[60.8051875,56.0325118],[60.8066709,56.0332655],[60.8062202,56.0272062],[60.8055921,56.0266048]]]}},{"type":"Feature","properties":{"id":433937925,"landuse":"grass"},"geometry":{"type":"Polygon","coordinates":[[[60.7495024,56.0783092],[60.7488902,56.0783263],[60.7488568,56.0783574],[60.7480053,56.0783822],[60.7478021,56.0784583],[60.7477694,56.0784249],[60.7479886,56.0783539],[60.7482641,56.0783096],[60.7492061,56.0782755],[60.7492589,56.0782359],[60.7494913,56.0781776],[60.7495024,56.0783092]]]}},{"type":"Feature","properties":{"id":433937928,"landuse":"grass"},"geometry":{"type":"Polygon","coordinates":[[[60.7518745,56.0782347],[60.7518664,56.0781403],[60.7518473,56.078116],[60.7518091,56.0780916],[60.7517328,56.0780856],[60.751681,56.0780977],[60.7516292,56.0781236],[60.7516101,56.0781921],[60.7498625,56.0782529],[60.7497589,56.0781738],[60.7496499,56.0781753],[60.7496798,56.0783138],[60.7518745,56.0782347]]]}},{"type":"Feature","properties":{"id":433937932,"landuse":"grass"},"geometry":{"type":"Polygon","coordinates":[[[60.7519645,56.0782362],[60.7533904,56.0781905],[60.7533713,56.0780414],[60.7531178,56.078049],[60.7530551,56.0780643],[60.7530005,56.0780977],[60.7529814,56.0781434],[60.7522453,56.0781677],[60.752229,56.0781327],[60.7521881,56.0780962],[60.7521281,56.078081],[60.7520572,56.0780795],[60.7520081,56.0780932],[60.7519618,56.0781266],[60.7519645,56.0782362]]]}},{"type":"Feature","properties":{"id":433937934,"landuse":"grass"},"geometry":{"type":"Polygon","coordinates":[[[60.7491564,56.079598],[60.749358,56.0794966],[60.7497444,56.0794791],[60.7497898,56.0794252],[60.7496932,56.0784012],[60.7495455,56.0784995],[60.7495484,56.0786422],[60.7493268,56.0788292],[60.74902,56.078834],[60.7488155,56.0787531],[60.7488013,56.0785835],[60.7487218,56.0785359],[60.7487534,56.0788671],[60.7490005,56.0788655],[60.7490331,56.0795796],[60.7487718,56.0795835],[60.7487732,56.0796065],[60.7491564,56.079598]]]}},{"type":"Feature","properties":{"id":433937937,"landuse":"grass"},"geometry":{"type":"Polygon","coordinates":[[[60.7535599,56.0757783],[60.7535051,56.07578],[60.7537005,56.0777568],[60.7537553,56.0777551],[60.7535599,56.0757783]]]}},{"type":"Feature","properties":{"id":433937940,"landuse":"grass"},"geometry":{"type":"Polygon","coordinates":[[[60.7534846,56.0749358],[60.7533163,56.0729979],[60.7532517,56.0729997],[60.75342,56.0749375],[60.7534846,56.0749358]]]}},{"type":"Feature","properties":{"id":433937943,"landuse":"grass"},"geometry":{"type":"Polygon","coordinates":[[[60.7540662,56.0811172],[60.7540143,56.0811189],[60.7540888,56.0818523],[60.7541407,56.0818506],[60.7540662,56.0811172]]]}},{"type":"Feature","properties":{"id":433937945,"landuse":"grass"},"geometry":{"type":"Polygon","coordinates":[[[60.7531426,56.0712894],[60.7530766,56.0706186],[60.7530231,56.0705248],[60.7530866,56.0712911],[60.7531426,56.0712894]]]}},{"type":"Feature","properties":{"id":433937948,"landuse":"grass"},"geometry":{"type":"Polygon","coordinates":[[[60.7537852,56.0782176],[60.7537391,56.078219],[60.7538112,56.0789647],[60.7538573,56.0789633],[60.7537852,56.0782176]]]}},{"type":"Feature","properties":{"id":433937950,"landuse":"grass"},"geometry":{"type":"Polygon","coordinates":[[[60.7532598,56.0726625],[60.7531572,56.0714353],[60.7531055,56.0714367],[60.7532081,56.0726638],[60.7532598,56.0726625]]]}},{"type":"Feature","properties":{"id":433937952,"landuse":"grass"},"geometry":{"type":"Polygon","coordinates":[[[60.7539379,56.0798413],[60.7538941,56.0798426],[60.7540016,56.0809686],[60.7540454,56.0809673],[60.7539379,56.0798413]]]}},{"type":"Feature","properties":{"id":433937954,"landuse":"grass"},"geometry":{"type":"Polygon","coordinates":[[[60.7542811,56.0810682],[60.7542038,56.08107],[60.7542624,56.0818368],[60.7543398,56.0818349],[60.7542811,56.0810682]]]}},{"type":"Feature","properties":{"id":433937956,"landuse":"grass"},"geometry":{"type":"Polygon","coordinates":[[[60.7534988,56.0750874],[60.7534476,56.0750888],[60.753508,56.0757491],[60.7535593,56.0757476],[60.7534988,56.0750874]]]}},{"type":"Feature","properties":{"id":433937959,"landuse":"grass"},"geometry":{"type":"Polygon","coordinates":[[[60.7542799,56.0810102],[60.7541346,56.0796456],[60.7540598,56.0796857],[60.7541929,56.0809787],[60.7542799,56.0810102]]]}},{"type":"Feature","properties":{"id":433937961,"landuse":"grass"},"geometry":{"type":"Polygon","coordinates":[[[60.7538793,56.0791167],[60.7538282,56.0791179],[60.753871,56.0796898],[60.753922,56.0796886],[60.7538793,56.0791167]]]}},{"type":"Feature","properties":{"id":433937964,"landuse":"grass"},"geometry":{"type":"Polygon","coordinates":[[[60.7495888,56.0783466],[60.7493531,56.0783545],[60.7493545,56.0787072],[60.7494738,56.0786224],[60.7494695,56.0784663],[60.7495874,56.0784045],[60.7495888,56.0783466]]]}},{"type":"Feature","properties":{"id":434000309,"landuse":"grass"},"geometry":{"type":"Polygon","coordinates":[[[60.7479933,56.0768488],[60.7481583,56.0767427],[60.7481257,56.0763842],[60.7481686,56.0763479],[60.7485652,56.0763339],[60.7486437,56.0763661],[60.7486525,56.0764883],[60.7488109,56.076589],[60.7488257,56.0767261],[60.7485386,56.0767319],[60.748361,56.0768484],[60.7480044,56.0768632],[60.7479933,56.0768488]]]}},{"type":"Feature","properties":{"id":434000310,"landuse":"grass"},"geometry":{"type":"Polygon","coordinates":[[[60.749465,56.0764623],[60.749563,56.0764602],[60.7495602,56.0764189],[60.7495805,56.0764184],[60.7495777,56.076378],[60.7495574,56.0763784],[60.7495544,56.076334],[60.7494564,56.0763361],[60.7494595,56.0763817],[60.749441,56.0763821],[60.7494436,56.0764201],[60.7494621,56.0764197],[60.749465,56.0764623]]]}},{"type":"Feature","properties":{"id":434000311,"landuse":"grass"},"geometry":{"type":"Polygon","coordinates":[[[60.7498031,56.0759091],[60.7497987,56.0758422],[60.7499052,56.0757522],[60.7499215,56.0757167],[60.7499082,56.0755532],[60.7502604,56.0755507],[60.7507428,56.0752749],[60.7507162,56.0750428],[60.7510255,56.0750312],[60.7510625,56.0752815],[60.7505297,56.0756176],[60.750546,56.0758951],[60.7498031,56.0759091]]]}},{"type":"Feature","properties":{"id":434000312,"landuse":"grass"},"geometry":{"type":"Polygon","coordinates":[[[60.74926,56.0759888],[60.7493414,56.0760198],[60.7493991,56.0767119],[60.7493111,56.0767148],[60.7492652,56.0767594],[60.7492149,56.0767614],[60.7491853,56.0764674],[60.7490958,56.0764712],[60.749061,56.0761672],[60.7488338,56.0761763],[60.7488375,56.0762102],[60.7487702,56.0762114],[60.7487672,56.0761123],[60.7492674,56.0761028],[60.74926,56.0759888]]]}},{"type":"Feature","properties":{"id":434000313,"landuse":"grass"},"geometry":{"type":"Polygon","coordinates":[[[60.7494647,56.0767104],[60.7496065,56.0767074],[60.7496031,56.0766573],[60.7495855,56.0766576],[60.7495786,56.0765576],[60.7495972,56.0765572],[60.7495947,56.0765201],[60.7495761,56.0765205],[60.7495742,56.0764922],[60.7494665,56.0764945],[60.7494681,56.0765188],[60.7494472,56.0765192],[60.7494501,56.0765615],[60.749471,56.076561],[60.7494781,56.0766633],[60.7494614,56.0766637],[60.7494647,56.0767104]]]}},{"type":"Feature","properties":{"id":434000314,"landuse":"grass"},"geometry":{"type":"Polygon","coordinates":[[[60.7494457,56.0763091],[60.7495494,56.0763069],[60.7495475,56.0762785],[60.7495716,56.076278],[60.7495687,56.076235],[60.7495445,56.0762355],[60.7495383,56.0761456],[60.7495606,56.0761451],[60.7495583,56.0761112],[60.7494121,56.0761143],[60.7494145,56.0761492],[60.7494347,56.0761488],[60.7494411,56.0762413],[60.749422,56.0762417],[60.7494246,56.0762797],[60.7494437,56.0762793],[60.7494457,56.0763091]]]}},{"type":"Feature","properties":{"id":434000315,"landuse":"grass"},"geometry":{"type":"Polygon","coordinates":[[[60.7496796,56.0767113],[60.7496233,56.0760109],[60.749718,56.0759746],[60.7497269,56.0760919],[60.7502645,56.0760727],[60.7502907,56.0760778],[60.7503111,56.0760859],[60.7503314,56.0760974],[60.7503407,56.076109],[60.7503481,56.0761208],[60.7503518,56.0761309],[60.7503525,56.0761427],[60.7503547,56.0761687],[60.7502574,56.0761707],[60.7502541,56.0761406],[60.7500266,56.0761491],[60.7500554,56.0764418],[60.7499407,56.0764462],[60.7499785,56.0767881],[60.7498608,56.0767899],[60.7496796,56.0767113]]]}},{"type":"Feature","properties":{"id":434000316,"landuse":"grass"},"geometry":{"type":"Polygon","coordinates":[[[60.7494013,56.0760762],[60.7495601,56.0760728],[60.7495552,56.0760027],[60.7493965,56.0760061],[60.7494013,56.0760762]]]}},{"type":"Feature","properties":{"id":434000317,"landuse":"grass"},"geometry":{"type":"Polygon","coordinates":[[[60.7476248,56.0759711],[60.7491727,56.0759298],[60.7491697,56.0758786],[60.7490306,56.075791],[60.7489803,56.0757497],[60.7489744,56.0755598],[60.7482582,56.0755697],[60.7476248,56.0759711]]]}},{"type":"Feature","properties":{"id":434002611,"landuse":"grass"},"geometry":{"type":"Polygon","coordinates":[[[60.7479487,56.0730828],[60.7495527,56.073037],[60.7495571,56.0730213],[60.7494165,56.0729751],[60.7489666,56.0729875],[60.7489444,56.0730296],[60.7481542,56.0730519],[60.7481231,56.0730106],[60.7480181,56.0730122],[60.7479707,56.073035],[60.747947,56.0730626],[60.7479487,56.0730828]]]}},{"type":"Feature","properties":{"id":434002613,"landuse":"grass"},"geometry":{"type":"Polygon","coordinates":[[[60.7511228,56.0729776],[60.7501061,56.0730139],[60.7500958,56.0729982],[60.7502275,56.0729503],[60.7510591,56.0729255],[60.7511228,56.0729776]]]}},{"type":"Feature","properties":{"id":434002615,"landuse":"grass"},"geometry":{"type":"Polygon","coordinates":[[[60.7478597,56.0730837],[60.7465264,56.0731266],[60.7465234,56.0731151],[60.7465501,56.0730779],[60.7465812,56.0730639],[60.7477991,56.0730234],[60.7478346,56.0730383],[60.7478612,56.0730639],[60.7478597,56.0730837]]]}},{"type":"Feature","properties":{"id":434054809,"landuse":"residential"},"geometry":{"type":"Polygon","coordinates":[[[60.7666471,56.0776778],[60.7679843,56.0807571],[60.7769708,56.080614],[60.7779028,56.0792078],[60.7788643,56.0772965],[60.7666471,56.0776778]]]}},{"type":"Feature","properties":{"id":434334791,"landuse":"grass"},"geometry":{"type":"Polygon","coordinates":[[[60.753678,56.075768],[60.7539049,56.0757621],[60.7538939,56.0756316],[60.7541172,56.0756257],[60.7541015,56.0754384],[60.7546482,56.075424],[60.7546408,56.0753364],[60.7538708,56.0753566],[60.7538419,56.0750126],[60.753615,56.0750186],[60.753678,56.075768]]]}},{"type":"Feature","properties":{"id":434334792,"landuse":"grass"},"geometry":{"type":"Polygon","coordinates":[[[60.754206,56.0757765],[60.7541657,56.0757761],[60.7541332,56.0757684],[60.7541035,56.0757523],[60.7541001,56.0756939],[60.7541226,56.0756778],[60.754154,56.0756674],[60.7541899,56.075664],[60.7542256,56.0756681],[60.7542563,56.0756791],[60.7542746,56.0756956],[60.7542745,56.0757493],[60.7542452,56.0757681],[60.754206,56.0757765]]]}},{"type":"Feature","properties":{"id":434334793,"landuse":"grass"},"geometry":{"type":"Polygon","coordinates":[[[60.7542877,56.0758383],[60.7541158,56.0758433],[60.7541863,56.0766012],[60.7543583,56.0765962],[60.7542877,56.0758383]]]}},{"type":"Feature","properties":{"id":434334794,"landuse":"grass"},"geometry":{"type":"Polygon","coordinates":[[[60.75361,56.0749683],[60.7538245,56.0749629],[60.7537615,56.0741895],[60.753547,56.0741949],[60.75361,56.0749683]]]}},{"type":"Feature","properties":{"id":434334795,"landuse":"recreation_ground"},"geometry":{"type":"Polygon","coordinates":[[[60.7553015,56.0750147],[60.7560951,56.0749894],[60.7560763,56.0747376],[60.7559001,56.0746808],[60.7558778,56.074552],[60.7552541,56.074552],[60.7553015,56.0750147]]]}},{"type":"Feature","properties":{"id":434334796,"landuse":"grass"},"geometry":{"type":"Polygon","coordinates":[[[60.754056,56.0765934],[60.7540032,56.0758382],[60.7536934,56.075845],[60.753736,56.0765594],[60.753862,56.0765976],[60.754056,56.0765934]]]}},{"type":"Feature","properties":{"id":434334797,"landuse":"grass"},"geometry":{"type":"Polygon","coordinates":[[[60.7544112,56.0752341],[60.7543255,56.0741893],[60.7541391,56.074194],[60.7542072,56.0750242],[60.7542248,56.0752388],[60.7544112,56.0752341]]]}},{"type":"Feature","properties":{"id":434498005,"landuse":"grass"},"geometry":{"type":"Polygon","coordinates":[[[60.7582003,56.0636491],[60.7582044,56.0637269],[60.7582064,56.0637943],[60.7582207,56.0638355],[60.7582453,56.0638572],[60.7582904,56.0638698],[60.7583437,56.0638767],[60.7584174,56.0638698],[60.7584871,56.0638469],[60.7585608,56.0638161],[60.7585772,56.0637863],[60.7585813,56.063752],[60.7585649,56.0637211],[60.7585096,56.0636708],[60.7584563,56.0636296],[60.7583805,56.0636068],[60.7582904,56.0636056],[60.7582269,56.0636205],[60.7582003,56.0636491]]]}},{"type":"Feature","properties":{"id":439464124,"landuse":"natural_wetland"},"geometry":{"type":"Polygon","coordinates":[[[60.7959038,56.1065204],[60.7960326,56.1084349],[60.7944876,56.1119286],[60.7975775,56.1125029],[60.7990796,56.1134121],[60.7976204,56.1145606],[60.7973629,56.1161158],[60.7983071,56.1167858],[60.8026844,56.1166661],[60.8063322,56.1177428],[60.8083922,56.1177188],[60.8138424,56.1187237],[60.8171898,56.1201352],[60.8191639,56.119872],[60.8193356,56.1175274],[60.8191639,56.1152784],[60.8204085,56.1141778],[60.8240563,56.1153024],[60.8253437,56.1170489],[60.8322531,56.1181495],[60.8345276,56.1184126],[60.8341843,56.1161158],[60.8256871,56.114441],[60.8230692,56.1125268],[60.8227259,56.1104211],[60.8214384,56.1080999],[60.8202368,56.1101818],[60.817104,56.1103493],[60.8123404,56.1092246],[60.8086497,56.1096075],[60.8058173,56.1091049],[60.8018691,56.1084588],[60.7973629,56.1068315],[60.7959038,56.1065204]]]}},{"type":"Feature","properties":{"id":439464125,"landuse":"natural_wetland"},"geometry":{"type":"Polygon","coordinates":[[[60.7975668,56.1046178],[60.7959038,56.1060298],[60.7964295,56.106311],[60.7977277,56.1065144],[60.7979101,56.1054315],[60.798586,56.1053956],[60.7986289,56.1049289],[60.7975668,56.1046178]]]}},{"type":"Feature","properties":{"id":439464130,"landuse":"quarry"},"geometry":{"type":"Polygon","coordinates":[[[60.8026093,56.1015842],[60.8017188,56.1018953],[60.8017296,56.1028168],[60.8025772,56.1031459],[60.8037037,56.1033852],[60.8044118,56.1040494],[60.8052057,56.1040494],[60.8048195,56.1030621],[60.8052379,56.102386],[60.8041436,56.1017038],[60.8038646,56.101273],[60.803017,56.1011473],[60.8026093,56.1015842]]]}},{"type":"Feature","properties":{"id":440803169,"landuse":"natural_wetland"},"geometry":{"type":"Polygon","coordinates":[[[60.7989176,56.0579162],[60.7987031,56.0579881],[60.7985421,56.05809],[60.7983276,56.0584973],[60.7978984,56.058701],[60.7969865,56.0589286],[60.7968041,56.0590185],[60.7967397,56.059276],[60.7970723,56.0598092],[60.7972439,56.0603782],[60.797362,56.060498],[60.797834,56.0605639],[60.7980379,56.0606418],[60.7984456,56.0609832],[60.7991537,56.0609653],[60.7996043,56.0610491],[60.7998403,56.0610132],[60.80013,56.0607976],[60.8001944,56.06054],[60.800366,56.0602884],[60.8002587,56.0595816],[60.8003124,56.0588927],[60.8002266,56.0587669],[60.7997008,56.0584853],[60.7992395,56.0580121],[60.7989176,56.0579162]]]}},{"type":"Feature","properties":{"id":440803185,"landuse":"meadow"},"geometry":{"type":"Polygon","coordinates":[[[60.807449,56.0434814],[60.8078263,56.0447527],[60.808216,56.0451623],[60.8086558,56.0479846],[60.8094176,56.0478768],[60.8097502,56.0462229],[60.8090099,56.0433585],[60.807449,56.0434814]]]}},{"type":"Feature","properties":{"id":484900309,"landuse":"natural_wood"},"geometry":{"type":"Polygon","coordinates":[[[60.7914936,56.0602829],[60.7934467,56.0666121],[60.7983953,56.0674508],[60.7988443,56.0664731],[60.7991882,56.0658275],[60.7984246,56.0659202],[60.7972773,56.0640444],[60.7970295,56.0634284],[60.7963026,56.0629487],[60.7950624,56.0631102],[60.7946569,56.0634911],[60.7940793,56.0626669],[60.7928322,56.0603849],[60.7924377,56.0610437],[60.7928133,56.0623435],[60.7924485,56.0624453],[60.7922232,56.0614809],[60.7914936,56.0602829]]]}},{"type":"Feature","properties":{"id":523941235,"landuse":"leisure_playground"},"geometry":{"type":"Polygon","coordinates":[[[60.7318115,56.0905127],[60.7321871,56.0904953],[60.7321469,56.0902245],[60.7317713,56.0902418],[60.7318115,56.0905127]]]}},{"type":"Feature","properties":{"id":528503305,"landuse":"industrial"},"geometry":{"type":"Polygon","coordinates":[[[60.7994947,56.0644856],[60.79851,56.0645236],[60.798631,56.0654982],[60.7995235,56.0654637],[60.7996154,56.0654602],[60.7994947,56.0644856]]]}},{"type":"Feature","properties":{"id":595890149,"landuse":"natural_wetland"},"geometry":{"type":"Polygon","coordinates":[[[60.8072877,56.0834714],[60.8073735,56.0838905],[60.8068371,56.0841419],[60.8061933,56.0846089],[60.8059358,56.0847406],[60.8056354,56.0848723],[60.8047342,56.0851237],[60.8031034,56.0854589],[60.8017516,56.0856385],[60.8010864,56.0856984],[60.8004427,56.0856984],[60.7997775,56.0856385],[60.799241,56.0854469],[60.7989192,56.0853991],[60.7982325,56.085423],[60.7977175,56.0855427],[60.7975459,56.0860695],[60.7975244,56.0862371],[60.7976103,56.0866442],[60.7990694,56.0881406],[60.7994985,56.0887871],[60.7998204,56.0891103],[60.8000135,56.0892779],[60.8011937,56.0899244],[60.8013868,56.0902835],[60.8014941,56.0908102],[60.8014726,56.0908701],[60.8012366,56.0918038],[60.8011293,56.0919833],[60.8003998,56.0923664],[60.800271,56.092534],[60.8001637,56.0927135],[60.7994127,56.0942936],[60.799241,56.0946766],[60.799241,56.0948442],[60.7993269,56.0950237],[60.799005,56.0961608],[60.800507,56.0971782],[60.8032643,56.0962565],[60.8044767,56.094138],[60.8049488,56.0939464],[60.8055067,56.0933958],[60.8061719,56.0933479],[60.8068371,56.0938028],[60.8070302,56.0943414],[60.8072662,56.0946886],[60.8084035,56.0955743],[60.8089185,56.0961608],[60.8091974,56.0962924],[60.8095193,56.0962326],[60.8105492,56.0958616],[60.8108282,56.0955863],[60.8114075,56.0954785],[60.8118582,56.0951913],[60.8134031,56.0947843],[60.8139825,56.0948083],[60.8144545,56.0950476],[60.8145618,56.0952152],[60.814991,56.0955264],[60.815227,56.0956341],[60.815506,56.0956341],[60.8157205,56.0954666],[60.8160209,56.094904],[60.8161926,56.0938746],[60.8165145,56.0933719],[60.8170724,56.0930128],[60.8173084,56.092522],[60.8179092,56.0916841],[60.8181023,56.0914926],[60.8187461,56.0910137],[60.8201623,56.0902476],[60.8215141,56.0898765],[60.8224153,56.0897688],[60.8226943,56.0896251],[60.8229089,56.0894575],[60.8230376,56.0893019],[60.823338,56.0888111],[60.8234024,56.0884519],[60.8233809,56.0878773],[60.8233166,56.0873745],[60.8235526,56.0866561],[60.8232522,56.0861294],[60.823617,56.0854948],[60.823617,56.0853272],[60.823338,56.0847765],[60.8233595,56.0844293],[60.8240247,56.0825735],[60.8244109,56.0820346],[60.8244753,56.0813162],[60.8240247,56.0810408],[60.8234238,56.0810169],[60.821557,56.0806098],[60.8209991,56.0796399],[60.8207416,56.0795082],[60.8206343,56.0793285],[60.8205485,56.07867],[60.8209348,56.0778078],[60.821085,56.0776162],[60.8215141,56.0773288],[60.8221793,56.0770055],[60.8224368,56.0766462],[60.8225012,56.0762869],[60.8224797,56.0760834],[60.8221578,56.07576],[60.8216643,56.0749457],[60.8213424,56.0746583],[60.8210635,56.0745864],[60.8207416,56.0746104],[60.8195185,56.0760834],[60.8189392,56.077209],[60.818274,56.0778916],[60.8165574,56.0800949],[60.8152485,56.0813402],[60.814197,56.0817233],[60.8139825,56.081855],[60.8125233,56.082334],[60.810163,56.0826213],[60.8088326,56.0826094],[60.8082747,56.082789],[60.8081031,56.0829446],[60.8081245,56.0832918],[60.8072877,56.0834714]]]}},{"type":"Feature","properties":{"id":595890151,"landuse":"natural_wood"},"geometry":{"type":"Polygon","coordinates":[[[60.7989684,56.0794635],[60.7990871,56.0799748],[60.797894,56.0803222],[60.7977037,56.0808432],[60.798136,56.0812388],[60.79843,56.0813353],[60.7983089,56.081702],[60.7976865,56.0817502],[60.7969602,56.0817985],[60.7963723,56.0818371],[60.7957152,56.0820879],[60.7950063,56.082252],[60.7948266,56.0823514],[60.7965588,56.0829865],[60.7983506,56.0836391],[60.7993241,56.083683],[60.7997432,56.084559],[60.8007692,56.0850759],[60.8021829,56.0851309],[60.8034487,56.0848117],[60.8021899,56.0816066],[60.8019111,56.0802194],[60.8013426,56.0787812],[60.8001959,56.0790052],[60.7989684,56.0794635]]]}},{"type":"Feature","properties":{"id":595890153,"landuse":"natural_wood"},"geometry":{"type":"Polygon","coordinates":[[[60.794376,56.0824532],[60.793035,56.0821844],[60.7927584,56.0820204],[60.7926373,56.0818564],[60.7918068,56.0816721],[60.7915932,56.0818613],[60.7860827,56.0853735],[60.7875466,56.0855906],[60.7890487,56.0850878],[60.7905721,56.0851117],[60.7920956,56.0847525],[60.7925506,56.0842049],[60.7953787,56.0841898],[60.7969665,56.0851476],[60.7978161,56.0854724],[60.7979006,56.0845773],[60.7987871,56.0842475],[60.798372,56.0839144],[60.797621,56.0837767],[60.7971382,56.0839743],[60.7965588,56.0841479],[60.7962799,56.0839025],[60.7958507,56.0834714],[60.7950246,56.0831541],[60.7946062,56.082771],[60.794376,56.0824532]]]}},{"type":"Feature","properties":{"id":595890154,"landuse":"natural_wood"},"geometry":{"type":"Polygon","coordinates":[[[60.8012778,56.0786174],[60.8017,56.0764735],[60.8006024,56.0751777],[60.7993359,56.0741646],[60.7999691,56.0732928],[60.7999691,56.0715492],[60.7987871,56.0711486],[60.7985338,56.0704888],[60.7995892,56.0701589],[60.7999269,56.0697583],[60.8000536,56.0694284],[60.8017422,56.0691928],[60.8020799,56.0689807],[60.8024605,56.068857],[60.800878,56.0683941],[60.7986904,56.0677389],[60.7965296,56.0674239],[60.7954878,56.0673307],[60.7945673,56.0673849],[60.793474,56.067502],[60.7932857,56.0690711],[60.7932396,56.069785],[60.7931618,56.0704823],[60.7930846,56.0710875],[60.7925025,56.0750759],[60.7917515,56.0815542],[60.7924125,56.081152],[60.7930073,56.0809345],[60.793297,56.0807678],[60.7931468,56.0804247],[60.7931248,56.0800482],[60.7933882,56.0790863],[60.7943146,56.0784212],[60.7958363,56.0782379],[60.797421,56.0778882],[60.7975093,56.0786653],[60.7981567,56.0785977],[60.7984436,56.0795545],[60.7989085,56.0793405],[60.8002603,56.0788555],[60.8012778,56.0786174]]]}},{"type":"Feature","properties":{"id":595890155,"landuse":"natural_wood"},"geometry":{"type":"Polygon","coordinates":[[[60.7910541,56.0819729],[60.7895483,56.0824007],[60.7868801,56.083343],[60.7851124,56.0836175],[60.7851796,56.0835107],[60.7843781,56.0835464],[60.7842118,56.0836076],[60.7837179,56.0835358],[60.7842832,56.0837133],[60.7842118,56.0837735],[60.7710625,56.0812686],[60.7705733,56.0811546],[60.7700369,56.0810768],[60.7695541,56.0811067],[60.7684383,56.0811606],[60.7681808,56.0811905],[60.7685134,56.0817593],[60.7687172,56.0821783],[60.7689125,56.0826498],[60.7692022,56.0831587],[60.7696248,56.0836622],[60.7696227,56.0836657],[60.7724374,56.087856],[60.7741976,56.0890775],[60.775019,56.0893548],[60.7755593,56.0894031],[60.7765198,56.0891045],[60.7767491,56.0887193],[60.7769323,56.0887041],[60.7770791,56.0887693],[60.7772955,56.0886903],[60.7778094,56.0886861],[60.7777946,56.0891112],[60.7779116,56.0891977],[60.7783043,56.0892825],[60.7790176,56.0892101],[60.7794821,56.0894191],[60.7910541,56.0819729]]]}},{"type":"Feature","properties":{"id":606797383,"landuse":"allotments"},"geometry":{"type":"Polygon","coordinates":[[[60.7766032,56.0389029],[60.7796341,56.0385134],[60.7800257,56.0393614],[60.7773918,56.0407878],[60.7766032,56.0389029]]]}},{"type":"Feature","properties":{"id":606819418,"landuse":"construction"},"geometry":{"type":"Polygon","coordinates":[[[60.7414697,56.0725057],[60.7413379,56.0714727],[60.7405873,56.0715026],[60.7400638,56.0715234],[60.7401957,56.0725563],[60.7414697,56.0725057]]]}},{"type":"Feature","properties":{"id":606819423,"landuse":"grass"},"geometry":{"type":"Polygon","coordinates":[[[60.7457525,56.0728798],[60.7439768,56.0729113],[60.7439876,56.073043],[60.7456961,56.0729981],[60.7457739,56.0729532],[60.7457525,56.0728798]]]}},{"type":"Feature","properties":{"id":606819424,"landuse":"grass"},"geometry":{"type":"Polygon","coordinates":[[[60.7458624,56.0728753],[60.7477561,56.0728139],[60.7477909,56.0728379],[60.7478043,56.0728963],[60.7477722,56.0729322],[60.7459536,56.0729906],[60.7458678,56.0729741],[60.7458624,56.0728753]]]}},{"type":"Feature","properties":{"id":606819428,"landuse":"grass"},"geometry":{"type":"Polygon","coordinates":[[[60.7452456,56.0727301],[60.745318,56.0725909],[60.7453743,56.0725984],[60.7454601,56.0727256],[60.7452456,56.0727301]]]}},{"type":"Feature","properties":{"id":606819442,"landuse":"leisure_playground"},"geometry":{"type":"Polygon","coordinates":[[[60.7644744,56.0749912],[60.7640745,56.0750074],[60.7637414,56.0750209],[60.7636999,56.0750226],[60.7636765,56.0748424],[60.7637377,56.0748399],[60.7643922,56.0748134],[60.7644509,56.074811],[60.764454,56.0748344],[60.7644717,56.0749709],[60.7644744,56.0749912]]]}},{"type":"Feature","properties":{"id":606819447,"landuse":"grass"},"geometry":{"type":"Polygon","coordinates":[[[60.7640478,56.0816395],[60.764257,56.0815572],[60.7644045,56.0814794],[60.7645306,56.0815572],[60.7645145,56.081635],[60.7644743,56.0816784],[60.7642087,56.0817652],[60.7640478,56.0816395]]]}},{"type":"Feature","properties":{"id":606819452,"landuse":"natural_wood"},"geometry":{"type":"Polygon","coordinates":[[[60.7649141,56.0815258],[60.7682133,56.0815617],[60.7679719,56.0812384],[60.7648846,56.0814539],[60.7649141,56.0815258]]]}},{"type":"Feature","properties":{"id":609573793,"landuse":"greenfield"},"geometry":{"type":"Polygon","coordinates":[[[60.7825845,56.0734487],[60.7824719,56.0724127],[60.7831317,56.0723918],[60.7832497,56.0734397],[60.7825845,56.0734487]]]}},{"type":"Feature","properties":{"id":609573794,"landuse":"construction"},"geometry":{"type":"Polygon","coordinates":[[[60.7821393,56.0741164],[60.782488,56.0735744],[60.7832122,56.0735445],[60.7828152,56.0741403],[60.7821393,56.0741164]]]}},{"type":"Feature","properties":{"id":618407556,"landuse":"grass"},"geometry":{"type":"Polygon","coordinates":[[[60.7209719,56.0858322],[60.7209304,56.085821],[60.7208926,56.0858063],[60.7208595,56.0857884],[60.720832,56.0857678],[60.7208108,56.0857449],[60.7207964,56.0857205],[60.7207893,56.0856951],[60.7207895,56.0856694],[60.7207971,56.085644],[60.720812,56.0856196],[60.7208336,56.0855969],[60.7208615,56.0855765],[60.7208949,56.0855587],[60.720933,56.0855442],[60.7209747,56.0855333],[60.7210191,56.0855263],[60.7210648,56.0855233],[60.7211109,56.0855245],[60.721156,56.0855298],[60.721199,56.085539],[60.7212388,56.085552],[60.7212744,56.0855684],[60.7213048,56.0855877],[60.7213292,56.0856095],[60.721347,56.0856332],[60.7213578,56.0856582],[60.7213613,56.0856839],[60.7213573,56.0857095],[60.7213461,56.0857345],[60.7213278,56.0857581],[60.7213029,56.0857797],[60.7212722,56.0857989],[60.7212363,56.0858151],[60.7211963,56.0858278],[60.7211531,56.0858368],[60.7211079,56.0858418],[60.7210618,56.0858427],[60.7210161,56.0858395],[60.7209719,56.0858322]]]}},{"type":"Feature","properties":{"id":618442506,"landuse":"natural_wood"},"geometry":{"type":"Polygon","coordinates":[[[60.7361233,56.0715474],[60.7350612,56.0715265],[60.7350933,56.0716852],[60.7355547,56.0717271],[60.7356033,56.072472],[60.734825,56.0725383],[60.7349143,56.0730708],[60.7364324,56.0729267],[60.7361233,56.0715474]]]}},{"type":"Feature","properties":{"id":618442511,"landuse":"natural_wood"},"geometry":{"type":"Polygon","coordinates":[[[60.7429844,56.0732265],[60.7426411,56.0732271],[60.7423085,56.0731403],[60.742305,56.0738604],[60.7424105,56.0753342],[60.7431827,56.0753429],[60.7432261,56.0761047],[60.7435439,56.0760233],[60.7434896,56.0752277],[60.7431774,56.0752125],[60.7429844,56.0732265]]]}},{"type":"Feature","properties":{"id":618452581,"landuse":"leisure_pitch"},"geometry":{"type":"Polygon","coordinates":[[[60.7330911,56.0942614],[60.7330627,56.0938965],[60.7333234,56.0938902],[60.7333517,56.0942551],[60.7330911,56.0942614]]]}},{"type":"Feature","properties":{"id":618452584,"landuse":"leisure_pitch"},"geometry":{"type":"Polygon","coordinates":[[[60.7327929,56.0942686],[60.7327645,56.0939037],[60.7330627,56.0938965],[60.7330911,56.0942614],[60.7327929,56.0942686]]]}},{"type":"Feature","properties":{"id":618452587,"landuse":"leisure_pitch"},"geometry":{"type":"Polygon","coordinates":[[[60.7323905,56.0942783],[60.7323596,56.0938803],[60.7327619,56.0938706],[60.7327645,56.0939037],[60.7327929,56.0942686],[60.7323905,56.0942783]]]}},{"type":"Feature","properties":{"id":618476372,"landuse":"natural_wood"},"geometry":{"type":"Polygon","coordinates":[[[60.7470811,56.0629149],[60.751766,56.0627106],[60.7518286,56.0632282],[60.7515407,56.0639384],[60.7509291,56.0642858],[60.7499319,56.0643043],[60.7493396,56.0642492],[60.7474308,56.0632479],[60.7470811,56.0629149]]]}},{"type":"Feature","properties":{"id":618476373,"landuse":"construction"},"geometry":{"type":"Polygon","coordinates":[[[60.749588,56.0626686],[60.751555,56.0625996],[60.7514263,56.0614556],[60.7494593,56.0615246],[60.749588,56.0626686]]]}},{"type":"Feature","properties":{"id":631256142,"landuse":"natural_wood"},"geometry":{"type":"Polygon","coordinates":[[[60.7201185,56.089159],[60.7207891,56.089129],[60.7206684,56.0884586],[60.7200085,56.0884886],[60.7201185,56.089159]]]}},{"type":"Feature","properties":{"id":675861599,"landuse":"leisure_playground"},"geometry":{"type":"Polygon","coordinates":[[[60.7399876,56.0837957],[60.7401713,56.08379],[60.7401589,56.0836655],[60.7399752,56.0836712],[60.7399876,56.0837957]]]}},{"type":"Feature","properties":{"id":675863451,"landuse":"leisure_playground"},"geometry":{"type":"Polygon","coordinates":[[[60.7703957,56.0677975],[60.7705344,56.0677938],[60.7705269,56.0677071],[60.7703882,56.0677108],[60.7703957,56.0677975]]]}},{"type":"Feature","properties":{"id":675864423,"landuse":"leisure_playground"},"geometry":{"type":"Polygon","coordinates":[[[60.7390704,56.0833008],[60.7390421,56.0830097],[60.739679,56.0829871],[60.7395799,56.0831643],[60.7393838,56.0832906],[60.7390704,56.0833008]]]}},{"type":"Feature","properties":{"id":685596055,"landuse":"leisure_playground"},"geometry":{"type":"Polygon","coordinates":[[[60.7392455,56.0846252],[60.7391869,56.0841794],[60.7397895,56.0841548],[60.7398479,56.0846007],[60.7392455,56.0846252]]]}},{"type":"Feature","properties":{"id":698282426,"landuse":"natural_wood"},"geometry":{"type":"Polygon","coordinates":[[[60.8024466,56.0617855],[60.8022599,56.0619143],[60.8019962,56.062448],[60.8019522,56.0628589],[60.8020291,56.0629816],[60.8023917,56.0633251],[60.803029,56.0636379],[60.8034794,56.0636564],[60.8036992,56.0636134],[60.803853,56.0635153],[60.8039189,56.0632515],[60.8037102,56.0627301],[60.8034684,56.0625216],[60.8033586,56.0622824],[60.802952,56.0619511],[60.8024466,56.0617855]]]}},{"type":"Feature","properties":{"id":698282429,"landuse":"allotments"},"geometry":{"type":"Polygon","coordinates":[[[60.8022957,56.0741713],[60.8044749,56.0764533],[60.807053,56.0752234],[60.8096452,56.0739198],[60.8084177,56.0732173],[60.8063667,56.0738591],[60.8052324,56.073148],[60.8022957,56.0741713]]]}},{"type":"Feature","properties":{"id":698282441,"landuse":"natural_wood"},"geometry":{"type":"Polygon","coordinates":[[[60.8059316,56.0743144],[60.8057529,56.0741496],[60.8053334,56.0740109],[60.8049993,56.0740065],[60.8047119,56.0740932],[60.8046886,56.074271],[60.8048207,56.0744401],[60.8054422,56.074852],[60.80538,56.0750385],[60.8055043,56.0750949],[60.805986,56.0751165],[60.806188,56.0748781],[60.8063822,56.0749084],[60.8065687,56.0750515],[60.8067085,56.0750211],[60.8067474,56.0748434],[60.8065532,56.0746873],[60.8064832,56.0745138],[60.8065842,56.0741496],[60.8065687,56.0740542],[60.8064055,56.0740282],[60.8062269,56.0740585],[60.8059316,56.0743144]]]}},{"type":"Feature","properties":{"id":698282442,"landuse":"natural_wood"},"geometry":{"type":"Polygon","coordinates":[[[60.8098861,56.0731913],[60.8095598,56.0732217],[60.8092723,56.0735599],[60.8092568,56.0737377],[60.8093733,56.0737984],[60.8096919,56.0737984],[60.8098317,56.073755],[60.8101036,56.0735339],[60.8101502,56.0734558],[60.8101269,56.0733691],[60.8098861,56.0731913]]]}},{"type":"Feature","properties":{"id":698282443,"landuse":"natural_wood"},"geometry":{"type":"Polygon","coordinates":[[[60.808511,56.0706459],[60.8080215,56.0705809],[60.8078817,56.0706286],[60.8075165,56.0711749],[60.8075398,56.0713527],[60.8076175,56.0714308],[60.8077651,56.0714611],[60.8082313,56.0713657],[60.8085498,56.0713571],[60.8088295,56.0711403],[60.8089771,56.0711316],[60.8093889,56.0712573],[60.8094976,56.0713267],[60.809653,56.0713311],[60.8096919,56.0712357],[60.8095598,56.0710709],[60.808511,56.0706459]]]}},{"type":"Feature","properties":{"id":698282444,"landuse":"natural_wood"},"geometry":{"type":"Polygon","coordinates":[[[60.8075942,56.0704724],[60.8073145,56.0703944],[60.8071436,56.07039],[60.8068328,56.0706155],[60.8069105,56.0706893],[60.8070737,56.0706979],[60.8072368,56.0706936],[60.8073611,56.0706329],[60.8075243,56.0706329],[60.8076098,56.0707153],[60.8077574,56.0706806],[60.8077729,56.0705548],[60.8075942,56.0704724]]]}},{"type":"Feature","properties":{"id":698282445,"landuse":"natural_wood"},"geometry":{"type":"Polygon","coordinates":[[[60.8020291,56.0712247],[60.8009634,56.0715927],[60.8008315,56.0716969],[60.8009634,56.0722734],[60.8009414,56.0725432],[60.8010623,56.0727885],[60.8010842,56.0729295],[60.8010183,56.0730583],[60.8008755,56.0729479],[60.8007656,56.072813],[60.8006447,56.0725677],[60.8002163,56.0726352],[60.7999526,56.0735918],[60.8007326,56.0736409],[60.8022269,56.0731932],[60.8024906,56.0729909],[60.8026884,56.072764],[60.80215,56.0721998],[60.8019962,56.0719484],[60.8020511,56.0716908],[60.8022489,56.0716356],[60.8026224,56.0717705],[60.8027103,56.0725493],[60.8030399,56.0733159],[60.8035344,56.0735918],[60.8037651,56.0735857],[60.803853,56.0734385],[60.8033476,56.0728498],[60.8035673,56.0728437],[60.8041936,56.072997],[60.8045891,56.0728927],[60.8050066,56.0724512],[60.8057098,56.072813],[60.8059296,56.0727762],[60.8060724,56.0726781],[60.8061383,56.072439],[60.8066437,56.0721385],[60.8066437,56.0720097],[60.8065009,56.0719054],[60.8063251,56.0718318],[60.8060834,56.0718441],[60.8057428,56.0720158],[60.8057208,56.0721691],[60.805556,56.0722856],[60.8053582,56.072347],[60.8048858,56.0723286],[60.8044463,56.0724267],[60.8039958,56.0724757],[60.8037761,56.0724022],[60.8036662,56.0722918],[60.8036332,56.0720219],[60.8037541,56.0716417],[60.803864,56.0715436],[60.8040727,56.0715681],[60.8045012,56.0718993],[60.804688,56.0719668],[60.8050066,56.0715988],[60.8049737,56.0714762],[60.8047869,56.0714087],[60.803853,56.0712799],[60.8035893,56.0710653],[60.8031608,56.0711389],[60.8028092,56.0714946],[60.8025675,56.0714884],[60.8020291,56.0712247]]]}},{"type":"Feature","properties":{"id":789822875,"landuse":"forest"},"geometry":{"type":"Polygon","coordinates":[[[60.7912538,56.0467445],[60.7909124,56.0466513],[60.7902524,56.0466598],[60.7901082,56.0467106],[60.7899944,56.0468886],[60.7899944,56.047075],[60.7900324,56.0471767],[60.7901234,56.0473546],[60.7906014,56.0481724],[60.7906545,56.0482868],[60.7926193,56.0479351],[60.7926952,56.0478589],[60.7934159,56.0475241],[60.7922704,56.047075],[60.7917014,56.0469394],[60.7912538,56.0467445]]]}},{"type":"Feature","properties":{"id":789822876,"landuse":"natural_wood"},"geometry":{"type":"Polygon","coordinates":[[[60.803301,56.0541969],[60.8026486,56.0540868],[60.8023907,56.05418],[60.8022541,56.0543325],[60.8021479,56.0549425],[60.8019203,56.0550696],[60.8016168,56.0550611],[60.8013741,56.0551797],[60.8016168,56.0562134],[60.801632,56.0563913],[60.8012527,56.0569674],[60.8017231,56.0577129],[60.8022238,56.0579586],[60.8028307,56.057984],[60.80453,56.0574588],[60.8047425,56.0573317],[60.8047728,56.0569928],[60.8042266,56.0565607],[60.8040748,56.0562303],[60.8042873,56.0560778],[60.8053039,56.055705],[60.8051825,56.0553661],[60.8047576,56.0551035],[60.8046211,56.0548917],[60.804348,56.05479],[60.8037259,56.0548408],[60.8034528,56.0547392],[60.803301,56.0541969]]]}},{"type":"Feature","properties":{"id":789822877,"landuse":"natural_wood"},"geometry":{"type":"Polygon","coordinates":[[[60.7951534,56.0586733],[60.7947242,56.0587871],[60.7945847,56.0588829],[60.7945847,56.0590327],[60.7951105,56.059476],[60.7956254,56.0601888],[60.7959044,56.0603625],[60.796076,56.0602906],[60.7961726,56.0601708],[60.7961941,56.0599132],[60.7959044,56.0593981],[60.7958507,56.0590147],[60.7956898,56.0587751],[60.7951534,56.0586733]]]}},{"type":"Feature","properties":{"id":789822878,"landuse":"meadow"},"geometry":{"type":"Polygon","coordinates":[[[60.7947457,56.052305],[60.7945633,56.0523829],[60.7935548,56.0524068],[60.7935762,56.0525266],[60.793941,56.0528622],[60.7940376,56.0533774],[60.7942843,56.0535871],[60.7946706,56.0537429],[60.794853,56.053671],[60.7949066,56.0535452],[60.7948315,56.0528981],[60.7952928,56.0526465],[60.7960439,56.0525326],[60.7969665,56.0525326],[60.7970846,56.0526465],[60.7970631,56.0527723],[60.7965696,56.0530539],[60.7965267,56.0531737],[60.7966018,56.0532935],[60.7969665,56.053629],[60.7971167,56.0537369],[60.7978034,56.0540604],[60.798018,56.0546954],[60.7984364,56.0547314],[60.7986295,56.0546775],[60.7986081,56.0541622],[60.7983935,56.0537848],[60.7983506,56.0530599],[60.798136,56.0529101],[60.7973742,56.0525806],[60.7970846,56.0522451],[60.7968593,56.052305],[60.7966447,56.052293],[60.7961404,56.0519754],[60.7954645,56.0518916],[60.7952607,56.0519335],[60.7947457,56.052305]]]}},{"type":"Feature","properties":{"id":789822879,"landuse":"natural_wood"},"geometry":{"type":"Polygon","coordinates":[[[60.795722,56.0527483],[60.7955074,56.0527064],[60.795089,56.0528442],[60.7949495,56.05297],[60.7949388,56.0531138],[60.7950783,56.0533894],[60.7949066,56.0537668],[60.7949924,56.0538926],[60.7969773,56.0540244],[60.7971275,56.0539406],[60.7971382,56.0538088],[60.7965696,56.0533774],[60.7964301,56.0531437],[60.7964408,56.0530059],[60.796591,56.0529221],[60.7969773,56.0528442],[60.7970524,56.0527363],[60.7969987,56.0526165],[60.7968593,56.0525087],[60.7966447,56.0524847],[60.7959902,56.0525985],[60.7957756,56.0525985],[60.795722,56.0527483]]]}},{"type":"Feature","properties":{"id":789822880,"landuse":"natural_wetland"},"geometry":{"type":"Polygon","coordinates":[[[60.7976532,56.0541143],[60.7966876,56.0539226],[60.7957113,56.0538028],[60.7954752,56.0538687],[60.7953572,56.0539765],[60.7953465,56.0542281],[60.7955718,56.0544858],[60.7965803,56.0550908],[60.7978785,56.055636],[60.7981574,56.0558397],[60.7992411,56.0563849],[60.7996273,56.0565107],[60.7998419,56.0565167],[60.8003139,56.0564747],[60.8007002,56.0563729],[60.8007967,56.0561452],[60.8007967,56.055624],[60.8003032,56.0546116],[60.7997668,56.054336],[60.7993054,56.054318],[60.7989943,56.0545577],[60.7988548,56.0548272],[60.798651,56.0549111],[60.7984257,56.0549051],[60.7980072,56.0547913],[60.7976854,56.0546176],[60.7976532,56.0541143]]]}},{"type":"Feature","properties":{"id":789822881,"landuse":"natural_wood"},"geometry":{"type":"Polygon","coordinates":[[[60.7928681,56.0539166],[60.7928467,56.053683],[60.792675,56.0534553],[60.7922673,56.0533355],[60.7921064,56.0534373],[60.7920742,56.0535691],[60.7920742,56.0541682],[60.7922137,56.0544318],[60.7923102,56.0545457],[60.7925784,56.0547494],[60.7933724,56.0552526],[60.7934904,56.0555521],[60.793587,56.0562111],[60.7941985,56.0564268],[60.7944131,56.0563849],[60.794456,56.0562591],[60.7939303,56.0558157],[60.7941341,56.0557678],[60.794338,56.0557978],[60.7945096,56.0557199],[60.7944882,56.0555941],[60.7943702,56.0554683],[60.7940054,56.0552885],[60.793941,56.0550489],[60.7929647,56.0544199],[60.792675,56.0540664],[60.7928681,56.0539166]]]}},{"type":"Feature","properties":{"id":845432855,"landuse":"recreation_ground"},"geometry":{"type":"Polygon","coordinates":[[[60.7226771,56.0873222],[60.7223526,56.0873327],[60.7224706,56.0883922],[60.7228273,56.0883772],[60.7226771,56.0873222]]]}},{"type":"Feature","properties":{"id":845432856,"landuse":"recreation_ground"},"geometry":{"type":"Polygon","coordinates":[[[60.7242128,56.0883798],[60.724549,56.088364],[60.7244216,56.0872779],[60.7240783,56.0872977],[60.7242128,56.0883798]]]}},{"type":"Feature","properties":{"id":845432859,"landuse":"recreation_ground"},"geometry":{"type":"Polygon","coordinates":[[[60.7244677,56.0909745],[60.7248743,56.0909586],[60.7248051,56.0903746],[60.7245531,56.0903882],[60.7245612,56.0904596],[60.7244006,56.0904676],[60.7244677,56.0909745]]]}},{"type":"Feature","properties":{"id":845432916,"landuse":"grass"},"geometry":{"type":"Polygon","coordinates":[[[60.7216428,56.0896385],[60.7212949,56.0896476],[60.7214513,56.0908435],[60.7218086,56.0908252],[60.7216428,56.0896385]]]}},{"type":"Feature","properties":{"id":845432917,"landuse":"grass"},"geometry":{"type":"Polygon","coordinates":[[[60.722247,56.0892174],[60.7222516,56.0892744],[60.7222789,56.0892858],[60.7223239,56.089283],[60.7223316,56.0892295],[60.7223246,56.0891656],[60.7222849,56.08915],[60.7217712,56.089176],[60.7218856,56.0900918],[60.7221004,56.0900827],[60.7252315,56.0899515],[60.7252171,56.0897549],[60.7251432,56.0897205],[60.725046,56.0897212],[60.72501,56.0897338],[60.7250093,56.0897648],[60.7251504,56.0897594],[60.7251649,56.0898778],[60.7239871,56.0899227],[60.7239727,56.0898043],[60.7238716,56.0898355],[60.7237625,56.089769],[60.7236216,56.0897743],[60.7235929,56.0898276],[60.7237248,56.0898221],[60.7237396,56.0899338],[60.7225745,56.0899821],[60.7225596,56.0898704],[60.7227059,56.0898643],[60.7226998,56.0898322],[60.7226824,56.0898224],[60.7224797,56.0898319],[60.7223157,56.0898335],[60.7223225,56.0898945],[60.7220997,56.0899022],[60.7220242,56.0892251],[60.722247,56.0892174]]]}},{"type":"Feature","properties":{"id":845432918,"landuse":"grass"},"geometry":{"type":"Polygon","coordinates":[[[60.7212832,56.0895929],[60.7216311,56.0895708],[60.7215822,56.0892295],[60.7215536,56.0889819],[60.7213963,56.0889045],[60.7213278,56.0883738],[60.7211057,56.0883892],[60.7211154,56.0884535],[60.7212514,56.0895325],[60.7212832,56.0895929]]]}},{"type":"Feature","properties":{"id":845432926,"landuse":"grass"},"geometry":{"type":"Polygon","coordinates":[[[60.7210365,56.088334],[60.721291,56.088321],[60.7212584,56.088067],[60.7209945,56.0880748],[60.7210365,56.088334]]]}},{"type":"Feature","properties":{"id":845432927,"landuse":"grass"},"geometry":{"type":"Polygon","coordinates":[[[60.721653,56.0882976],[60.7217922,56.0882933],[60.7221118,56.0883176],[60.7219671,56.0873116],[60.7215362,56.0872958],[60.721653,56.0882976]]]}},{"type":"Feature","properties":{"id":845432928,"landuse":"grass"},"geometry":{"type":"Polygon","coordinates":[[[60.7213166,56.0872341],[60.7213844,56.0876918],[60.7210552,56.0877244],[60.7209501,56.087684],[60.7208093,56.0866776],[60.7208951,56.0866286],[60.7210495,56.0866201],[60.7210808,56.0868422],[60.7209619,56.0868572],[60.7209898,56.0870273],[60.7210202,56.0870652],[60.7211276,56.0870678],[60.7213166,56.0872341]]]}},{"type":"Feature","properties":{"id":845432929,"landuse":"grass"},"geometry":{"type":"Polygon","coordinates":[[[60.7215082,56.0872007],[60.7215479,56.0872202],[60.7219542,56.0872098],[60.7222069,56.0872063],[60.7222342,56.0871939],[60.7222284,56.0871114],[60.7221973,56.0871045],[60.7221509,56.0871073],[60.7221582,56.0871591],[60.7219549,56.0871681],[60.7219515,56.0871442],[60.7218612,56.0865068],[60.7220645,56.0864978],[60.7220741,56.0865656],[60.7221478,56.0865687],[60.7221382,56.0863937],[60.7221208,56.0862349],[60.7220668,56.0862327],[60.7219955,56.0864006],[60.7218514,56.086418],[60.7214965,56.0864398],[60.7214218,56.0864763],[60.7215082,56.0872007]]]}},{"type":"Feature","properties":{"id":845498873,"landuse":"recreation_ground"},"geometry":{"type":"Polygon","coordinates":[[[60.7214201,56.0851246],[60.7218306,56.0851088],[60.7220394,56.0852391],[60.7221868,56.0851978],[60.7221725,56.085076],[60.7241179,56.0850048],[60.7240214,56.0847829],[60.7239754,56.0845223],[60.7238615,56.0845223],[60.72384,56.0844445],[60.7221013,56.0845227],[60.7220359,56.0847395],[60.7217749,56.0847426],[60.7213741,56.0847612],[60.7214201,56.0851246]]]}},{"type":"Feature","properties":{"id":845498876,"landuse":"natural_wood"},"geometry":{"type":"Polygon","coordinates":[[[60.7207122,56.083529],[60.7208715,56.0835843],[60.7210414,56.0847375],[60.7208781,56.0848336],[60.7205211,56.0850436],[60.71947,56.0842636],[60.7194063,56.0841253],[60.7194098,56.083993],[60.7195974,56.0836889],[60.7197708,56.0835645],[60.7207122,56.083529]]]}},{"type":"Feature","properties":{"id":845498879,"landuse":"grass"},"geometry":{"type":"Polygon","coordinates":[[[60.7210294,56.0835029],[60.7211298,56.0834983],[60.7211918,56.0839041],[60.7211599,56.0839396],[60.7210864,56.0839457],[60.7210294,56.0835029]]]}},{"type":"Feature","properties":{"id":845498880,"landuse":"grass"},"geometry":{"type":"Polygon","coordinates":[[[60.7210932,56.0839989],[60.7211706,56.0839939],[60.7212042,56.0840176],[60.7212873,56.0846811],[60.7212643,56.0847078],[60.7211855,56.0847157],[60.7210932,56.0839989]]]}},{"type":"Feature","properties":{"id":845498881,"landuse":"grass"},"geometry":{"type":"Polygon","coordinates":[[[60.7211917,56.084764],[60.7212502,56.0847631],[60.7212838,56.0847779],[60.7213422,56.0852884],[60.7212501,56.085241],[60.7211917,56.084764]]]}},{"type":"Feature","properties":{"id":845498894,"landuse":"grass"},"geometry":{"type":"Polygon","coordinates":[[[60.7215918,56.0857911],[60.7215959,56.0858251],[60.7214414,56.085917],[60.7215196,56.0863979],[60.7214552,56.0863857],[60.7214036,56.086355],[60.721358,56.0859147],[60.7213896,56.0858716],[60.7214333,56.0858399],[60.7215044,56.0858092],[60.7215918,56.0857911]]]}},{"type":"Feature","properties":{"id":845498895,"landuse":"grass"},"geometry":{"type":"Polygon","coordinates":[[[60.7216598,56.0855592],[60.7216831,56.0855227],[60.7218326,56.0855084],[60.7218793,56.0855234],[60.7218886,56.0855514],[60.7216598,56.0855592]]]}},{"type":"Feature","properties":{"id":845498896,"landuse":"grass"},"geometry":{"type":"Polygon","coordinates":[[[60.7216645,56.0855879],[60.7217287,56.0856081],[60.7218548,56.0856211],[60.7218828,56.0856094],[60.7218816,56.0855801],[60.7216645,56.0855879]]]}},{"type":"Feature","properties":{"id":845498902,"landuse":"grass"},"geometry":{"type":"Polygon","coordinates":[[[60.720627,56.0856533],[60.7206836,56.0855704],[60.7208181,56.0854924],[60.7209632,56.0854529],[60.7199776,56.0847963],[60.719859,56.0847686],[60.7197192,56.0848022],[60.7196272,56.0848614],[60.7196555,56.0849562],[60.720627,56.0856533]]]}},{"type":"Feature","properties":{"id":845498903,"landuse":"natural_wood"},"geometry":{"type":"Polygon","coordinates":[[[60.7196643,56.0845623],[60.7196697,56.0846215],[60.7195936,56.0846797],[60.7195033,56.0847054],[60.7193387,56.0847034],[60.7190417,56.0844827],[60.7190184,56.0844655],[60.7188769,56.084269],[60.7188592,56.0839817],[60.7193016,56.0832776],[60.7196785,56.0833645],[60.719567,56.0835136],[60.7194874,56.0835156],[60.719229,56.0838612],[60.7191901,56.0840853],[60.7192347,56.0841414],[60.7194024,56.0843519],[60.7196643,56.0845623]]]}},{"type":"Feature","properties":{"id":845498904,"landuse":"grass"},"geometry":{"type":"Polygon","coordinates":[[[60.7193016,56.0832776],[60.7194024,56.083092],[60.7195015,56.083018],[60.7196201,56.083012],[60.719728,56.0830555],[60.719767,56.0831305],[60.7197617,56.0832174],[60.7196785,56.0833645],[60.7193016,56.0832776]]]}},{"type":"Feature","properties":{"id":845498905,"landuse":"grass"},"geometry":{"type":"Polygon","coordinates":[[[60.720581,56.083489],[60.7205757,56.0834406],[60.7201351,56.0834564],[60.7198448,56.0835186],[60.720581,56.083489]]]}},{"type":"Feature","properties":{"id":845498906,"landuse":"grass"},"geometry":{"type":"Polygon","coordinates":[[[60.7197529,56.0789946],[60.7197576,56.0792096],[60.7196759,56.079267],[60.7194587,56.0792774],[60.7194447,56.0790989],[60.7195941,56.0790207],[60.7197529,56.0789946]]]}},{"type":"Feature","properties":{"id":845498911,"landuse":"grass"},"geometry":{"type":"Polygon","coordinates":[[[60.7215916,56.0805998],[60.7211799,56.0804565],[60.7213802,56.0804492],[60.7213045,56.0798062],[60.7214948,56.0797908],[60.7215916,56.0805998]]]}},{"type":"Feature","properties":{"id":845498914,"landuse":"grass"},"geometry":{"type":"Polygon","coordinates":[[[60.7202544,56.0807202],[60.720255,56.0807849],[60.7197786,56.080824],[60.7196502,56.0798519],[60.7196735,56.0796382],[60.7197389,56.0794128],[60.7198866,56.0794723],[60.720045,56.0807284],[60.7202544,56.0807202]]]}},{"type":"Feature","properties":{"id":845498931,"landuse":"natural_wood"},"geometry":{"type":"Polygon","coordinates":[[[60.7175043,56.0843652],[60.7182956,56.0843293],[60.7186147,56.0843637],[60.7191163,56.0848306],[60.7188182,56.0848763],[60.7186271,56.0848826],[60.718486,56.0849623],[60.7176465,56.0849982],[60.717558,56.0849548],[60.717552,56.0848937],[60.7177859,56.0848875],[60.717743,56.0845507],[60.7175152,56.0845549],[60.7175043,56.0843652]]]}},{"type":"Feature","properties":{"id":845498932,"landuse":"recreation_ground"},"geometry":{"type":"Polygon","coordinates":[[[60.717558,56.0850955],[60.7176357,56.0850431],[60.7183251,56.0850117],[60.7184404,56.0850222],[60.718494,56.0850551],[60.7185262,56.0853828],[60.7175875,56.0854232],[60.717558,56.0850955]]]}},{"type":"Feature","properties":{"id":845498934,"landuse":"grass"},"geometry":{"type":"Polygon","coordinates":[[[60.7182848,56.0866908],[60.7183143,56.0870455],[60.7184216,56.0870874],[60.7184538,56.0873029],[60.7183599,56.0873597],[60.7184028,56.0875513],[60.7185986,56.0878087],[60.7187053,56.087806],[60.7187344,56.0878053],[60.7187238,56.0877314],[60.7190759,56.0877156],[60.7190869,56.087792],[60.7191937,56.0877922],[60.7192182,56.0877922],[60.71906,56.0867207],[60.7189393,56.0866429],[60.7183335,56.0866654],[60.7182848,56.0866908]]]}},{"type":"Feature","properties":{"id":845498935,"landuse":"recreation_ground"},"geometry":{"type":"Polygon","coordinates":[[[60.7206971,56.0877932],[60.7192045,56.0878557],[60.7191347,56.0879215],[60.7188343,56.087935],[60.7187163,56.0878677],[60.7186198,56.0879066],[60.7186922,56.0883899],[60.719411,56.0883705],[60.7194089,56.0883299],[60.7193967,56.0882148],[60.7209061,56.0881648],[60.7208741,56.088042],[60.7207148,56.0879748],[60.7206971,56.0877932]]]}},{"type":"Feature","properties":{"id":845498936,"landuse":"grass"},"geometry":{"type":"Polygon","coordinates":[[[60.7222291,56.0863965],[60.7221963,56.0861919],[60.72225,56.0861345],[60.7224519,56.0861156],[60.7224694,56.0862849],[60.7222291,56.0863965]]]}},{"type":"Feature","properties":{"id":845498937,"landuse":"grass"},"geometry":{"type":"Polygon","coordinates":[[[60.723724,56.0860653],[60.7240807,56.086046],[60.7242231,56.0861385],[60.723976,56.0862753],[60.723656,56.0862857],[60.723724,56.0860653]]]}},{"type":"Feature","properties":{"id":845498941,"landuse":"grass"},"geometry":{"type":"Polygon","coordinates":[[[60.7216597,56.0883364],[60.7217695,56.0883307],[60.7221389,56.088395],[60.7219294,56.0884022],[60.7220018,56.0890598],[60.7222113,56.0890526],[60.7222049,56.088994],[60.7222573,56.0889919],[60.7222939,56.0890067],[60.7223021,56.0890906],[60.7222533,56.0891178],[60.7218508,56.0891303],[60.7217756,56.0891133],[60.7216597,56.0883364]]]}},{"type":"Feature","properties":{"id":845498942,"landuse":"grass"},"geometry":{"type":"Polygon","coordinates":[[[60.7222025,56.0889726],[60.7222573,56.0889704],[60.7222878,56.0889454],[60.7222695,56.0888331],[60.722237,56.0888241],[60.7221864,56.0888265],[60.7222025,56.0889726]]]}},{"type":"Feature","properties":{"id":845498943,"landuse":"grass"},"geometry":{"type":"Polygon","coordinates":[[[60.7221828,56.0887939],[60.722238,56.0887938],[60.7222685,56.0887689],[60.7222502,56.0886566],[60.7222177,56.0886475],[60.7221655,56.0886488],[60.7221828,56.0887939]]]}},{"type":"Feature","properties":{"id":845498944,"landuse":"grass"},"geometry":{"type":"Polygon","coordinates":[[[60.7221633,56.0886278],[60.7222132,56.088626],[60.7222437,56.088606],[60.7222272,56.0885016],[60.7221964,56.0884916],[60.7221489,56.0884908],[60.7221633,56.0886278]]]}},{"type":"Feature","properties":{"id":845498945,"landuse":"grass"},"geometry":{"type":"Polygon","coordinates":[[[60.7223125,56.089805],[60.7223728,56.0898044],[60.7224033,56.0897795],[60.722385,56.0896672],[60.7223525,56.0896582],[60.7222963,56.0896597],[60.7223125,56.089805]]]}},{"type":"Feature","properties":{"id":845498946,"landuse":"grass"},"geometry":{"type":"Polygon","coordinates":[[[60.7222933,56.0896326],[60.7223484,56.0896298],[60.7223789,56.0896049],[60.7223606,56.0894926],[60.7223281,56.0894835],[60.7222769,56.0894859],[60.7222933,56.0896326]]]}},{"type":"Feature","properties":{"id":845498947,"landuse":"grass"},"geometry":{"type":"Polygon","coordinates":[[[60.7222732,56.0894608],[60.7223281,56.0894586],[60.7223586,56.0894336],[60.7223403,56.0893213],[60.7223078,56.0893123],[60.722258,56.0893162],[60.7222732,56.0894608]]]}},{"type":"Feature","properties":{"id":845498948,"landuse":"grass"},"geometry":{"type":"Polygon","coordinates":[[[60.7223003,56.0903832],[60.7222909,56.090348],[60.7220783,56.090348],[60.7219459,56.0903841],[60.7219243,56.0904477],[60.7220183,56.0910872],[60.7225482,56.0910622],[60.7225359,56.0909909],[60.7224626,56.0909841],[60.722469,56.0910324],[60.7222715,56.0910405],[60.722185,56.090388],[60.7223003,56.0903832]]]}},{"type":"Feature","properties":{"id":845498949,"landuse":"grass"},"geometry":{"type":"Polygon","coordinates":[[[60.7223544,56.0903809],[60.7223572,56.0903438],[60.7224358,56.0903386],[60.7224542,56.0904228],[60.7224373,56.090434],[60.7223901,56.0904368],[60.7223826,56.0903798],[60.7223544,56.0903809]]]}},{"type":"Feature","properties":{"id":845498950,"landuse":"grass"},"geometry":{"type":"Polygon","coordinates":[[[60.7223935,56.0904624],[60.7224327,56.0904589],[60.722465,56.0904684],[60.722485,56.0905896],[60.722465,56.090605],[60.7224129,56.0906086],[60.7223935,56.0904624]]]}},{"type":"Feature","properties":{"id":845498951,"landuse":"grass"},"geometry":{"type":"Polygon","coordinates":[[[60.722417,56.0906394],[60.7224512,56.0906351],[60.722482,56.0906446],[60.7225051,56.0907632],[60.7224943,56.0907743],[60.7224355,56.0907796],[60.722417,56.0906394]]]}},{"type":"Feature","properties":{"id":845498952,"landuse":"grass"},"geometry":{"type":"Polygon","coordinates":[[[60.7224589,56.0909559],[60.7225005,56.0909557],[60.7225282,56.0909436],[60.7225088,56.0908334],[60.7224866,56.0908199],[60.722441,56.0908208],[60.7224589,56.0909559]]]}},{"type":"Feature","properties":{"id":845498953,"landuse":"grass"},"geometry":{"type":"Polygon","coordinates":[[[60.7215373,56.0853301],[60.7214869,56.0853304],[60.72144,56.0853529],[60.7214413,56.0854172],[60.7215084,56.0854576],[60.7215458,56.0854276],[60.7215373,56.0853301]]]}},{"type":"Feature","properties":{"id":845498954,"landuse":"grass"},"geometry":{"type":"Polygon","coordinates":[[[60.721581,56.0852097],[60.721609,56.085177],[60.7217766,56.0851665],[60.7218754,56.0852124],[60.7219716,56.0852671],[60.7218972,56.0854462],[60.7218544,56.0854576],[60.7217793,56.0854606],[60.7217443,56.0854222],[60.7217976,56.0854207],[60.7217788,56.0852044],[60.721581,56.0852097]]]}},{"type":"Feature","properties":{"id":845498955,"landuse":"grass"},"geometry":{"type":"Polygon","coordinates":[[[60.7212274,56.0836135],[60.7211865,56.0834142],[60.7238741,56.0833008],[60.7239605,56.0833327],[60.7240083,56.0835972],[60.723992,56.0836174],[60.7238426,56.083622],[60.7238122,56.083609],[60.7238098,56.0835886],[60.7239225,56.083584],[60.7239081,56.0834748],[60.7219867,56.0835533],[60.722001,56.0836626],[60.722134,56.0836572],[60.7221361,56.0836927],[60.7218169,56.083708],[60.7216885,56.0836194],[60.7215414,56.0835907],[60.7212274,56.0836135]]]}},{"type":"Feature","properties":{"id":845498956,"landuse":"grass"},"geometry":{"type":"Polygon","coordinates":[[[60.7213737,56.0836732],[60.7213429,56.0836637],[60.7213383,56.0836409],[60.7215204,56.0836259],[60.7216173,56.0836396],[60.7217483,56.0837247],[60.7216785,56.0839234],[60.7213336,56.0839412],[60.7212577,56.0839216],[60.7212449,56.0838116],[60.7212636,56.083794],[60.7213357,56.0837914],[60.7213446,56.0838891],[60.7215872,56.0838822],[60.7215677,56.0836677],[60.7213737,56.0836732]]]}},{"type":"Feature","properties":{"id":845498957,"landuse":"grass"},"geometry":{"type":"Polygon","coordinates":[[[60.721491,56.0844403],[60.7215538,56.0844046],[60.7216745,56.0843971],[60.7218542,56.084508],[60.7217977,56.0846751],[60.7217255,56.0846986],[60.721413,56.0847143],[60.7213473,56.0846889],[60.7213406,56.0845804],[60.7213674,56.0845602],[60.7214404,56.0845603],[60.7214482,56.0846594],[60.7217038,56.0846532],[60.7216868,56.0844356],[60.721491,56.0844403]]]}},{"type":"Feature","properties":{"id":845498958,"landuse":"grass"},"geometry":{"type":"Polygon","coordinates":[[[60.7220929,56.0860968],[60.721877,56.0860047],[60.7215377,56.0860227],[60.7215179,56.0859287],[60.7216612,56.08586],[60.7217104,56.085858],[60.7216994,56.0857891],[60.724146,56.0856846],[60.7241892,56.085976],[60.724163,56.0859906],[60.7239689,56.0859975],[60.7239488,56.0859855],[60.7239484,56.0859708],[60.7240755,56.0859656],[60.7240598,56.0858458],[60.7221119,56.085925],[60.7221275,56.0860448],[60.7220929,56.0860968]]]}},{"type":"Feature","properties":{"id":845498959,"landuse":"grass"},"geometry":{"type":"Polygon","coordinates":[[[60.7216541,56.0862395],[60.7215798,56.0862602],[60.7215583,56.0862744],[60.7215771,56.0863964],[60.7219084,56.0863717],[60.7219459,56.0862984],[60.7219117,56.0862992],[60.7219144,56.0863301],[60.7216626,56.086337],[60.7216541,56.0862395]]]}},{"type":"Feature","properties":{"id":845498960,"landuse":"grass"},"geometry":{"type":"Polygon","coordinates":[[[60.7242231,56.0861385],[60.7244873,56.0862645],[60.7246532,56.0863437],[60.7242755,56.0866192],[60.7242385,56.0862667],[60.723976,56.0862753],[60.7242231,56.0861385]]]}},{"type":"Feature","properties":{"id":845498961,"landuse":"grass"},"geometry":{"type":"Polygon","coordinates":[[[60.7215918,56.085716],[60.7215759,56.0856385],[60.721437,56.0855961],[60.7214608,56.0857254],[60.7215918,56.085716]]]}},{"type":"Feature","properties":{"id":845498962,"landuse":"grass"},"geometry":{"type":"Polygon","coordinates":[[[60.7216741,56.0857131],[60.721659,56.0856543],[60.7217926,56.0856824],[60.7218006,56.0857086],[60.7216741,56.0857131]]]}},{"type":"Feature","properties":{"id":845498963,"landuse":"grass"},"geometry":{"type":"Polygon","coordinates":[[[60.7217052,56.0862033],[60.7216676,56.0861773],[60.721657,56.0861135],[60.7217224,56.0860868],[60.721845,56.0860822],[60.7219653,56.0861096],[60.7220435,56.0861799],[60.7219019,56.0861857],[60.7218956,56.0861138],[60.7216978,56.0861191],[60.7217052,56.0862033]]]}},{"type":"Feature","properties":{"id":845498964,"landuse":"grass"},"geometry":{"type":"Polygon","coordinates":[[[60.7194981,56.0829265],[60.7195919,56.0829166],[60.719675,56.0829344],[60.7197493,56.0829729],[60.7196963,56.0825997],[60.7194981,56.0829265]]]}},{"type":"Feature","properties":{"id":845498966,"landuse":"natural_wood"},"geometry":{"type":"Polygon","coordinates":[[[60.7243088,56.0854432],[60.724282,56.0852404],[60.7243075,56.085203],[60.7243719,56.085194],[60.7244282,56.0852075],[60.7244577,56.0853093],[60.7245288,56.0853482],[60.7249995,56.0853616],[60.7250075,56.0852988],[60.7248862,56.0852931],[60.7248674,56.0850768],[60.7246696,56.0850821],[60.7244175,56.0850668],[60.7244148,56.0851357],[60.7243477,56.0851506],[60.7242619,56.0851095],[60.7242579,56.0850309],[60.7243289,56.0850114],[60.7243088,56.0848685],[60.7242626,56.0848502],[60.7242712,56.0847977],[60.7258853,56.0847238],[60.7260986,56.0847761],[60.726112,56.0848749],[60.7260342,56.0848786],[60.7259859,56.0848525],[60.7258505,56.0848622],[60.7257995,56.0848936],[60.7258421,56.0852545],[60.7258823,56.085269],[60.7260074,56.085273],[60.7260409,56.0852895],[60.726053,56.0853635],[60.7260369,56.0853793],[60.7243088,56.0854432]]]}},{"type":"Feature","properties":{"id":845498967,"landuse":"grass"},"geometry":{"type":"Polygon","coordinates":[[[60.724331,56.0854838],[60.7243757,56.0855394],[60.724455,56.085553],[60.7259775,56.0854861],[60.7260466,56.0854407],[60.7260426,56.0854101],[60.724331,56.0854838]]]}},{"type":"Feature","properties":{"id":845498968,"landuse":"grass"},"geometry":{"type":"Polygon","coordinates":[[[60.7219751,56.0855802],[60.7219934,56.0856279],[60.7221702,56.0856551],[60.7226947,56.0856369],[60.7228024,56.0855825],[60.7238208,56.085528],[60.7239204,56.0855757],[60.7241968,56.0855643],[60.7242273,56.0854793],[60.7219751,56.0855802]]]}},{"type":"Feature","properties":{"id":845498970,"landuse":"grass"},"geometry":{"type":"Polygon","coordinates":[[[60.7240561,56.0833538],[60.7240515,56.0833237],[60.7240823,56.0833013],[60.7257307,56.0832291],[60.7257338,56.0832876],[60.7240561,56.0833538]]]}},{"type":"Feature","properties":{"id":845498971,"landuse":"grass"},"geometry":{"type":"Polygon","coordinates":[[[60.7257954,56.0832816],[60.7257923,56.0832309],[60.727681,56.0831483],[60.7277426,56.0831698],[60.7277734,56.0832025],[60.7257954,56.0832816]]]}},{"type":"Feature","properties":{"id":845498972,"landuse":"grass"},"geometry":{"type":"Polygon","coordinates":[[[60.7279352,56.0834346],[60.728006,56.0834638],[60.7280769,56.0834664],[60.7281555,56.0834191],[60.7281231,56.0831922],[60.7296082,56.0831329],[60.729602,56.0830873],[60.7295635,56.083077],[60.7279305,56.0831406],[60.7278967,56.0831595],[60.7279352,56.0834346]]]}},{"type":"Feature","properties":{"id":845498973,"landuse":"natural_wood"},"geometry":{"type":"Polygon","coordinates":[[[60.7258286,56.0834001],[60.7259208,56.0833158],[60.7277706,56.0832454],[60.7277813,56.0833228],[60.7258286,56.0834001]]]}},{"type":"Feature","properties":{"id":845498977,"landuse":"grass"},"geometry":{"type":"Polygon","coordinates":[[[60.7225599,56.0829343],[60.7225688,56.0829056],[60.7227988,56.0828898],[60.723082,56.083029],[60.7230183,56.0831011],[60.7225599,56.0829343]]]}},{"type":"Feature","properties":{"id":845498978,"landuse":"grass"},"geometry":{"type":"Polygon","coordinates":[[[60.7202976,56.0823804],[60.7201914,56.0823857],[60.7201586,56.0823013],[60.7201161,56.0822826],[60.7198914,56.0822905],[60.7198348,56.0823418],[60.719925,56.0830764],[60.7200206,56.0832068],[60.7202081,56.0832966],[60.7204099,56.0833184],[60.7205568,56.0833154],[60.7209284,56.0832986],[60.7209054,56.0832423],[60.7207585,56.0832384],[60.7207481,56.0831339],[60.7203492,56.0831476],[60.7203301,56.0829736],[60.7203626,56.0829726],[60.7202976,56.0823804]]]}},{"type":"Feature","properties":{"id":845498979,"landuse":"grass"},"geometry":{"type":"Polygon","coordinates":[[[60.7214386,56.0832524],[60.7211576,56.0832608],[60.7211629,56.0832967],[60.7214451,56.0833024],[60.7214386,56.0832524]]]}},{"type":"Feature","properties":{"id":845498980,"landuse":"grass"},"geometry":{"type":"Polygon","coordinates":[[[60.7240627,56.0831761],[60.723842,56.0832152],[60.7232676,56.0832373],[60.7232139,56.0832139],[60.7231917,56.083094],[60.7232303,56.0830556],[60.7253318,56.0829631],[60.7253995,56.0829872],[60.7254123,56.0831161],[60.725375,56.0831442],[60.7249593,56.0831683],[60.7248904,56.0831461],[60.7248741,56.0830705],[60.7247947,56.0830588],[60.7240545,56.0830875],[60.7240627,56.0831761]]]}},{"type":"Feature","properties":{"id":845498983,"landuse":"grass"},"geometry":{"type":"Polygon","coordinates":[[[60.722085,56.0819587],[60.7225396,56.0820142],[60.7226086,56.0820379],[60.7226298,56.0822552],[60.722582,56.0822947],[60.7223768,56.0823055],[60.7223467,56.0822877],[60.7223447,56.0822713],[60.7225002,56.0822665],[60.7224872,56.0821345],[60.7220154,56.082149],[60.722085,56.0819587]]]}},{"type":"Feature","properties":{"id":845498984,"landuse":"grass"},"geometry":{"type":"Polygon","coordinates":[[[60.7211702,56.0816089],[60.7210536,56.0817781],[60.7210663,56.081893],[60.7209718,56.0818946],[60.7209589,56.0817788],[60.7205948,56.0821999],[60.7205895,56.0822285],[60.7208656,56.0823619],[60.720956,56.0823139],[60.720943,56.0821819],[60.7212087,56.0821737],[60.7213065,56.0818111],[60.7211702,56.0816089]]]}},{"type":"Feature","properties":{"id":845498985,"landuse":"grass"},"geometry":{"type":"Polygon","coordinates":[[[60.7230924,56.0822244],[60.7229609,56.0822341],[60.7228231,56.0823149],[60.7228768,56.0828074],[60.7230917,56.0829572],[60.7233029,56.0829477],[60.7234231,56.0829431],[60.7234613,56.0829109],[60.7234485,56.0827763],[60.7233708,56.0827779],[60.7233827,56.0828629],[60.723183,56.0828716],[60.7230924,56.0822244]]]}},{"type":"Feature","properties":{"id":845498986,"landuse":"grass"},"geometry":{"type":"Polygon","coordinates":[[[60.7233129,56.0823641],[60.7233671,56.0823652],[60.7234025,56.0823849],[60.7234113,56.0824945],[60.723383,56.0825084],[60.7233334,56.0825105],[60.7233129,56.0823641]]]}},{"type":"Feature","properties":{"id":845498987,"landuse":"grass"},"geometry":{"type":"Polygon","coordinates":[[[60.7233408,56.0825635],[60.7233848,56.0825617],[60.7234167,56.0825706],[60.7234397,56.0827049],[60.7234007,56.0827266],[60.7233624,56.0827278],[60.7233408,56.0825635]]]}},{"type":"Feature","properties":{"id":845498988,"landuse":"grass"},"geometry":{"type":"Polygon","coordinates":[[[60.7242179,56.0857276],[60.7242179,56.0857037],[60.7242555,56.0856827],[60.7258058,56.0856214],[60.7258648,56.0856363],[60.7258701,56.0856573],[60.7242179,56.0857276]]]}},{"type":"Feature","properties":{"id":845498989,"landuse":"grass"},"geometry":{"type":"Polygon","coordinates":[[[60.7266604,56.0856099],[60.7266564,56.0855815],[60.7268321,56.085571],[60.726883,56.0855815],[60.7268857,56.0856039],[60.7266604,56.0856099]]]}},{"type":"Feature","properties":{"id":845498990,"landuse":"natural_wood"},"geometry":{"type":"Polygon","coordinates":[[[60.72658,56.0858411],[60.7263788,56.0858486],[60.72636,56.085666],[60.7265665,56.0856601],[60.72658,56.0858411]]]}},{"type":"Feature","properties":{"id":845498991,"landuse":"grass"},"geometry":{"type":"Polygon","coordinates":[[[60.7268137,56.086452],[60.7268523,56.086199],[60.7270017,56.0862926],[60.7269217,56.0864472],[60.7268137,56.086452]]]}},{"type":"Feature","properties":{"id":845498994,"landuse":"grass"},"geometry":{"type":"Polygon","coordinates":[[[60.7252561,56.0865138],[60.7256057,56.08638],[60.7261667,56.0859196],[60.726122,56.0858799],[60.7261871,56.0858311],[60.7262724,56.0858515],[60.7263131,56.0858492],[60.7263029,56.0857018],[60.7262602,56.0856734],[60.7242295,56.0857585],[60.7242482,56.0859999],[60.7243553,56.0861033],[60.7245152,56.0860974],[60.7245173,56.0860556],[60.7243956,56.0860609],[60.7243793,56.0859455],[60.725845,56.0858812],[60.7258612,56.0859966],[60.7257199,56.0860028],[60.725727,56.0860891],[60.7257318,56.0861476],[60.7250086,56.0861795],[60.7250196,56.0862445],[60.7247432,56.0862524],[60.7244849,56.086216],[60.7244873,56.0862645],[60.7246532,56.0863437],[60.7252561,56.0865138]]]}},{"type":"Feature","properties":{"id":845498995,"landuse":"recreation_ground"},"geometry":{"type":"Polygon","coordinates":[[[60.725727,56.0860891],[60.7246732,56.0861374],[60.7244849,56.086216],[60.7247432,56.0862524],[60.7250196,56.0862445],[60.7250086,56.0861795],[60.7257318,56.0861476],[60.725727,56.0860891]]]}},{"type":"Feature","properties":{"id":845498996,"landuse":"leisure_playground"},"geometry":{"type":"Polygon","coordinates":[[[60.7250196,56.0862445],[60.7250086,56.0861795],[60.7247363,56.0861907],[60.7247432,56.0862524],[60.7250196,56.0862445]]]}},{"type":"Feature","properties":{"id":846019302,"landuse":"grass"},"geometry":{"type":"Polygon","coordinates":[[[60.7240322,56.0846174],[60.7240391,56.0845255],[60.7242427,56.0845166],[60.7244863,56.0845029],[60.7244757,56.0843292],[60.7248292,56.0844216],[60.7257744,56.0843366],[60.7257887,56.0842844],[60.7258747,56.0842817],[60.7259153,56.0843849],[60.7260617,56.084411],[60.7260881,56.0846514],[60.7260373,56.0846764],[60.7258971,56.0846877],[60.7258686,56.0846809],[60.7258639,56.0846506],[60.7259691,56.0846457],[60.7259518,56.0845289],[60.7240322,56.0846174]]]}},{"type":"Feature","properties":{"id":846019305,"landuse":"grass"},"geometry":{"type":"Polygon","coordinates":[[[60.7237358,56.0835916],[60.7237363,56.083622],[60.7237177,56.0836351],[60.7235869,56.0836429],[60.7235589,56.0836311],[60.7235514,56.0835992],[60.7237358,56.0835916]]]}},{"type":"Feature","properties":{"id":846019306,"landuse":"grass"},"geometry":{"type":"Polygon","coordinates":[[[60.7221971,56.0836546],[60.7221999,56.0836833],[60.7222209,56.0836885],[60.7223493,56.0836846],[60.722368,56.0836754],[60.7223656,56.0836477],[60.7221971,56.0836546]]]}},{"type":"Feature","properties":{"id":846019307,"landuse":"grass"},"geometry":{"type":"Polygon","coordinates":[[[60.7224264,56.0836452],[60.7224287,56.0836741],[60.7224544,56.0836807],[60.7225758,56.0836754],[60.7225945,56.0836624],[60.7225871,56.0836386],[60.7224264,56.0836452]]]}},{"type":"Feature","properties":{"id":846019308,"landuse":"grass"},"geometry":{"type":"Polygon","coordinates":[[[60.7226523,56.083636],[60.7226552,56.0836598],[60.7226786,56.0836663],[60.7227953,56.0836598],[60.7228117,56.083652],[60.722804,56.0836297],[60.7226523,56.083636]]]}},{"type":"Feature","properties":{"id":846019309,"landuse":"grass"},"geometry":{"type":"Polygon","coordinates":[[[60.7235095,56.0836009],[60.7235122,56.0836285],[60.7234842,56.0836429],[60.7233534,56.0836507],[60.72333,56.0836416],[60.7233225,56.0836085],[60.7235095,56.0836009]]]}},{"type":"Feature","properties":{"id":846019310,"landuse":"grass"},"geometry":{"type":"Polygon","coordinates":[[[60.7206473,56.0834843],[60.7206412,56.0834387],[60.7207444,56.0834791],[60.7206473,56.0834843]]]}},{"type":"Feature","properties":{"id":846019311,"landuse":"grass"},"geometry":{"type":"Polygon","coordinates":[[[60.7207122,56.083529],[60.7208379,56.0835134],[60.7208715,56.0835843],[60.7207122,56.083529]]]}},{"type":"Feature","properties":{"id":846019379,"landuse":"grass"},"geometry":{"type":"Polygon","coordinates":[[[60.7194034,56.0847753],[60.7195414,56.0847654],[60.7195856,56.084799],[60.7195272,56.0848632],[60.7194034,56.0847753]]]}},{"type":"Feature","properties":{"id":846019380,"landuse":"grass"},"geometry":{"type":"Polygon","coordinates":[[[60.7197644,56.0846282],[60.71989,56.0847151],[60.7197874,56.084722],[60.7197272,56.0846766],[60.7197644,56.0846282]]]}},{"type":"Feature","properties":{"id":846019381,"landuse":"grass"},"geometry":{"type":"Polygon","coordinates":[[[60.7220771,56.0865866],[60.7221622,56.0865983],[60.7221738,56.0867188],[60.7220978,56.086733],[60.7220771,56.0865866]]]}},{"type":"Feature","properties":{"id":846019382,"landuse":"grass"},"geometry":{"type":"Polygon","coordinates":[[[60.7221016,56.0867598],[60.7221832,56.0867755],[60.722196,56.0868947],[60.7221231,56.0869115],[60.7221016,56.0867598]]]}},{"type":"Feature","properties":{"id":846019383,"landuse":"grass"},"geometry":{"type":"Polygon","coordinates":[[[60.7221262,56.0869331],[60.7222054,56.0869442],[60.7222147,56.0870784],[60.7221473,56.0870824],[60.7221262,56.0869331]]]}},{"type":"Feature","properties":{"id":846019390,"landuse":"grass"},"geometry":{"type":"Polygon","coordinates":[[[60.7219013,56.090127],[60.7220006,56.0901244],[60.7220099,56.090198],[60.7219013,56.090127]]]}},{"type":"Feature","properties":{"id":846019391,"landuse":"grass"},"geometry":{"type":"Polygon","coordinates":[[[60.7243809,56.0902541],[60.7243844,56.0902938],[60.724444,56.0903303],[60.7248397,56.0903212],[60.7248327,56.0902411],[60.7243809,56.0902541]]]}},{"type":"Feature","properties":{"id":846019394,"landuse":"grass"},"geometry":{"type":"Polygon","coordinates":[[[60.7254335,56.0897611],[60.725555,56.0898067],[60.7257756,56.0897683],[60.7258678,56.0897702],[60.7259321,56.0898021],[60.7259402,56.0898262],[60.7256729,56.089864],[60.7254616,56.0898803],[60.7254137,56.0898666],[60.7254008,56.0898002],[60.7254335,56.0897611]]]}},{"type":"Feature","properties":{"id":846019395,"landuse":"grass"},"geometry":{"type":"Polygon","coordinates":[[[60.7260737,56.0897016],[60.7259711,56.0897033],[60.7259741,56.089739],[60.7260768,56.0897362],[60.7260737,56.0897016]]]}},{"type":"Feature","properties":{"id":846019396,"landuse":"grass"},"geometry":{"type":"Polygon","coordinates":[[[60.726281,56.0897577],[60.7263197,56.0897798],[60.7263888,56.0897821],[60.7264264,56.0897566],[60.7264233,56.0897203],[60.7263837,56.089701],[60.7263268,56.0897039],[60.7262851,56.0897214],[60.726281,56.0897577]]]}},{"type":"Feature","properties":{"id":846019403,"landuse":"grass"},"geometry":{"type":"Polygon","coordinates":[[[60.7249459,56.0891803],[60.7250415,56.0892043],[60.7250858,56.0896473],[60.7250308,56.0896787],[60.7238869,56.0897311],[60.723862,56.08951],[60.7249732,56.0894288],[60.7249459,56.0891803]]]}},{"type":"Feature","properties":{"id":846019414,"landuse":"grass"},"geometry":{"type":"Polygon","coordinates":[[[60.7253109,56.0897344],[60.7252599,56.0897344],[60.7251835,56.0896685],[60.7251097,56.0892204],[60.7251701,56.0891897],[60.7252036,56.0895338],[60.7253229,56.0896221],[60.7253337,56.0896491],[60.7253109,56.0897344]]]}},{"type":"Feature","properties":{"id":846019415,"landuse":"grass"},"geometry":{"type":"Polygon","coordinates":[[[60.7249649,56.0897665],[60.7249649,56.0897396],[60.7249421,56.0897254],[60.7247691,56.0897284],[60.7247355,56.0897441],[60.7247355,56.0897752],[60.7249649,56.0897665]]]}},{"type":"Feature","properties":{"id":846019416,"landuse":"grass"},"geometry":{"type":"Polygon","coordinates":[[[60.7239727,56.0898043],[60.7239979,56.089768],[60.7240864,56.0897591],[60.7241146,56.0897852],[60.7241148,56.0897989],[60.7239727,56.0898043]]]}},{"type":"Feature","properties":{"id":846019417,"landuse":"grass"},"geometry":{"type":"Polygon","coordinates":[[[60.7241601,56.0897972],[60.7241642,56.0897718],[60.7241991,56.0897538],[60.7243412,56.0897493],[60.7243721,56.0897561],[60.7243733,56.089789],[60.7241601,56.0897972]]]}},{"type":"Feature","properties":{"id":846019418,"landuse":"grass"},"geometry":{"type":"Polygon","coordinates":[[[60.7244312,56.0897868],[60.7244324,56.0897568],[60.7244512,56.0897441],[60.7246577,56.0897351],[60.7246859,56.0897478],[60.72469,56.089777],[60.7244312,56.0897868]]]}},{"type":"Feature","properties":{"id":846019433,"landuse":"grass"},"geometry":{"type":"Polygon","coordinates":[[[60.7217666,56.0913927],[60.7216894,56.0909142],[60.7218062,56.0909063],[60.7218997,56.0913314],[60.7217666,56.0913927]]]}},{"type":"Feature","properties":{"id":846019434,"landuse":"grass"},"geometry":{"type":"Polygon","coordinates":[[[60.7220468,56.0913308],[60.7221495,56.0913269],[60.7221229,56.0911186],[60.7220221,56.0911216],[60.7220468,56.0913308]]]}},{"type":"Feature","properties":{"id":846019435,"landuse":"grass"},"geometry":{"type":"Polygon","coordinates":[[[60.7222238,56.0913239],[60.7225512,56.0913141],[60.7225282,56.0911018],[60.7222026,56.0911166],[60.7222238,56.0913239]]]}},{"type":"Feature","properties":{"id":846019436,"landuse":"grass"},"geometry":{"type":"Polygon","coordinates":[[[60.7221477,56.0913763],[60.722061,56.0913871],[60.7221601,56.0921403],[60.7222026,56.0922331],[60.7224309,56.0923526],[60.7225583,56.0923575],[60.7226308,56.0923546],[60.7226255,56.092306],[60.7226215,56.0922696],[60.7226163,56.0922227],[60.7226025,56.0921075],[60.7225957,56.0920434],[60.7223923,56.0920509],[60.722315,56.0913989],[60.7225184,56.0913914],[60.7225252,56.0914484],[60.722576,56.0914483],[60.7225707,56.0913881],[60.7225264,56.0913634],[60.7222362,56.0913684],[60.7221477,56.0913763]]]}},{"type":"Feature","properties":{"id":846019437,"landuse":"natural_wood"},"geometry":{"type":"Polygon","coordinates":[[[60.7226308,56.0923546],[60.7273149,56.0921601],[60.7274247,56.0921176],[60.7274282,56.0921009],[60.7226255,56.092306],[60.7226308,56.0923546]]]}},{"type":"Feature","properties":{"id":846019438,"landuse":"grass"},"geometry":{"type":"Polygon","coordinates":[[[60.7226163,56.0922227],[60.7226215,56.0922696],[60.7260072,56.0921305],[60.7260002,56.092085],[60.725123,56.0921193],[60.7251063,56.092003],[60.724861,56.0920151],[60.7248745,56.0921276],[60.7237141,56.0921709],[60.7237006,56.0920585],[60.7234565,56.0920641],[60.7234756,56.0921813],[60.7226163,56.0922227]]]}},{"type":"Feature","properties":{"id":986373962,"landuse":"logging"},"geometry":{"type":"Polygon","coordinates":[[[60.6956737,56.0855573],[60.6963971,56.0855307],[60.695976,56.0820077],[60.6943589,56.0812683],[60.6935513,56.0812145],[60.6941414,56.0843095],[60.6956737,56.0855573]]]}},{"type":"Feature","properties":{"id":1016160872,"landuse":"leisure_pitch"},"geometry":{"type":"Polygon","coordinates":[[[60.7761946,56.0789632],[60.7762279,56.0789798],[60.7762699,56.0789882],[60.7763145,56.0789871],[60.7763552,56.0789768],[60.7765757,56.078887],[60.7765878,56.0788739],[60.7765938,56.07886],[60.7765918,56.0788454],[60.7765878,56.0788264],[60.7765769,56.0788063],[60.7761517,56.0784836],[60.7761177,56.0784581],[60.7760882,56.0784454],[60.77604,56.0784379],[60.7759877,56.0784469],[60.7757208,56.0785629],[60.7757127,56.0785809],[60.7757208,56.0786026],[60.7757409,56.0786205],[60.7757692,56.0786406],[60.7761946,56.0789632]]]}},{"type":"Feature","properties":{"id":1060068064,"landuse":"grass"},"geometry":{"type":"Polygon","coordinates":[[[60.7530722,56.0739876],[60.7531312,56.0739801],[60.7531714,56.0739637],[60.7531929,56.0739337],[60.7531017,56.0729801],[60.7529998,56.0729831],[60.7530722,56.0739876]]]}},{"type":"Feature","properties":{"id":1060068065,"landuse":"grass"},"geometry":{"type":"Polygon","coordinates":[[[60.7531741,56.0749831],[60.7532331,56.0749771],[60.7532868,56.0749427],[60.7532921,56.0749202],[60.7532117,56.0740834],[60.7531875,56.0740655],[60.7531285,56.074046],[60.7530856,56.0740415],[60.7531741,56.0749831]]]}},{"type":"Feature","properties":{"id":1060068066,"landuse":"grass"},"geometry":{"type":"Polygon","coordinates":[[[60.7532439,56.0756522],[60.7533082,56.0756477],[60.7533458,56.0756178],[60.7533538,56.0756013],[60.7533082,56.0751029],[60.7532787,56.0750789],[60.7532439,56.075055],[60.7531849,56.0750385],[60.7532439,56.0756522]]]}},{"type":"Feature","properties":{"id":1060068067,"landuse":"grass"},"geometry":{"type":"Polygon","coordinates":[[[60.7533324,56.0767031],[60.7534477,56.0766686],[60.7534161,56.0763213],[60.7533646,56.075754],[60.7532492,56.0757091],[60.753327,56.0766284],[60.7533324,56.0767031]]]}},{"type":"Feature","properties":{"id":1060091087,"landuse":"grass"},"geometry":{"type":"Polygon","coordinates":[[[60.753378,56.0771491],[60.7533458,56.0767495],[60.753378,56.0767495],[60.7534222,56.0767659],[60.7534544,56.0767854],[60.7534745,56.0768602],[60.7534799,56.0769665],[60.7534732,56.0770893],[60.7534517,56.0771896],[60.753378,56.0771491]]]}},{"type":"Feature","properties":{"id":1060196659,"landuse":"grass"},"geometry":{"type":"Polygon","coordinates":[[[60.7508566,56.0759272],[60.7514623,56.0759124],[60.7515268,56.0758829],[60.7515219,56.0757296],[60.7520832,56.0757198],[60.7528339,56.0761116],[60.7528758,56.0764536],[60.7529603,56.0765045],[60.7529047,56.0760348],[60.7522631,56.0757086],[60.7522599,56.0756284],[60.750847,56.0756522],[60.7508566,56.0759272]]]}},{"type":"Feature","properties":{"id":1063977983,"landuse":"natural_wood"},"geometry":{"type":"Polygon","coordinates":[[[60.8029961,56.0970225],[60.8028138,56.0970944],[60.8027601,56.09722],[60.8028138,56.0974774],[60.8030176,56.0977048],[60.8032429,56.0977526],[60.8034468,56.0977287],[60.8038974,56.0974534],[60.8038759,56.0972081],[60.8040905,56.0970046],[60.803436,56.0970285],[60.8032429,56.0969627],[60.8029961,56.0970225]]]}},{"type":"Feature","properties":{"id":1063977984,"landuse":"natural_wood"},"geometry":{"type":"Polygon","coordinates":[[[60.8050668,56.0962505],[60.8046698,56.0963822],[60.8045518,56.0964899],[60.8047664,56.096831],[60.8047986,56.0972021],[60.8079529,56.0961847],[60.807631,56.0957837],[60.8073521,56.0955743],[60.8056247,56.0960471],[60.8050668,56.0962505]]]}},{"type":"Feature","properties":{"id":1063977985,"landuse":"natural_wood"},"geometry":{"type":"Polygon","coordinates":[[[60.7980716,56.0984408],[60.7980394,56.0987041],[60.7982862,56.0989016],[60.7986832,56.0990333],[60.799123,56.0990572],[60.7999813,56.0984887],[60.8001959,56.0984109],[60.8012581,56.0983211],[60.8016121,56.0980159],[60.8016336,56.0977646],[60.8014083,56.0975611],[60.8009255,56.0975671],[60.7999813,56.0979082],[60.7990694,56.0981057],[60.7980716,56.0984408]]]}},{"type":"Feature","properties":{"id":1063977989,"landuse":"natural_wood"},"geometry":{"type":"Polygon","coordinates":[[[60.7929338,56.0958255],[60.7936406,56.0958017],[60.7939088,56.0958675],[60.7940483,56.0960291],[60.7939196,56.0961847],[60.7939088,56.0963643],[60.7946813,56.0962505],[60.7955074,56.0962146],[60.7956147,56.0962745],[60.7953679,56.0965617],[60.7948851,56.0967114],[60.7947886,56.0967951],[60.7946706,56.0969687],[60.7949281,56.0970764],[60.7946384,56.0975911],[60.7949281,56.0976509],[60.7949066,56.0978304],[60.7949817,56.0979142],[60.7951319,56.0979501],[60.7962692,56.0979022],[60.7973528,56.0977167],[60.7979,56.0975252],[60.7984364,56.0973038],[60.7986617,56.0971901],[60.7987583,56.0971123],[60.7990909,56.0967951],[60.7996273,56.0965917],[60.7995844,56.0964241],[60.7994449,56.0963762],[60.7989192,56.0963882],[60.7987368,56.0958436],[60.7987904,56.09567],[60.7984793,56.0953588],[60.794692,56.094138],[60.7919884,56.0946526],[60.7929338,56.0958255]]]}},{"type":"Feature","properties":{"id":1081609519,"landuse":"leisure_pitch"},"geometry":{"type":"Polygon","coordinates":[[[60.75212,56.0831931],[60.7522012,56.08321],[60.7522754,56.083235],[60.7523161,56.0832451],[60.7523401,56.0832672],[60.7523932,56.0833055],[60.7524327,56.0833485],[60.7524574,56.0833949],[60.7524664,56.083443],[60.7524593,56.0834912],[60.7524366,56.0835379],[60.7523988,56.0835814],[60.7523474,56.0836204],[60.752284,56.0836534],[60.7522108,56.0836793],[60.7521303,56.0836973],[60.7520453,56.0837067],[60.7519586,56.0837073],[60.7518732,56.0836989],[60.751792,56.083682],[60.7517178,56.083657],[60.7516531,56.0836248],[60.7516,56.0835865],[60.7515605,56.0835435],[60.7515358,56.0834971],[60.7515268,56.083449],[60.7515339,56.0834008],[60.7515566,56.0833541],[60.7515944,56.0833106],[60.7516458,56.0832716],[60.7517092,56.0832386],[60.7517824,56.0832127],[60.7518629,56.0831947],[60.7519479,56.0831853],[60.7520346,56.0831847],[60.75212,56.0831931]]]}},{"type":"Feature","properties":{"id":1081682976,"landuse":"leisure_pitch"},"geometry":{"type":"Polygon","coordinates":[[[60.7528386,56.0845813],[60.7529063,56.0844239],[60.7533008,56.0844766],[60.7532331,56.0846341],[60.7528386,56.0845813]]]}},{"type":"Feature","properties":{"id":1167364451,"landuse":"residential"},"geometry":{"type":"Polygon","coordinates":[[[60.8103253,56.070297],[60.808982,56.0699668],[60.811644,56.0663551],[60.8119768,56.0657772],[60.8136159,56.0660248],[60.8103253,56.070297]]]}},{"type":"Feature","properties":{"id":1167364452,"landuse":"residential"},"geometry":{"type":"Polygon","coordinates":[[[60.8089327,56.0694096],[60.8075524,56.0690174],[60.8097338,56.0660799],[60.811299,56.0663207],[60.8089327,56.0694096]]]}},{"type":"Feature","properties":{"id":1167364454,"landuse":"residential"},"geometry":{"type":"Polygon","coordinates":[[[60.8089574,56.0667334],[60.8094873,56.0660317],[60.8056175,56.0655157],[60.8052724,56.0662243],[60.8089574,56.0667334]]]}},{"type":"Feature","properties":{"id":1167364455,"landuse":"residential"},"geometry":{"type":"Polygon","coordinates":[[[60.8046192,56.0671393],[60.8051492,56.0663482],[60.8087479,56.0668848],[60.8083535,56.0672907],[60.8073675,56.0671187],[60.8070348,56.067559],[60.8046192,56.0671393]]]}},{"type":"Feature","properties":{"id":1167364456,"landuse":"residential"},"geometry":{"type":"Polygon","coordinates":[[[60.8069115,56.0693958],[60.8055929,56.0690174],[60.8066527,56.0676622],[60.8070594,56.0676897],[60.8071704,56.0680818],[60.8078359,56.0682263],[60.8069115,56.0693958]]]}},{"type":"Feature","properties":{"id":1167364457,"landuse":"residential"},"geometry":{"type":"Polygon","coordinates":[[[60.8080084,56.0653231],[60.8063323,56.0653231],[60.8064679,56.0633485],[60.808033,56.0628806],[60.8080084,56.0653231]]]}},{"type":"Feature","properties":{"id":1167364458,"landuse":"residential"},"geometry":{"type":"Polygon","coordinates":[[[60.8060119,56.0631283],[60.804533,56.0631008],[60.804496,56.0620687],[60.8061228,56.0620825],[60.8060119,56.0631283]]]}},{"type":"Feature","properties":{"id":1167364459,"landuse":"residential"},"geometry":{"type":"Polygon","coordinates":[[[60.804496,56.0618623],[60.8061598,56.0619105],[60.806246,56.060899],[60.804533,56.0608646],[60.804496,56.0618623]]]}},{"type":"Feature","properties":{"id":1167365513,"landuse":"residential"},"geometry":{"type":"Polygon","coordinates":[[[60.8098216,56.0653288],[60.8082874,56.0653288],[60.8083518,56.0628671],[60.8099933,56.062909],[60.8098216,56.0653288]]]}},{"type":"Feature","properties":{"id":1167365514,"landuse":"residential"},"geometry":{"type":"Polygon","coordinates":[[[60.8095963,56.0659217],[60.809768,56.0655085],[60.8071823,56.0654725],[60.8071716,56.0655863],[60.8095963,56.0659217]]]}},{"type":"Feature","properties":{"id":1167365515,"landuse":"residential"},"geometry":{"type":"Polygon","coordinates":[[[60.8098967,56.0659816],[60.810165,56.0655444],[60.8116455,56.0657361],[60.8113451,56.0661793],[60.8098967,56.0659816]]]}},{"type":"Feature","properties":{"id":1179998674,"landuse":"grass"},"geometry":{"type":"Polygon","coordinates":[[[60.7685056,56.0655631],[60.7685351,56.0655945],[60.768578,56.0656095],[60.768629,56.0656095],[60.7688302,56.065605],[60.7688543,56.065596],[60.7688731,56.0655825],[60.7688785,56.0655586],[60.768865,56.0655406],[60.7688409,56.0655256],[60.7688302,56.0655092],[60.7688543,56.0654807],[60.768857,56.0654403],[60.7688355,56.0654088],[60.7687953,56.0653879],[60.7687417,56.0653789],[60.7687148,56.0653759],[60.7687122,56.0652082],[60.7687041,56.0651917],[60.76868,56.0651828],[60.7683179,56.0651932],[60.7682803,56.0651977],[60.7682455,56.0652112],[60.7682347,56.0652307],[60.7682642,56.0655451],[60.7682803,56.0655586],[60.7683152,56.0655661],[60.7683581,56.0655706],[60.7685056,56.0655631]]]}},{"type":"Feature","properties":{"id":1179998830,"landuse":"residential"},"geometry":{"type":"Polygon","coordinates":[[[60.7678986,56.0660117],[60.7697391,56.0659474],[60.7696343,56.0650133],[60.7677939,56.0650776],[60.7678986,56.0660117]]]}},{"type":"Feature","properties":{"id":1180002896,"landuse":"leisure_pitch"},"geometry":{"type":"Polygon","coordinates":[[[60.7617263,56.0753368],[60.7619322,56.0753292],[60.7619108,56.0751485],[60.7617049,56.075156],[60.7617263,56.0753368]]]}},{"type":"Feature","properties":{"id":1180002897,"landuse":"leisure_playground"},"geometry":{"type":"Polygon","coordinates":[[[60.7621535,56.0753986],[60.762163,56.0754841],[60.7615277,56.0755059],[60.7615104,56.0754981],[60.761497,56.0754921],[60.761489,56.0754763],[60.7614917,56.0754681],[60.7615037,56.0754531],[60.7616365,56.0753701],[60.7620589,56.0753566],[60.7621535,56.0753986]]]}},{"type":"Feature","properties":{"id":1180008471,"landuse":"leisure_playground"},"geometry":{"type":"Polygon","coordinates":[[[60.7468195,56.0722818],[60.7468865,56.0721513],[60.7462472,56.072049],[60.7462065,56.0721281],[60.7457491,56.0720549],[60.7457227,56.0721062],[60.7468195,56.0722818]]]}},{"type":"Feature","properties":{"id":1180008472,"landuse":"leisure_playground"},"geometry":{"type":"Polygon","coordinates":[[[60.7461322,56.0724521],[60.7463393,56.0724855],[60.7464512,56.0722696],[60.7462441,56.0722362],[60.7461322,56.0724521]]]}},{"type":"Feature","properties":{"id":1180008480,"landuse":"residential"},"geometry":{"type":"Polygon","coordinates":[[[60.7479197,56.0722151],[60.7464445,56.0720175],[60.7466483,56.0716343],[60.7445884,56.0713378],[60.7438964,56.0729427],[60.747925,56.0728589],[60.7479197,56.0722151]]]}},{"type":"Feature","properties":{"id":1180008486,"landuse":"leisure_playground"},"geometry":{"type":"Polygon","coordinates":[[[60.7448673,56.0722555],[60.7450283,56.072278],[60.7451919,56.0722346],[60.7454547,56.0722795],[60.7456318,56.0719382],[60.7450631,56.0718618],[60.7448673,56.0722555]]]}},{"type":"Feature","properties":{"id":1207286846,"landuse":"leisure_pitch"},"geometry":{"type":"Polygon","coordinates":[[[60.7464713,56.0708438],[60.7467106,56.0708817],[60.7468187,56.070669],[60.7465793,56.0706311],[60.7464713,56.0708438]]]}},{"type":"Feature","properties":{"id":1207286848,"landuse":"leisure_pitch"},"geometry":{"type":"Polygon","coordinates":[[[60.747115,56.0705773],[60.7470526,56.0707012],[60.7474818,56.0707685],[60.7475442,56.0706447],[60.747115,56.0705773]]]}},{"type":"Feature","properties":{"id":1239833720,"landuse":"residential"},"geometry":{"type":"Polygon","coordinates":[[[60.7629776,56.0663282],[60.7598287,56.06643],[60.7600808,56.0670529],[60.7609445,56.0670229],[60.7609338,56.0669091],[60.7630581,56.0668373],[60.7629776,56.0663282]]]}},{"type":"Feature","properties":{"id":1239833721,"landuse":"residential"},"geometry":{"type":"Polygon","coordinates":[[[60.7698548,56.0684932],[60.7670653,56.0685861],[60.7670814,56.0694724],[60.7699192,56.0693826],[60.7698548,56.0684932]]]}},{"type":"Feature","properties":{"id":1239833722,"landuse":"residential"},"geometry":{"type":"Polygon","coordinates":[[[60.7740712,56.0692748],[60.7739907,56.0683705],[60.7704502,56.0684573],[60.7705253,56.0693556],[60.7740712,56.0692748]]]}},{"type":"Feature","properties":{"id":1239833723,"landuse":"residential"},"geometry":{"type":"Polygon","coordinates":[[[60.7743931,56.0692658],[60.7742804,56.0683525],[60.7779497,56.0682088],[60.7780302,56.069146],[60.7743931,56.0692658]]]}},{"type":"Feature","properties":{"id":1239833726,"landuse":"residential"},"geometry":{"type":"Polygon","coordinates":[[[60.7791728,56.0757959],[60.7791513,56.075269],[60.7795215,56.075269],[60.7794946,56.074808],[60.7814687,56.0747331],[60.7807124,56.075748],[60.7791728,56.0757959]]]}},{"type":"Feature","properties":{"id":1239833727,"landuse":"residential"},"geometry":{"type":"Polygon","coordinates":[[[60.7668722,56.0739547],[60.7668292,56.0730265],[60.7677519,56.0729996],[60.767886,56.0734397],[60.769211,56.0733768],[60.7693076,56.0735535],[60.7704127,56.0735086],[60.7704663,56.0738379],[60.7668722,56.0739547]]]}},{"type":"Feature","properties":{"id":1239833728,"landuse":"residential"},"geometry":{"type":"Polygon","coordinates":[[[60.7667568,56.0719636],[60.7702357,56.0717959],[60.7703751,56.0727241],[60.7667917,56.0728768],[60.7667568,56.0719636]]]}},{"type":"Feature","properties":{"id":1239833729,"landuse":"residential"},"geometry":{"type":"Polygon","coordinates":[[[60.7742107,56.0703348],[60.7740819,56.0694544],[60.7718825,56.0695353],[60.7719523,56.0698676],[60.7720274,56.0701461],[60.7727489,56.0701237],[60.7727677,56.0703557],[60.7742107,56.0703348]]]}},{"type":"Feature","properties":{"id":1239833730,"landuse":"residential"},"geometry":{"type":"Polygon","coordinates":[[[60.7781696,56.0702479],[60.7780677,56.0693556],[60.7744414,56.0694335],[60.7745433,56.0703348],[60.7781696,56.0702479]]]}},{"type":"Feature","properties":{"id":1239833731,"landuse":"residential"},"geometry":{"type":"Polygon","coordinates":[[[60.7784218,56.0693197],[60.7792318,56.0692838],[60.7794517,56.0712779],[60.7786256,56.0713139],[60.7784218,56.0693197]]]}},{"type":"Feature","properties":{"id":1239833732,"landuse":"residential"},"geometry":{"type":"Polygon","coordinates":[[[60.7783923,56.0682567],[60.7784781,56.0691026],[60.7792586,56.0690726],[60.7791379,56.0682342],[60.7783923,56.0682567]]]}},{"type":"Feature","properties":{"id":1239833737,"landuse":"residential"},"geometry":{"type":"Polygon","coordinates":[[[60.7635999,56.0685501],[60.7633477,56.0662833],[60.7646406,56.0662833],[60.7649329,56.0684977],[60.7635999,56.0685501]]]}},{"type":"Feature","properties":{"id":1239833738,"landuse":"residential"},"geometry":{"type":"Polygon","coordinates":[[[60.7667649,56.0716911],[60.7666683,56.0707929],[60.7674032,56.0707689],[60.7674569,56.071254],[60.7691306,56.0711851],[60.7691896,56.0716462],[60.7667649,56.0716911]]]}},{"type":"Feature","properties":{"id":1239833739,"landuse":"residential"},"geometry":{"type":"Polygon","coordinates":[[[60.7665664,56.0706252],[60.7664376,56.069706],[60.7690018,56.0696191],[60.7691842,56.0705414],[60.7665664,56.0706252]]]}},{"type":"Feature","properties":{"id":1239833740,"landuse":"residential"},"geometry":{"type":"Polygon","coordinates":[[[60.7660997,56.0706132],[60.7660192,56.0698018],[60.7642007,56.0698377],[60.7642275,56.0701641],[60.7644099,56.0701611],[60.7644689,56.0706731],[60.7660997,56.0706132]]]}},{"type":"Feature","properties":{"id":1239833741,"landuse":"residential"},"geometry":{"type":"Polygon","coordinates":[[[60.7664859,56.0739966],[60.7661587,56.0708348],[60.7650536,56.0708917],[60.7653809,56.0739457],[60.7664859,56.0739966]]]}},{"type":"Feature","properties":{"id":1239833742,"landuse":"residential"},"geometry":{"type":"Polygon","coordinates":[[[60.7708579,56.077224],[60.7707667,56.0764037],[60.7659093,56.0765219],[60.7659548,56.0773422],[60.7708579,56.077224]]]}},{"type":"Feature","properties":{"id":1239833743,"landuse":"residential"},"geometry":{"type":"Polygon","coordinates":[[[60.7752353,56.0770863],[60.775128,56.0762151],[60.7711744,56.0763318],[60.7713193,56.077236],[60.7752353,56.0770863]]]}},{"type":"Feature","properties":{"id":1239833744,"landuse":"residential"},"geometry":{"type":"Polygon","coordinates":[[[60.7758683,56.0770504],[60.7758093,56.0762061],[60.7786632,56.0761073],[60.7787758,56.0769845],[60.7758683,56.0770504]]]}},{"type":"Feature","properties":{"id":1239833745,"landuse":"residential"},"geometry":{"type":"Polygon","coordinates":[[[60.7755437,56.0758843],[60.7754472,56.0749098],[60.7786632,56.0748035],[60.7787517,56.0758334],[60.7755437,56.0758843]]]}},{"type":"Feature","properties":{"id":1239833746,"landuse":"residential"},"geometry":{"type":"Polygon","coordinates":[[[60.7785022,56.0737705],[60.7753587,56.0738649],[60.775407,56.0747601],[60.7787195,56.0746433],[60.7785022,56.0737705]]]}},{"type":"Feature","properties":{"id":1239833747,"landuse":"residential"},"geometry":{"type":"Polygon","coordinates":[[[60.7788563,56.0737601],[60.7828206,56.0736223],[60.7824022,56.0740355],[60.7819515,56.0740714],[60.7816833,56.0744637],[60.7789019,56.0745849],[60.7788563,56.0737601]]]}},{"type":"Feature","properties":{"id":1239833748,"landuse":"residential"},"geometry":{"type":"Polygon","coordinates":[[[60.7787168,56.0725804],[60.7823431,56.0724457],[60.7824397,56.0734277],[60.7788455,56.0735385],[60.7787168,56.0725804]]]}},{"type":"Feature","properties":{"id":1239833749,"landuse":"residential"},"geometry":{"type":"Polygon","coordinates":[[[60.7787892,56.0724112],[60.7786927,56.0715205],[60.7823646,56.0713857],[60.7824451,56.07179],[60.7831317,56.071769],[60.7836521,56.0719037],[60.7831317,56.0723289],[60.7828098,56.072278],[60.7787892,56.0724112]]]}},{"type":"Feature","properties":{"id":1239833750,"landuse":"residential"},"geometry":{"type":"Polygon","coordinates":[[[60.7711744,56.0760384],[60.7710725,56.0751822],[60.7751414,56.0750041],[60.7752165,56.0759082],[60.7711744,56.0760384]]]}},{"type":"Feature","properties":{"id":1239833751,"landuse":"residential"},"geometry":{"type":"Polygon","coordinates":[[[60.7706916,56.0751582],[60.7659227,56.0753319],[60.7658851,56.0762121],[60.7708043,56.0760414],[60.7706916,56.0751582]]]}},{"type":"Feature","properties":{"id":1239833752,"landuse":"residential"},"geometry":{"type":"Polygon","coordinates":[[[60.7706487,56.0749786],[60.770579,56.0743768],[60.7704288,56.0743858],[60.7703805,56.0740445],[60.7657631,56.0742054],[60.7658046,56.0750265],[60.7706487,56.0749786]]]}},{"type":"Feature","properties":{"id":1239833753,"landuse":"residential"},"geometry":{"type":"Polygon","coordinates":[[[60.771212,56.0740385],[60.7749778,56.0738888],[60.7750945,56.0747705],[60.7712763,56.0748828],[60.771212,56.0740385]]]}},{"type":"Feature","properties":{"id":1239833754,"landuse":"residential"},"geometry":{"type":"Polygon","coordinates":[[[60.7711315,56.073814],[60.7709652,56.0729008],[60.7743931,56.072793],[60.7745165,56.0736822],[60.7711315,56.073814]]]}},{"type":"Feature","properties":{"id":1239833755,"landuse":"residential"},"geometry":{"type":"Polygon","coordinates":[[[60.774833,56.072772],[60.7784298,56.0726133],[60.7784942,56.073558],[60.7749081,56.0736792],[60.774833,56.072772]]]}},{"type":"Feature","properties":{"id":1239833756,"landuse":"residential"},"geometry":{"type":"Polygon","coordinates":[[[60.774731,56.0716762],[60.7783145,56.0715205],[60.7784164,56.0724547],[60.775702,56.0725565],[60.7757127,56.0724067],[60.774833,56.0724397],[60.774731,56.0716762]]]}},{"type":"Feature","properties":{"id":1239833757,"landuse":"residential"},"geometry":{"type":"Polygon","coordinates":[[[60.7746667,56.0714696],[60.778293,56.0713229],[60.7781696,56.0704186],[60.7745433,56.0705533],[60.7746667,56.0714696]]]}},{"type":"Feature","properties":{"id":1239837306,"landuse":"residential"},"geometry":{"type":"Polygon","coordinates":[[[60.771094,56.0658041],[60.7748812,56.0657113],[60.7748491,56.0650645],[60.7715768,56.0652232],[60.7715553,56.0648818],[60.7709652,56.0649656],[60.7710886,56.0657742],[60.771094,56.0658041]]]}},{"type":"Feature","properties":{"id":1239837307,"landuse":"residential"},"geometry":{"type":"Polygon","coordinates":[[[60.7701176,56.065861],[60.7700479,56.0650076],[60.7706916,56.0649866],[60.7707936,56.0658161],[60.7701176,56.065861]]]}},{"type":"Feature","properties":{"id":1239837309,"landuse":"residential"},"geometry":{"type":"Polygon","coordinates":[[[60.7632405,56.0660796],[60.7631117,56.0651303],[60.7640129,56.0651154],[60.7641041,56.0654927],[60.7644957,56.0654837],[60.7676768,56.0654088],[60.7676983,56.065912],[60.7632405,56.0660796]]]}},{"type":"Feature","properties":{"id":1239837310,"landuse":"residential"},"geometry":{"type":"Polygon","coordinates":[[[60.7589865,56.0661845],[60.7629186,56.0660497],[60.7627416,56.0651783],[60.759016,56.0652456],[60.7589865,56.0661845]]]}},{"type":"Feature","properties":{"id":1239837332,"landuse":"residential"},"geometry":{"type":"Polygon","coordinates":[[[60.7574415,56.0699479],[60.7633102,56.0697778],[60.7633424,56.070188],[60.7574469,56.0704021],[60.7574415,56.0699479]]]}},{"type":"Feature","properties":{"id":1239837333,"landuse":"residential"},"geometry":{"type":"Polygon","coordinates":[[[60.7574469,56.0697898],[60.7632673,56.0696041],[60.7632405,56.0689304],[60.757463,56.0690861],[60.7574469,56.0697898]]]}},{"type":"Feature","properties":{"id":1240078694,"landuse":"residential"},"geometry":{"type":"Polygon","coordinates":[[[60.7333821,56.0898391],[60.7336798,56.0918726],[60.7363701,56.0916811],[60.7358766,56.0909359],[60.7349646,56.0900171],[60.7348064,56.0897553],[60.7333821,56.0898391]]]}},{"type":"Feature","properties":{"id":1240078695,"landuse":"residential"},"geometry":{"type":"Polygon","coordinates":[[[60.7369857,56.0881183],[60.7399961,56.0890777],[60.7379475,56.0911176],[60.7374944,56.0909317],[60.7379505,56.0904082],[60.7355138,56.0895854],[60.7369857,56.0881183]]]}},{"type":"Feature","properties":{"id":1240078696,"landuse":"residential"},"geometry":{"type":"Polygon","coordinates":[[[60.7374595,56.0876371],[60.7386989,56.0863926],[60.738848,56.0861692],[60.738886,56.086011],[60.7387953,56.0850567],[60.7434377,56.0849034],[60.7434787,56.0857239],[60.7405391,56.0885771],[60.7389575,56.088102],[60.7374595,56.0876371]]]}},{"type":"Feature","properties":{"id":1332798620,"landuse":"natural_wood"},"geometry":{"type":"Polygon","coordinates":[[[60.7692753,56.0338334],[60.771907,56.0310956],[60.7724829,56.0313481],[60.7728551,56.0315957],[60.7730234,56.0318581],[60.7725627,56.0324818],[60.7692753,56.0338334]]]}},{"type":"Feature","properties":{"id":1332798623,"landuse":"industrial"},"geometry":{"type":"Polygon","coordinates":[[[60.7766563,56.0386103],[60.7761335,56.0375114],[60.7779323,56.0366699],[60.7788449,56.0371897],[60.7797133,56.0384173],[60.7766563,56.0386103]]]}},{"type":"Feature","properties":{"id":1428516291,"landuse":"leisure_pitch"},"geometry":{"type":"Polygon","coordinates":[[[60.7596052,56.0804901],[60.7603748,56.0800325],[60.7607078,56.0802068],[60.7599383,56.0806645],[60.7596052,56.0804901]]]}},{"type":"Feature","properties":{"id":50436627,"landuse":"natural_wood"},"geometry":{"type":"Polygon","coordinates":[[[60.7670995,56.1324443],[60.7670698,56.1317847],[60.7662865,56.1305622],[60.7650127,56.1305453],[60.7640725,56.130782],[60.76292,56.1308158],[60.7615687,56.1301902],[60.7614553,56.1303306],[60.7612978,56.1302077],[60.7611529,56.1302569],[60.7611448,56.1304311],[60.7609533,56.1303343],[60.760784,56.1304659],[60.7605569,56.1304435],[60.7602629,56.1305354],[60.7602273,56.1306785],[60.7603632,56.130681],[60.7604121,56.1305433],[60.760548,56.130681],[60.7607596,56.1307158],[60.7607952,56.1308498],[60.7606994,56.130897],[60.7607145,56.130958],[60.7605079,56.1309292],[60.7604411,56.1309789],[60.760499,56.1307493],[60.7603721,56.130722],[60.7600881,56.1307446],[60.76,56.1308306],[60.7600378,56.130727],[60.7599511,56.1306843],[60.7595236,56.130801],[60.7594866,56.1309166],[60.7597354,56.1308516],[60.7599779,56.1308622],[60.7599464,56.1309394],[60.7600913,56.1309534],[60.7598551,56.1312922],[60.7592693,56.1311764],[60.7589672,56.1310246],[60.7588412,56.1310983],[60.7587814,56.1312458],[60.7586586,56.1311826],[60.7586302,56.1310825],[60.7584538,56.1310913],[60.7584098,56.1311791],[60.7581137,56.1312019],[60.7580255,56.1311598],[60.75772,56.1311545],[60.7575027,56.1311966],[60.7574303,56.1312686],[60.7574082,56.1311949],[60.7569389,56.1311738],[60.7557579,56.1313423],[60.7557295,56.1314441],[60.755613,56.1314757],[60.7556319,56.1313546],[60.754854,56.1313125],[60.7547532,56.131323],[60.7547469,56.1314318],[60.7546052,56.1313195],[60.7533349,56.1312851],[60.7532089,56.1313202],[60.7525853,56.1312851],[60.7522829,56.1313307],[60.7520499,56.1312921],[60.7516627,56.1314071],[60.7511273,56.1313755],[60.7500092,56.1314738],[60.7495716,56.1315465],[60.7493178,56.1317376],[60.7492376,56.1319312],[60.7489303,56.1319759],[60.7484273,56.1323675],[60.7464396,56.134929],[60.7670995,56.1324443]]]}},{"type":"Feature","properties":{"id":50436632,"landuse":"natural_wood"},"geometry":{"type":"Polygon","coordinates":[[[60.7977154,56.1266238],[60.7990468,56.1270755],[60.8002045,56.1270109],[60.8015359,56.1278498],[60.8030409,56.1283014],[60.8043144,56.1288176],[60.8048465,56.1288507],[60.8055282,56.1286194],[60.8065714,56.1281246],[60.8075198,56.1281511],[60.8078992,56.1285079],[60.8084208,56.12901],[60.8083971,56.1295914],[60.8079229,56.130305],[60.8080889,56.13049],[60.8072116,56.1301332],[60.8051014,56.1301464],[60.8043901,56.1307675],[60.804722,56.1315867],[60.8049828,56.131917],[60.8056467,56.1319567],[60.8076147,56.131917],[60.8085156,56.1317849],[60.8092981,56.1321681],[60.8107444,56.1329344],[60.8117402,56.133899],[60.8125938,56.1344935],[60.8133288,56.1349692],[60.813969,56.1350881],[60.8155845,56.1342413],[60.8166699,56.1323462],[60.8155845,56.1310962],[60.8154398,56.1301284],[60.8154398,56.1294428],[60.8152951,56.1288379],[60.8140354,56.1280598],[60.8134146,56.1275208],[60.8117549,56.1269129],[60.8114941,56.12612],[60.8104436,56.125435],[60.8073021,56.1240432],[60.8048853,56.1236527],[60.8025607,56.1241169],[60.8005457,56.1248778],[60.7985633,56.1250589],[60.7966042,56.1249438],[60.7962264,56.1252571],[60.7974815,56.1256707],[60.7977897,56.1261729],[60.7977154,56.1266238]]]}},{"type":"Feature","properties":{"id":50436637,"landuse":"natural_wood"},"geometry":{"type":"Polygon","coordinates":[[[60.7898871,56.1287595],[60.7899951,56.1291689],[60.7908291,56.1295811],[60.792048,56.1296469],[60.7924686,56.1299116],[60.7928806,56.1302899],[60.7933627,56.13059],[60.7945658,56.1310023],[60.7951158,56.1307634],[60.7949292,56.1300272],[60.795015,56.1295353],[60.7947775,56.1289497],[60.7944363,56.1286961],[60.7941386,56.1287592],[60.7935215,56.1284992],[60.7928734,56.1280591],[60.7924756,56.1280447],[60.7923522,56.1285529],[60.7920572,56.1280447],[60.7910387,56.1281532],[60.7906453,56.1286961],[60.7898871,56.1287595]]]}},{"type":"Feature","properties":{"id":50437855,"landuse":"natural_wood"},"geometry":{"type":"Polygon","coordinates":[[[60.8087088,56.1238795],[60.8070066,56.1234559],[60.8064541,56.1226588],[60.806628,56.122168],[60.8069593,56.1217455],[60.8078789,56.1220874],[60.8089315,56.1233802],[60.8087088,56.1238795]]]}},{"type":"Feature","properties":{"id":178012885,"landuse":"natural_wood"},"geometry":{"type":"Polygon","coordinates":[[[60.7593543,56.13059],[60.7594879,56.1305155],[60.7597106,56.1305106],[60.7598042,56.1304113],[60.760018,56.1304212],[60.7602674,56.1303343],[60.7601917,56.13024],[60.7607974,56.1301283],[60.7608865,56.1300141],[60.7610522,56.1300146],[60.7611151,56.1298602],[60.76126,56.1298988],[60.7614868,56.1298391],[60.7618269,56.129618],[60.7618836,56.1295091],[60.7614714,56.129267],[60.7606775,56.1286249],[60.7604592,56.1283409],[60.7595372,56.1277054],[60.7587608,56.1274214],[60.7608904,56.1276581],[60.7625378,56.1268772],[60.7626651,56.1262609],[60.7619527,56.1256777],[60.7617397,56.1256406],[60.7602754,56.124075],[60.7576796,56.123845],[60.7553501,56.1242754],[60.752954,56.1243199],[60.7514693,56.1239023],[60.7494286,56.1238424],[60.7483562,56.1243122],[60.7487481,56.1253512],[60.7488305,56.1263475],[60.7487866,56.1268854],[60.7481514,56.1274008],[60.7469303,56.1279771],[60.7462593,56.1285948],[60.7463452,56.1291334],[60.7474872,56.1301245],[60.74795,56.1304498],[60.7482917,56.131908],[60.748591,56.1318683],[60.7492999,56.1314521],[60.7512029,56.131228],[60.7536057,56.1311763],[60.753738,56.1311307],[60.7539207,56.1311658],[60.7547406,56.131158],[60.7548603,56.1311966],[60.7550682,56.131144],[60.755128,56.1311931],[60.7553233,56.1311914],[60.7553548,56.1311124],[60.7554429,56.1311159],[60.7554587,56.1311685],[60.7556036,56.1311703],[60.7557799,56.1311457],[60.7558114,56.1311001],[60.7559154,56.131086],[60.7559689,56.1311282],[60.7564224,56.1310334],[60.7565106,56.1309105],[60.7570712,56.130979],[60.7576539,56.1308491],[60.7576948,56.1307789],[60.7578554,56.1308807],[60.7579562,56.1308895],[60.7580602,56.1307771],[60.7586775,56.1307543],[60.7590826,56.1306471],[60.7591004,56.1305751],[60.7593543,56.13059]]]}},{"type":"Feature","properties":{"id":410055233,"landuse":"natural_wood"},"geometry":{"type":"Polygon","coordinates":[[[60.7695571,56.1373558],[60.7838796,56.1354885],[60.7834301,56.1349583],[60.7845358,56.1343288],[60.7857924,56.1338624],[60.7868696,56.1332241],[60.7869458,56.1329123],[60.786581,56.1326492],[60.7866051,56.1322168],[60.7869396,56.1312471],[60.786304,56.1308569],[60.7845356,56.1310892],[60.7840448,56.1313106],[60.7840859,56.1321225],[60.7838451,56.1320942],[60.7834823,56.1319147],[60.7826325,56.1319601],[60.7825517,56.1316088],[60.7825581,56.1313046],[60.7820424,56.1306835],[60.7817677,56.1300237],[60.7803131,56.1300015],[60.7788482,56.1298705],[60.7788268,56.1302352],[60.7785478,56.1301874],[60.7783367,56.1299991],[60.7771209,56.1303787],[60.7763147,56.1303169],[60.7758703,56.1308665],[60.7755437,56.1310838],[60.7753184,56.1315147],[60.7749775,56.1315568],[60.7738731,56.1312629],[60.7720568,56.1307435],[60.770394,56.1307793],[60.7696008,56.1308129],[60.7692798,56.1308483],[60.7687734,56.1314919],[60.7679242,56.131982],[60.7673843,56.1325084],[60.7695571,56.1373558]]]}},{"type":"Feature","properties":{"id":436069128,"landuse":"natural_wood"},"geometry":{"type":"Polygon","coordinates":[[[60.7464396,56.134929],[60.745741,56.1353377],[60.7453943,56.1356816],[60.7451702,56.1358117],[60.7449691,56.1361916],[60.7446492,56.1363373],[60.7442149,56.136379],[60.7438273,56.1365975],[60.7435121,56.1366353],[60.7432472,56.1365783],[60.7430731,56.1365871],[60.7427907,56.1366924],[60.7444516,56.1405765],[60.7631415,56.1382455],[60.7630413,56.1376436],[60.7634126,56.1374251],[60.7647251,56.1379504],[60.7651688,56.137947],[60.7656957,56.1372836],[60.7665898,56.1374408],[60.7695786,56.1374947],[60.7695571,56.1373558],[60.7673843,56.1325084],[60.767093,56.1325232],[60.7670995,56.1324443],[60.7464396,56.134929]]]}},{"type":"Feature","properties":{"id":469686094,"landuse":"natural_wetland"},"geometry":{"type":"Polygon","coordinates":[[[60.7835138,56.121817],[60.7835299,56.1227948],[60.784592,56.1232344],[60.7859009,56.1231028],[60.7835138,56.121817]]]}},{"type":"Feature","properties":{"id":469686095,"landuse":"natural_wetland"},"geometry":{"type":"Polygon","coordinates":[[[60.7853323,56.1200542],[60.7842701,56.1200721],[60.7845598,56.1203114],[60.7846564,56.1205745],[60.7844203,56.1209573],[60.7844096,56.1211068],[60.784592,56.1218065],[60.7849353,56.1221833],[60.785504,56.1224345],[60.7863945,56.1230804],[60.7868665,56.1237442],[60.7870489,56.1238279],[60.7872849,56.123792],[60.789935,56.1231462],[60.7906002,56.1227933],[60.7905894,56.1226558],[60.7903856,56.1223986],[60.7899564,56.1220577],[60.7888943,56.121657],[60.7884837,56.1206855],[60.7887226,56.1193425],[60.7877356,56.1193066],[60.7874888,56.1193365],[60.7872742,56.1198867],[60.7871455,56.1200123],[60.7865768,56.1202815],[60.7863301,56.1202934],[60.7859117,56.1201678],[60.7856756,56.1196654],[60.7855791,56.1195398],[60.7853967,56.1194561],[60.7852357,56.1195578],[60.7853323,56.1200542]]]}},{"type":"Feature","properties":{"id":491567861,"landuse":"industrial","name":"ГРС Воздвиженка"},"geometry":{"type":"Polygon","coordinates":[[[60.7944561,56.1144955],[60.7947438,56.1144921],[60.7947355,56.1142752],[60.7946726,56.114276],[60.7944478,56.1142787],[60.7944561,56.1144955]]]}},{"type":"Feature","properties":{"id":606299601,"landuse":"natural_wood"},"geometry":{"type":"Polygon","coordinates":[[[60.7951426,56.1340274],[60.7949549,56.1346103],[60.795089,56.1356266],[60.7952177,56.1358418],[60.7957488,56.1361408],[60.7959956,56.1361258],[60.796296,56.1359465],[60.7965374,56.1356565],[60.7964569,56.1350527],[60.7966018,56.1347328],[60.795899,56.1338719],[60.7954913,56.1340244],[60.7951426,56.1340274]]]}},{"type":"Feature","properties":{"id":630882070,"landuse":"leisure_park","name":"Центральный сквер"},"geometry":{"type":"Polygon","coordinates":[[[60.776412,56.1254386],[60.77632,56.1253419],[60.7766987,56.1252275],[60.7767978,56.1253281],[60.776412,56.1254386]]]}},{"type":"Feature","properties":{"id":630882071,"landuse":"leisure_fitness_station","sport":"fitness"},"geometry":{"type":"Polygon","coordinates":[[[60.7756358,56.1248378],[60.7755445,56.1247696],[60.775652,56.1247249],[60.7757432,56.1247931],[60.7756358,56.1248378]]]}},{"type":"Feature","properties":{"id":1072187385,"landuse":"residential"},"geometry":{"type":"Polygon","coordinates":[[[60.7739321,56.1263333],[60.7755247,56.1256863],[60.7744488,56.1245697],[60.7724385,56.1251458],[60.7739321,56.1263333]]]}},{"type":"Feature","properties":{"id":1072187386,"landuse":"residential"},"geometry":{"type":"Polygon","coordinates":[[[60.7714547,56.1273433],[60.7737268,56.1264319],[60.7723182,56.1252562],[60.7719077,56.1257218],[60.7707114,56.1259901],[60.770584,56.1266371],[60.7714547,56.1273433]]]}},{"type":"Feature","properties":{"id":1072187387,"landuse":"residential"},"geometry":{"type":"Polygon","coordinates":[[[60.7669811,56.1282664],[60.7691896,56.127935],[60.7711078,56.1273946],[60.7704,56.1266963],[60.7704991,56.1259427],[60.7694869,56.1258559],[60.7674483,56.1259467],[60.7658627,56.1263609],[60.7655088,56.1265463],[60.76616,56.127221],[60.7669811,56.1282664]]]}},{"type":"Feature","properties":{"id":1072187389,"landuse":"residential"},"geometry":{"type":"Polygon","coordinates":[[[60.764716,56.1286451],[60.7637817,56.1273946],[60.7653743,56.1266608],[60.7666413,56.1283295],[60.765615,56.1284045],[60.764716,56.1286451]]]}},{"type":"Feature","properties":{"id":1072187390,"landuse":"residential"},"geometry":{"type":"Polygon","coordinates":[[[60.7621607,56.1294144],[60.7634561,56.1288976],[60.764447,56.1286412],[60.763633,56.1274498],[60.7627836,56.1278009],[60.7607309,56.1280534],[60.7612972,56.1288562],[60.7621607,56.1294144]]]}},{"type":"Feature","properties":{"id":1072187391,"landuse":"natural_scrub"},"geometry":{"type":"Polygon","coordinates":[[[60.767512,56.1317576],[60.7686445,56.1310515],[60.7681986,56.1301994],[60.7677597,56.1298049],[60.7674766,56.1298444],[60.7670023,56.1302941],[60.767059,56.1313079],[60.7671722,56.1316314],[60.767512,56.1317576]]]}},{"type":"Feature","properties":{"id":1072187392,"landuse":"residential"},"geometry":{"type":"Polygon","coordinates":[[[60.7624368,56.1305229],[60.7634561,56.1307241],[60.7653743,56.1302744],[60.7648364,56.1297576],[60.7645745,56.128941],[60.7617431,56.1298957],[60.7624368,56.1305229]]]}},{"type":"Feature","properties":{"id":1072187393,"landuse":"residential"},"geometry":{"type":"Polygon","coordinates":[[[60.7651832,56.1296038],[60.7648505,56.1288306],[60.7676536,56.128515],[60.7680146,56.1293],[60.7677456,56.129446],[60.76742,56.1295525],[60.7671793,56.1293631],[60.7651832,56.1296038]]]}},{"type":"Feature","properties":{"id":1072187394,"landuse":"residential"},"geometry":{"type":"Polygon","coordinates":[[[60.768595,56.1301008],[60.768418,56.1296274],[60.770768,56.1292211],[60.7710158,56.1296353],[60.768595,56.1301008]]]}},{"type":"Feature","properties":{"id":1072187396,"landuse":"residential"},"geometry":{"type":"Polygon","coordinates":[[[60.7712281,56.1305624],[60.7707185,56.1300456],[60.7725235,56.1295801],[60.7743356,56.1291895],[60.7757972,56.1288503],[60.7762467,56.1293158],[60.7738668,56.1300502],[60.7712281,56.1305624]]]}},{"type":"Feature","properties":{"id":1072187397,"landuse":"residential"},"geometry":{"type":"Polygon","coordinates":[[[60.7831555,56.1296642],[60.7819876,56.1295616],[60.7808338,56.1269342],[60.7824264,56.126658],[60.7830776,56.1288436],[60.7831555,56.1296642]]]}},{"type":"Feature","properties":{"id":1072187398,"landuse":"residential"},"geometry":{"type":"Polygon","coordinates":[[[60.7837643,56.1318811],[60.7828016,56.1318496],[60.782391,56.1308437],[60.7822353,56.1300942],[60.7833749,56.1300586],[60.7837643,56.1318811]]]}},{"type":"Feature","properties":{"id":1072187399,"landuse":"residential"},"geometry":{"type":"Polygon","coordinates":[[[60.7840828,56.1312145],[60.7838067,56.1296168],[60.7832829,56.1279441],[60.7828441,56.1265081],[60.7839058,56.1263542],[60.7855834,56.1260781],[60.7856754,56.1264332],[60.7853427,56.1267843],[60.7843022,56.1273169],[60.7850454,56.1298496],[60.7853427,56.1309502],[60.7840828,56.1312145]]]}},{"type":"Feature","properties":{"id":1072187400,"landuse":"residential"},"geometry":{"type":"Polygon","coordinates":[[[60.7911116,56.126591],[60.7900569,56.1266344],[60.7895756,56.1261254],[60.7894128,56.124788],[60.7905737,56.1246578],[60.7911824,56.1257506],[60.7911116,56.126591]]]}},{"type":"Feature","properties":{"id":1072187401,"landuse":"residential"},"geometry":{"type":"Polygon","coordinates":[[[60.7971141,56.1233873],[60.7959745,56.1237306],[60.7937519,56.123482],[60.7931573,56.1230401],[60.7953941,56.122827],[60.7970362,56.1228073],[60.7971141,56.1233873]]]}},{"type":"Feature","properties":{"id":1072187402,"landuse":"residential"},"geometry":{"type":"Polygon","coordinates":[[[60.7973902,56.1236753],[60.7972061,56.122827],[60.8001366,56.1228468],[60.8026423,56.1229967],[60.8021114,56.1237819],[60.8019345,56.123916],[60.7973902,56.1236753]]]}},{"type":"Feature","properties":{"id":1072187403,"landuse":"residential"},"geometry":{"type":"Polygon","coordinates":[[[60.8027202,56.1236911],[60.8029042,56.1230835],[60.804511,56.123411],[60.8042845,56.1238647],[60.8027202,56.1236911]]]}},{"type":"Feature","properties":{"id":1072187404,"landuse":"residential"},"geometry":{"type":"Polygon","coordinates":[[[60.7990242,56.1226464],[60.7989379,56.1217465],[60.7947723,56.1218495],[60.7938234,56.1218839],[60.7939343,56.1227083],[60.7990242,56.1226464]]]}},{"type":"Feature","properties":{"id":1072187405,"landuse":"residential"},"geometry":{"type":"Polygon","coordinates":[[[60.7994678,56.1226533],[60.7995911,56.1219526],[60.8028816,56.1219457],[60.8029556,56.1226876],[60.7994678,56.1226533]]]}},{"type":"Feature","properties":{"id":1072187406,"landuse":"residential"},"geometry":{"type":"Polygon","coordinates":[[[60.7917036,56.1227083],[60.7936262,56.122722],[60.793429,56.1214305],[60.7928128,56.1194244],[60.7914325,56.1195824],[60.792061,56.1218564],[60.7917036,56.1227083]]]}},{"type":"Feature","properties":{"id":1072187407,"landuse":"residential"},"geometry":{"type":"Polygon","coordinates":[[[60.7900275,56.1215953],[60.7890046,56.1215953],[60.7887211,56.1204],[60.7888321,56.1194794],[60.7894236,56.1194862],[60.7900275,56.1215953]]]}},{"type":"Feature","properties":{"id":1072187408,"landuse":"residential"},"geometry":{"type":"Polygon","coordinates":[[[60.7897071,56.119287],[60.7897564,56.1179473],[60.7926772,56.1180022],[60.7927635,56.1192732],[60.7897071,56.119287]]]}},{"type":"Feature","properties":{"id":1072187409,"landuse":"residential"},"geometry":{"type":"Polygon","coordinates":[[[60.793885,56.1218152],[60.7931702,56.1197198],[60.7929853,56.1178923],[60.7961896,56.1179198],[60.7963868,56.1188404],[60.7944149,56.1190808],[60.7948832,56.1216984],[60.793885,56.1218152]]]}},{"type":"Feature","properties":{"id":1167251359,"landuse":"residential"},"geometry":{"type":"Polygon","coordinates":[[[60.7905214,56.1137548],[60.7892072,56.1135365],[60.7890516,56.1123461],[60.7895827,56.1123969],[60.7896417,56.1128306],[60.789749,56.1128486],[60.7898187,56.1133989],[60.790618,56.1135724],[60.7905214,56.1137548]]]}},{"type":"Feature","properties":{"id":1167251360,"landuse":"residential"},"geometry":{"type":"Polygon","coordinates":[[[60.7891562,56.1157666],[60.7891439,56.1154299],[60.7910048,56.1154711],[60.7903209,56.1162819],[60.7888943,56.1161101],[60.7891562,56.1157666]]]}},{"type":"Feature","properties":{"id":1167251361,"landuse":"residential"},"geometry":{"type":"Polygon","coordinates":[[[60.7931431,56.1178072],[60.7931061,56.1173709],[60.7936854,56.1173709],[60.7936546,56.1177969],[60.7931431,56.1178072]]]}},{"type":"Feature","properties":{"id":1434461973,"landuse":"leisure_pitch"},"geometry":{"type":"Polygon","coordinates":[[[60.7781831,56.1249063],[60.7780558,56.1247479],[60.7785132,56.1246336],[60.7786405,56.1247921],[60.7781831,56.1249063]]]}},{"type":"Feature","properties":{"id":50603164,"landuse":"natural_wood"},"geometry":{"type":"Polygon","coordinates":[[[60.8466149,56.0857619],[60.8464549,56.0849619],[60.8455749,56.0844419],[60.8447749,56.0842819],[60.8438949,56.0844819],[60.8434149,56.0854419],[60.8435749,56.0861619],[60.8442949,56.0865219],[60.8457349,56.0866019],[60.8466149,56.0862419],[60.8466149,56.0860819],[60.8466149,56.0857619]]]}},{"type":"Feature","properties":{"id":50603165,"landuse":"natural_wood"},"geometry":{"type":"Polygon","coordinates":[[[60.8472585,56.0815929],[60.8444783,56.0822485],[60.8442346,56.0829929],[60.8456888,56.083896],[60.847303,56.0826836],[60.8492766,56.0828733],[60.8500469,56.0822031],[60.8481385,56.0811529],[60.8477385,56.0811129],[60.8473385,56.0814729],[60.8472585,56.0815929]]]}},{"type":"Feature","properties":{"id":50603166,"landuse":"natural_wood"},"geometry":{"type":"Polygon","coordinates":[[[60.8483098,56.0800334],[60.8480698,56.0805534],[60.8486298,56.0804334],[60.8499098,56.0811534],[60.8507898,56.0805534],[60.8509498,56.0800734],[60.8502298,56.0798734],[60.8494298,56.0801934],[60.8486298,56.0799534],[60.8483098,56.0800334]]]}},{"type":"Feature","properties":{"id":50603167,"landuse":"natural_wood"},"geometry":{"type":"Polygon","coordinates":[[[60.8480176,56.0774022],[60.8478782,56.0769906],[60.8475022,56.0768094],[60.846731,56.077022],[60.8465379,56.0766582],[60.8482031,56.0761949],[60.8474456,56.0754752],[60.8470086,56.0756957],[60.8467726,56.0762825],[60.8458714,56.076522],[60.8452555,56.0768704],[60.8447628,56.0769004],[60.8446268,56.076546],[60.84379,56.0763484],[60.8441739,56.0760325],[60.8444314,56.0755647],[60.8450245,56.075046],[60.8440739,56.07447],[60.8432214,56.0748994],[60.8425271,56.0756665],[60.8432383,56.076159],[60.8426954,56.0763517],[60.8413438,56.0761089],[60.8405988,56.0754326],[60.8401739,56.0757825],[60.8419842,56.0772799],[60.8426018,56.0774355],[60.8436505,56.0773184],[60.8444739,56.07772],[60.8456739,56.07747],[60.8466739,56.077595],[60.8480176,56.0774022]]]}},{"type":"Feature","properties":{"id":51265630,"landuse":"cemetery"},"geometry":{"type":"Polygon","coordinates":[[[60.8424249,56.0717678],[60.8435962,56.0708516],[60.8458498,56.071852],[60.8442498,56.0728173],[60.8424249,56.0717678]]]}},{"type":"Feature","properties":{"id":51382475,"landuse":"natural_wood"},"geometry":{"type":"Polygon","coordinates":[[[60.844102,56.074094],[60.845484,56.0744796],[60.8463782,56.0739579],[60.8463782,56.0736403],[60.8471632,56.0733887],[60.8465841,56.0726691],[60.8463974,56.0722136],[60.8453867,56.07181],[60.8452667,56.0718222],[60.8439683,56.0726139],[60.8440245,56.0727794],[60.8450991,56.0733706],[60.8446748,56.0736657],[60.8442594,56.0739278],[60.844102,56.074094]]]}},{"type":"Feature","properties":{"id":77049051,"landuse":"natural_scrub"},"geometry":{"type":"Polygon","coordinates":[[[60.8673637,56.0490468],[60.8668977,56.050255],[60.8679295,56.0507196],[60.8688281,56.051872],[60.8696269,56.0519649],[60.8706586,56.0518906],[60.871058,56.0513888],[60.8739868,56.0511471],[60.8752848,56.0515932],[60.8746857,56.052188],[60.8728885,56.0522809],[60.8718235,56.0524853],[60.8712577,56.0532474],[60.8700595,56.0531358],[60.8692608,56.0531544],[60.868462,56.0536748],[60.8672971,56.0539536],[60.8661988,56.0538421],[60.8664651,56.0533775],[60.8665649,56.0530987],[60.865633,56.053712],[60.8641686,56.0538421],[60.8634031,56.0537492],[60.8622382,56.054474],[60.8612065,56.0546784],[60.8605114,56.0547495],[60.8597462,56.0548001],[60.8585439,56.0547156],[60.8569131,56.0546784],[60.8558481,56.055366],[60.8543837,56.0557749],[60.8533519,56.0562209],[60.8524533,56.0566298],[60.8506228,56.0566483],[60.8497564,56.0565804],[60.8492103,56.0568488],[60.8488745,56.0568129],[60.8484132,56.0567997],[60.8481266,56.0567598],[60.8470603,56.0564097],[60.845643,56.0565816],[60.8421143,56.057763],[60.8399878,56.0559532],[60.8407045,56.0550917],[60.8461515,56.0537719],[60.8493248,56.0532288],[60.8525532,56.0522995],[60.8534991,56.0517564],[60.8541582,56.0508995],[60.854698,56.0508985],[60.8560095,56.051239],[60.8568652,56.0516654],[60.8591612,56.0518212],[60.8609207,56.05121],[60.862294,56.0502873],[60.8673637,56.0490468]]]}},{"type":"Feature","properties":{"id":430810309,"landuse":"natural_wood"},"geometry":{"type":"Polygon","coordinates":[[[60.8432934,56.0739936],[60.8425483,56.0736902],[60.8417756,56.0736793],[60.8407204,56.0733925],[60.8403987,56.0735404],[60.8401337,56.0739342],[60.841142,56.0746299],[60.8417756,56.0746374],[60.8424804,56.0747139],[60.842933,56.0744473],[60.8432934,56.0739936]]]}},{"type":"Feature","properties":{"id":440803168,"landuse":"natural_wetland"},"geometry":{"type":"Polygon","coordinates":[[[60.8155232,56.0572183],[60.8152872,56.0572842],[60.8146971,56.0575897],[60.8143967,56.0578413],[60.8141606,56.0583985],[60.8141714,56.058686],[60.8142894,56.0588058],[60.8145576,56.0588418],[60.8163815,56.0587759],[60.8171218,56.0587938],[60.8178621,56.0589675],[60.8186024,56.0590454],[60.8190959,56.0590454],[60.819568,56.0589675],[60.8199864,56.0584703],[60.8201366,56.0580929],[60.8200937,56.0579671],[60.8191817,56.0576556],[60.817036,56.0572303],[60.8164995,56.0571824],[60.8155232,56.0572183]]]}},{"type":"Feature","properties":{"id":443038326,"landuse":"landfill"},"geometry":{"type":"Polygon","coordinates":[[[60.8496897,56.0641434],[60.850387,56.0646286],[60.8505587,56.064952],[60.8508484,56.0649161],[60.8517603,56.0639518],[60.85205,56.0634307],[60.8514599,56.0631551],[60.8503334,56.0632689],[60.8493034,56.0636523],[60.8496897,56.0641434]]]}},{"type":"Feature","properties":{"id":484900310,"landuse":"natural_wood"},"geometry":{"type":"Polygon","coordinates":[[[60.8151464,56.0560997],[60.8161174,56.0564562],[60.8180968,56.0555486],[60.8183329,56.0548506],[60.8177857,56.054596],[60.8173941,56.0546619],[60.8171849,56.0551801],[60.8157526,56.0558391],[60.8151464,56.0560997]]]}},{"type":"Feature","properties":{"id":664441998,"landuse":"natural_wood"},"geometry":{"type":"Polygon","coordinates":[[[60.8399409,56.0771402],[60.839619,56.0770713],[60.8394366,56.0769815],[60.8393186,56.0770174],[60.8392864,56.0771491],[60.8395171,56.0775862],[60.8399194,56.0775982],[60.8402145,56.0777958],[60.8405846,56.0778048],[60.8409548,56.0774545],[60.840928,56.0773767],[60.8404183,56.0773437],[60.8402145,56.0771102],[60.8399409,56.0771402]]]}},{"type":"Feature","properties":{"id":664442016,"landuse":"allotments","name":"ПСК Синара №24"},"geometry":{"type":"Polygon","coordinates":[[[60.8333695,56.0771701],[60.8293998,56.0810857],[60.8284664,56.0821095],[60.8273721,56.086264],[60.8339274,56.0879581],[60.8377576,56.0851327],[60.8403325,56.0819718],[60.8408689,56.0820317],[60.8435833,56.0786071],[60.8333695,56.0771701]]]}},{"type":"Feature","properties":{"id":698282427,"landuse":"natural_scrub"},"geometry":{"type":"Polygon","coordinates":[[[60.8026686,56.0597208],[60.8016897,56.0591829],[60.8013479,56.0592003],[60.8012236,56.0594085],[60.8010371,56.0599724],[60.8010682,56.0603281],[60.8008351,56.0606664],[60.800804,56.0608399],[60.8008507,56.0612129],[60.8011303,56.0615426],[60.801177,56.0619243],[60.8010837,56.0634337],[60.8009594,56.0637807],[60.8012546,56.0637286],[60.801814,56.0632775],[60.8020626,56.0633816],[60.8021714,56.0639021],[60.8025754,56.0634163],[60.8028085,56.0635291],[60.8028706,56.0638848],[60.8033989,56.0640756],[60.8032746,56.0642404],[60.8017674,56.0647002],[60.801814,56.064891],[60.8019849,56.0650471],[60.8022802,56.0651165],[60.8025598,56.0650211],[60.8026375,56.0648476],[60.8029483,56.0647695],[60.8032591,56.0650731],[60.8035698,56.0651425],[60.8042535,56.0650818],[60.8043312,56.0647262],[60.8045798,56.0646221],[60.8051703,56.0646221],[60.8051236,56.0644486],[60.8060249,56.0643705],[60.8060249,56.0641797],[60.8057296,56.0641103],[60.8054033,56.0641623],[60.8052324,56.0640149],[60.8053412,56.0636679],[60.8059161,56.0635031],[60.8056053,56.0634424],[60.8045487,56.0636072],[60.804238,56.0635465],[60.8040204,56.0634077],[60.8036475,56.0626963],[60.8036631,56.0623494],[60.8030881,56.0619243],[60.8030881,56.0617334],[60.8033834,56.0612216],[60.8033989,56.0604842],[60.8037252,56.0604842],[60.8038961,56.0606317],[60.8045021,56.0607792],[60.804642,56.0606317],[60.8045643,56.0604495],[60.8039272,56.0600071],[60.8026686,56.0597208]]]}},{"type":"Feature","properties":{"id":698282431,"landuse":"natural_scrub"},"geometry":{"type":"Polygon","coordinates":[[[60.8129238,56.0762612],[60.8126441,56.0761658],[60.8119915,56.0760965],[60.8110437,56.0763046],[60.8116341,56.076426],[60.8117584,56.0765821],[60.8116652,56.0769463],[60.8120847,56.0772498],[60.81238,56.0777961],[60.8120226,56.0781516],[60.8113855,56.0780215],[60.8111524,56.0781516],[60.810764,56.0795563],[60.8106241,56.0797211],[60.8099094,56.0797818],[60.8096608,56.0796777],[60.8094432,56.0788106],[60.8090082,56.0787846],[60.8088062,56.0786372],[60.8089305,56.0779608],[60.8092102,56.07764],[60.8092257,56.0774666],[60.8090703,56.0773105],[60.8087906,56.0772324],[60.8085731,56.0774059],[60.8079827,56.0784638],[60.8076564,56.0806835],[60.807905,56.0811951],[60.807703,56.0817327],[60.8077496,56.0820968],[60.8090237,56.0821488],[60.8116497,56.081854],[60.8121935,56.0816373],[60.8131569,56.0810737],[60.8148505,56.0805448],[60.8151613,56.0804321],[60.8153944,56.0803107],[60.8159382,56.0798598],[60.8160625,56.0797037],[60.8161713,56.0795476],[60.8162334,56.0793742],[60.816249,56.0788453],[60.8167306,56.0780649],[60.8166529,56.0777354],[60.8168394,56.0773972],[60.8170725,56.0772671],[60.8173832,56.0772931],[60.8176163,56.0774319],[60.8181912,56.0775533],[60.8186108,56.0772931],[60.8185952,56.0771197],[60.8182689,56.0768249],[60.8174299,56.0765127],[60.8171191,56.076452],[60.8164665,56.0764347],[60.815876,56.0762699],[60.8154254,56.0766775],[60.8151302,56.0767468],[60.8136541,56.07653],[60.8129238,56.0762612]]]}},{"type":"Feature","properties":{"id":698284076,"landuse":"allotments"},"geometry":{"type":"Polygon","coordinates":[[[60.8129997,56.0721119],[60.8100985,56.0759316],[60.8152517,56.076861],[60.8178507,56.0733703],[60.8129997,56.0721119]]]}},{"type":"Feature","properties":{"id":1167362415,"landuse":"residential"},"geometry":{"type":"Polygon","coordinates":[[[60.8323112,56.067756],[60.8341721,56.0661757],[60.8366719,56.0672717],[60.8349016,56.0688708],[60.8323112,56.067756]]]}},{"type":"Feature","properties":{"id":1167362416,"landuse":"residential"},"geometry":{"type":"Polygon","coordinates":[[[60.8321022,56.0697466],[60.8335318,56.0702488],[60.8346533,56.0691688],[60.8325212,56.0684946],[60.8321145,56.0690931],[60.8320652,56.0694233],[60.8321022,56.0697466]]]}},{"type":"Feature","properties":{"id":1167362417,"landuse":"residential"},"geometry":{"type":"Polygon","coordinates":[[[60.8388928,56.0719685],[60.8397432,56.0706065],[60.8374263,56.07007],[60.8362924,56.0711087],[60.8388928,56.0719685]]]}},{"type":"Feature","properties":{"id":1167362419,"landuse":"residential"},"geometry":{"type":"Polygon","coordinates":[[[60.8393858,56.0737501],[60.8380178,56.0731723],[60.8389914,56.0722506],[60.8406305,56.0729866],[60.8393858,56.0737501]]]}},{"type":"Feature","properties":{"id":1167362421,"landuse":"residential"},"geometry":{"type":"Polygon","coordinates":[[[60.8368717,56.0763845],[60.835935,56.0761093],[60.8398418,56.0736882],[60.8399897,56.0738533],[60.839509,56.0746856],[60.8382027,56.0758617],[60.8368717,56.0763845]]]}},{"type":"Feature","properties":{"id":1167362422,"landuse":"residential"},"geometry":{"type":"Polygon","coordinates":[[[60.8339632,56.076749],[60.8330142,56.0766046],[60.8334948,56.0760406],[60.8342589,56.0755178],[60.8377713,56.0733168],[60.8390038,56.0739083],[60.8365019,56.0754903],[60.8356639,56.0759855],[60.835097,56.0756691],[60.8339632,56.076749]]]}},{"type":"Feature","properties":{"id":1167362423,"landuse":"residential"},"geometry":{"type":"Polygon","coordinates":[[[60.8315846,56.0779732],[60.8295881,56.0773405],[60.8301057,56.0766183],[60.832361,56.0772442],[60.8315846,56.0779732]]]}},{"type":"Feature","properties":{"id":1167362424,"landuse":"residential"},"geometry":{"type":"Polygon","coordinates":[[[60.8308698,56.079108],[60.8301427,56.0789017],[60.8310053,56.0779595],[60.8317941,56.0782346],[60.8308698,56.079108]]]}},{"type":"Feature","properties":{"id":1167362426,"landuse":"residential"},"geometry":{"type":"Polygon","coordinates":[[[60.829206,56.0807724],[60.8283064,56.0806761],[60.8292183,56.0789361],[60.8307589,56.0792456],[60.829206,56.0807724]]]}},{"type":"Feature","properties":{"id":1167362431,"landuse":"residential"},"geometry":{"type":"Polygon","coordinates":[[[60.827912,56.0806898],[60.8268274,56.0806486],[60.8254841,56.0803116],[60.8271232,56.0779251],[60.8290088,56.078661],[60.827912,56.0806898]]]}},{"type":"Feature","properties":{"id":1167362432,"landuse":"residential"},"geometry":{"type":"Polygon","coordinates":[[[60.8258538,56.082416],[60.8266919,56.0825466],[60.8275053,56.0812262],[60.8266179,56.0811025],[60.8258538,56.082416]]]}},{"type":"Feature","properties":{"id":1167362433,"landuse":"residential"},"geometry":{"type":"Polygon","coordinates":[[[60.8249049,56.0805317],[60.8236355,56.0803322],[60.8251021,56.0779939],[60.8259524,56.0768246],[60.8265686,56.0762813],[60.8279366,56.0762194],[60.8249049,56.0805317]]]}},{"type":"Feature","properties":{"id":1167362434,"landuse":"residential"},"geometry":{"type":"Polygon","coordinates":[[[60.8279736,56.075958],[60.8269507,56.0756623],[60.8271232,56.0752771],[60.8264331,56.0750639],[60.8272711,56.0741903],[60.8285528,56.0731586],[60.827838,56.0729109],[60.828331,56.0721887],[60.8305001,56.0730347],[60.8288486,56.0746168],[60.8279736,56.075958]]]}},{"type":"Feature","properties":{"id":1167362435,"landuse":"residential"},"geometry":{"type":"Polygon","coordinates":[[[60.8282078,56.0719617],[60.8281585,56.0716246],[60.8280612,56.0715031],[60.8286371,56.0699437],[60.8288116,56.0694508],[60.8290335,56.0689624],[60.8293539,56.0685015],[60.8304754,56.0688111],[60.8282078,56.0719617]]]}},{"type":"Feature","properties":{"id":1167362436,"landuse":"residential"},"geometry":{"type":"Polygon","coordinates":[[[60.8316092,56.0720167],[60.8334086,56.0704208],[60.8303275,56.0694096],[60.8290335,56.0712119],[60.8304631,56.0715627],[60.8316092,56.0720167]]]}},{"type":"Feature","properties":{"id":1167362437,"landuse":"residential"},"geometry":{"type":"Polygon","coordinates":[[[60.8306726,56.0728972],[60.8314983,56.0721268],[60.8298838,56.0715627],[60.8288856,56.0713838],[60.8285159,56.0720098],[60.8306726,56.0728972]]]}},{"type":"Feature","properties":{"id":1167362438,"landuse":"residential"},"geometry":{"type":"Polygon","coordinates":[[[60.831412,56.0695953],[60.8316462,56.0692307],[60.8315599,56.0688799],[60.8311779,56.0686184],[60.8304384,56.0692445],[60.831412,56.0695953]]]}},{"type":"Feature","properties":{"id":1167362439,"landuse":"residential"},"geometry":{"type":"Polygon","coordinates":[[[60.8318804,56.067676],[60.8339262,56.0660661],[60.8321269,56.0653368],[60.8300194,56.0669192],[60.8318804,56.067676]]]}},{"type":"Feature","properties":{"id":1167362440,"landuse":"residential"},"geometry":{"type":"Polygon","coordinates":[[[60.8236848,56.066245],[60.8246337,56.0651373],[60.8276039,56.0659492],[60.8267289,56.066589],[60.8262112,56.0667816],[60.8236848,56.066245]]]}},{"type":"Feature","properties":{"id":1167362441,"landuse":"residential"},"geometry":{"type":"Polygon","coordinates":[[[60.822514,56.0675108],[60.8235739,56.0663895],[60.8250281,56.0667334],[60.8241284,56.0675246],[60.8235369,56.0674008],[60.8230562,56.0676622],[60.822514,56.0675108]]]}},{"type":"Feature","properties":{"id":1167362442,"landuse":"residential"},"geometry":{"type":"Polygon","coordinates":[[[60.8221443,56.0694577],[60.8210104,56.0691619],[60.8222428,56.0678755],[60.8236355,56.0682951],[60.8232165,56.0689074],[60.8226742,56.0687423],[60.8221443,56.0694577]]]}},{"type":"Feature","properties":{"id":1167362443,"landuse":"residential"},"geometry":{"type":"Polygon","coordinates":[[[60.8216883,56.0708679],[60.8199505,56.0703382],[60.8208995,56.0692857],[60.8228467,56.0697398],[60.8216883,56.0708679]]]}},{"type":"Feature","properties":{"id":1167362444,"landuse":"residential"},"geometry":{"type":"Polygon","coordinates":[[[60.8178678,56.0723813],[60.8188148,56.0715608],[60.8198027,56.0704552],[60.8218238,56.0709574],[60.8213309,56.0713632],[60.8204065,56.07126],[60.8188167,56.0726495],[60.8178678,56.0723813]]]}},{"type":"Feature","properties":{"id":1167362447,"landuse":"residential"},"geometry":{"type":"Polygon","coordinates":[[[60.814799,56.0714251],[60.8141335,56.0711912],[60.8149839,56.0704758],[60.815711,56.0706753],[60.814799,56.0714251]]]}},{"type":"Feature","properties":{"id":1167362448,"landuse":"residential"},"geometry":{"type":"Polygon","coordinates":[[[60.8153043,56.0713976],[60.8159082,56.0707372],[60.8165614,56.0709161],[60.815785,56.0716108],[60.8153043,56.0713976]]]}},{"type":"Feature","properties":{"id":1167362449,"landuse":"residential"},"geometry":{"type":"Polygon","coordinates":[[[60.8165614,56.0718172],[60.8172146,56.0711706],[60.8167956,56.0710055],[60.8161054,56.0716452],[60.8165614,56.0718172]]]}},{"type":"Feature","properties":{"id":1167362450,"landuse":"residential"},"geometry":{"type":"Polygon","coordinates":[[[60.8132092,56.071604],[60.8126423,56.0713976],[60.8129011,56.0711156],[60.8119521,56.0708817],[60.8147374,56.0688386],[60.815292,56.0686735],[60.8158959,56.0687904],[60.8160931,56.068646],[60.8167463,56.0688179],[60.8132092,56.071604]]]}},{"type":"Feature","properties":{"id":1167362451,"landuse":"residential"},"geometry":{"type":"Polygon","coordinates":[[[60.8115578,56.0706822],[60.8107937,56.0704965],[60.8138747,56.0660592],[60.8149223,56.0662175],[60.8115578,56.0706822]]]}},{"type":"Feature","properties":{"id":1167364460,"landuse":"residential"},"geometry":{"type":"Polygon","coordinates":[[[60.8102711,56.0653623],[60.8117993,56.0656237],[60.8119841,56.062968],[60.8111584,56.0629543],[60.8111707,56.0621286],[60.8103698,56.0621634],[60.8102711,56.0653623]]]}},{"type":"Feature","properties":{"id":1167364463,"landuse":"residential"},"geometry":{"type":"Polygon","coordinates":[[[60.814831,56.0634703],[60.8151268,56.0630024],[60.8126866,56.0624313],[60.8123415,56.0628511],[60.814831,56.0634703]]]}},{"type":"Feature","properties":{"id":1167364464,"landuse":"residential"},"geometry":{"type":"Polygon","coordinates":[[[60.8185406,56.0621424],[60.8191322,56.0612341],[60.814831,56.0603534],[60.8139806,56.0610965],[60.8185406,56.0621424]]]}},{"type":"Feature","properties":{"id":1167364466,"landuse":"residential"},"geometry":{"type":"Polygon","coordinates":[[[60.8189103,56.0621699],[60.8195142,56.0612272],[60.8223981,56.0618465],[60.8220407,56.0622112],[60.823803,56.062569],[60.8235442,56.0630712],[60.8189103,56.0621699]]]}},{"type":"Feature","properties":{"id":1167364467,"landuse":"residential"},"geometry":{"type":"Polygon","coordinates":[[[60.8181379,56.0634536],[60.8185323,56.0628619],[60.8240659,56.0639145],[60.8260131,56.0645269],[60.8268018,56.0635637],[60.8273934,56.063715],[60.8259884,56.0653112],[60.8220385,56.0643273],[60.8181379,56.0634536]]]}},{"type":"Feature","properties":{"id":1167364468,"landuse":"residential"},"geometry":{"type":"Polygon","coordinates":[[[60.8277631,56.0658478],[60.8262349,56.0653594],[60.8278494,56.0635981],[60.8285396,56.0637701],[60.8298582,56.0628481],[60.8306716,56.0630958],[60.8284112,56.0649902],[60.8277631,56.0658478]]]}},{"type":"Feature","properties":{"id":1167364469,"landuse":"residential"},"geometry":{"type":"Polygon","coordinates":[[[60.8279233,56.066013],[60.8309428,56.0631921],[60.8316822,56.0633916],[60.8308072,56.0642448],[60.8308072,56.064637],[60.8291065,56.0659786],[60.8279233,56.066013]]]}},{"type":"Feature","properties":{"id":1167364470,"landuse":"residential"},"geometry":{"type":"Polygon","coordinates":[[[60.8320396,56.0649741],[60.8336048,56.0636669],[60.8332967,56.063543],[60.8324094,56.0640384],[60.8316576,56.0639283],[60.8314357,56.0642379],[60.8320396,56.0649741]]]}},{"type":"Feature","properties":{"id":1167364471,"landuse":"residential"},"geometry":{"type":"Polygon","coordinates":[[[60.8375116,56.0633022],[60.8407898,56.0608115],[60.8398162,56.0605087],[60.8373883,56.0615821],[60.8370433,56.061527],[60.8356506,56.0624009],[60.8357246,56.062566],[60.8375116,56.0633022]]]}},{"type":"Feature","properties":{"id":1167364472,"landuse":"residential"},"geometry":{"type":"Polygon","coordinates":[[[60.8409377,56.060722],[60.8400134,56.0603917],[60.8405187,56.0600064],[60.8410979,56.0598137],[60.8418497,56.0600821],[60.8409377,56.060722]]]}},{"type":"Feature","properties":{"id":1167364475,"landuse":"residential"},"geometry":{"type":"Polygon","coordinates":[[[60.8415169,56.0606119],[60.8429465,56.0595523],[60.8440311,56.059738],[60.8436367,56.0601027],[60.8443145,56.0603436],[60.8431561,56.0613757],[60.841597,56.0608562],[60.8415169,56.0606119]]]}},{"type":"Feature","properties":{"id":1167364476,"landuse":"residential"},"geometry":{"type":"Polygon","coordinates":[[[60.8443603,56.0592078],[60.8445945,56.0591527],[60.844311,56.0587467],[60.846098,56.0583545],[60.8464554,56.058788],[60.8450135,56.0591183],[60.8451984,56.0593798],[60.8445945,56.0595518],[60.8443603,56.0592078]]]}},{"type":"Feature","properties":{"id":1167364477,"landuse":"residential"},"geometry":{"type":"Polygon","coordinates":[[[60.8423884,56.064781],[60.8404905,56.0641756],[60.8431895,56.0616711],[60.8449026,56.0622215],[60.8423884,56.064781]]]}},{"type":"Feature","properties":{"id":1167364478,"landuse":"residential"},"geometry":{"type":"Polygon","coordinates":[[[60.8409835,56.066157],[60.8390239,56.0653864],[60.8402071,56.0643132],[60.8422652,56.0649324],[60.8409835,56.066157]]]}},{"type":"Feature","properties":{"id":1167364479,"landuse":"residential"},"geometry":{"type":"Polygon","coordinates":[[[60.8371999,56.0671752],[60.83895,56.0655447],[60.8403796,56.0660813],[60.8389253,56.0672921],[60.8386419,56.0672165],[60.8382475,56.067471],[60.8371999,56.0671752]]]}},{"type":"Feature","properties":{"id":1167364481,"landuse":"residential"},"geometry":{"type":"Polygon","coordinates":[[[60.8397362,56.0691979],[60.838701,56.0691429],[60.8395144,56.0680972],[60.8405866,56.0683105],[60.8397362,56.0691979]]]}},{"type":"Feature","properties":{"id":1167364482,"landuse":"residential"},"geometry":{"type":"Polygon","coordinates":[[[60.841856,56.0680697],[60.8425338,56.0672373],[60.8419669,56.0669827],[60.8420778,56.06668],[60.8412767,56.066336],[60.8402415,56.06668],[60.839502,56.0673817],[60.8395637,56.0679527],[60.8407591,56.0681935],[60.8411658,56.0677739],[60.841856,56.0680697]]]}},{"type":"Feature","properties":{"id":1167364484,"landuse":"residential"},"geometry":{"type":"Polygon","coordinates":[[[60.837333,56.069762],[60.8352255,56.0690466],[60.8364826,56.0677257],[60.8374809,56.0675193],[60.8389967,56.0678427],[60.8389967,56.0681935],[60.837333,56.069762]]]}},{"type":"Feature","properties":{"id":1167364485,"landuse":"residential"},"geometry":{"type":"Polygon","coordinates":[[[60.8338329,56.0703605],[60.8349421,56.0693011],[60.836914,56.0700165],[60.8360355,56.0710543],[60.8338329,56.0703605]]]}},{"type":"Feature","properties":{"id":1167364487,"landuse":"residential"},"geometry":{"type":"Polygon","coordinates":[[[60.8373823,56.0730604],[60.8351146,56.0721043],[60.8361006,56.0712307],[60.8387256,56.0721387],[60.8377658,56.0731001],[60.8373823,56.0730604]]]}},{"type":"Feature","properties":{"id":1167364488,"landuse":"residential"},"geometry":{"type":"Polygon","coordinates":[[[60.8363963,56.0738102],[60.8341903,56.072971],[60.835053,56.0722487],[60.8365935,56.0728816],[60.8365689,56.0730604],[60.8371358,56.0733218],[60.8363963,56.0738102]]]}},{"type":"Feature","properties":{"id":1167364489,"landuse":"residential"},"geometry":{"type":"Polygon","coordinates":[[[60.8349298,56.0720699],[60.8358541,56.0711894],[60.8340424,56.0706391],[60.8326744,56.0713132],[60.8349298,56.0720699]]]}},{"type":"Feature","properties":{"id":1167365516,"landuse":"residential"},"geometry":{"type":"Polygon","coordinates":[[[60.8135982,56.065784],[60.8120854,56.0656103],[60.8122678,56.0630947],[60.8138557,56.0634541],[60.8135982,56.065784]]]}},{"type":"Feature","properties":{"id":1167365517,"landuse":"residential"},"geometry":{"type":"Polygon","coordinates":[[[60.8177181,56.0633343],[60.8184047,56.0622981],[60.8136733,56.0612438],[60.8130188,56.0622382],[60.8177181,56.0633343]]]}},{"type":"Feature","properties":{"id":1167365518,"landuse":"residential"},"geometry":{"type":"Polygon","coordinates":[[[60.816731,56.0645561],[60.8175571,56.063502],[60.8153255,56.0630108],[60.8150573,56.0634481],[60.8166344,56.0637955],[60.8161624,56.0644004],[60.816731,56.0645561]]]}},{"type":"Feature","properties":{"id":1167365519,"landuse":"residential"},"geometry":{"type":"Polygon","coordinates":[[[60.8199711,56.0653288],[60.8207221,56.0644483],[60.8207329,56.0642387],[60.8178039,56.0635379],[60.817482,56.0640171],[60.8177502,56.064065],[60.8173533,56.064646],[60.8199711,56.0653288]]]}},{"type":"Feature","properties":{"id":1167365520,"landuse":"residential"},"geometry":{"type":"Polygon","coordinates":[[[60.8234473,56.0661793],[60.8202823,56.0654007],[60.8210333,56.0643465],[60.8243807,56.0651072],[60.8234473,56.0661793]]]}},{"type":"Feature","properties":{"id":1167365521,"landuse":"residential"},"geometry":{"type":"Polygon","coordinates":[[[60.8336895,56.0636182],[60.8355298,56.062164],[60.8351051,56.0619269],[60.8332506,56.0627409],[60.8330099,56.0632389],[60.8336895,56.0636182]]]}},{"type":"Feature","properties":{"id":1167365522,"landuse":"residential"},"geometry":{"type":"Polygon","coordinates":[[[60.8363368,56.0642505],[60.8374127,56.0634522],[60.8355865,56.0626777],[60.8344822,56.0634048],[60.8363368,56.0642505]]]}},{"type":"Feature","properties":{"id":1167365523,"landuse":"residential"},"geometry":{"type":"Polygon","coordinates":[[[60.8418154,56.0625275],[60.8410227,56.0621561],[60.8398193,56.0618794],[60.8411359,56.0608757],[60.842948,56.061508],[60.8418154,56.0625275]]]}},{"type":"Feature","properties":{"id":1167365524,"landuse":"residential"},"geometry":{"type":"Polygon","coordinates":[[[60.83796,56.063307],[60.8396739,56.0620096],[60.8409926,56.0623399],[60.8417074,56.0627183],[60.8402162,56.0640118],[60.83796,56.063307]]]}},{"type":"Feature","properties":{"id":1332799420,"landuse":"religious"},"geometry":{"type":"Polygon","coordinates":[[[60.8307328,56.0681636],[60.8305898,56.0677911],[60.8315669,56.0677322],[60.831635,56.0677797],[60.8317099,56.0678443],[60.8317371,56.0679697],[60.8315907,56.0681142],[60.8307328,56.0681636]]]}},{"type":"Feature","properties":{"id":49290946,"landuse":"allotments","name":"Сад «Улыбка»"},"geometry":{"type":"Polygon","coordinates":[[[60.7942676,56.0212012],[60.7948137,56.0213376],[60.7943801,56.0220911],[60.7951112,56.022348],[60.795738,56.0227139],[60.7960789,56.0227479],[60.8019221,56.0236668],[60.8003309,56.0261217],[60.8013617,56.0266282],[60.8007505,56.027808],[60.8020198,56.0283585],[60.8036055,56.0262464],[60.8055842,56.0266006],[60.8064612,56.0256412],[60.8085281,56.025964],[60.8104452,56.0256973],[60.8127739,56.0262284],[60.813714,56.0245437],[60.8157896,56.0246445],[60.8192891,56.024703],[60.8204028,56.024662],[60.8268041,56.0227873],[60.8250837,56.021012],[60.8241419,56.0205314],[60.8205388,56.0201806],[60.8186448,56.021464],[60.8180077,56.0219508],[60.8173296,56.0229226],[60.8167531,56.0228105],[60.8159309,56.0209126],[60.8157074,56.0201265],[60.8153428,56.0192141],[60.8146718,56.0190713],[60.8143179,56.0183963],[60.8130584,56.0185506],[60.8133068,56.0196755],[60.810063,56.0180951],[60.8094757,56.0178089],[60.8092968,56.0180291],[60.8076818,56.0203526],[60.8071454,56.0202506],[60.8055394,56.0226706],[60.80108,56.0216965],[60.8012501,56.0212078],[60.8015141,56.0202748],[60.801385,56.0199038],[60.8011531,56.0189219],[60.802994,56.0164512],[60.8009902,56.0163313],[60.7989961,56.0162859],[60.7969695,56.016653],[60.7966304,56.0169084],[60.7965302,56.01723],[60.7963236,56.0178929],[60.7976746,56.0181279],[60.798019,56.0188779],[60.7953773,56.0195165],[60.7942676,56.0212012]]]}},{"type":"Feature","properties":{"id":77017603,"landuse":"allotments","name":"Огороды"},"geometry":{"type":"Polygon","coordinates":[[[60.7866184,56.0113064],[60.7858157,56.0097395],[60.7858156,56.009688],[60.7858481,56.0096507],[60.7864663,56.009544],[60.7870317,56.0103551],[60.7874471,56.0111587],[60.7866184,56.0113064]]]}},{"type":"Feature","properties":{"id":77017632,"landuse":"natural_scrub"},"geometry":{"type":"Polygon","coordinates":[[[60.7824807,56.0118652],[60.7823797,56.011831],[60.7822919,56.0117656],[60.7821749,56.0116675],[60.7821643,56.0115813],[60.7822122,56.0115025],[60.7826429,56.0113895],[60.7826429,56.0113211],[60.7825312,56.0111695],[60.7824036,56.0110759],[60.7824169,56.0109941],[60.7825339,56.0109198],[60.7827785,56.0108781],[60.7829514,56.0108826],[60.7830312,56.0109867],[60.7834034,56.0115709],[60.7833476,56.0116734],[60.7830152,56.0117403],[60.7827972,56.0117611],[60.7824807,56.0118652]]]}},{"type":"Feature","properties":{"id":77017640,"landuse":"industrial","name":"Мехдвор"},"geometry":{"type":"Polygon","coordinates":[[[60.7847123,56.0132037],[60.7859297,56.012964],[60.785763,56.0127332],[60.7854175,56.0125311],[60.7843259,56.0127492],[60.7847123,56.0132037]]]}},{"type":"Feature","properties":{"id":77017646,"landuse":"allotments","name":"Огороды"},"geometry":{"type":"Polygon","coordinates":[[[60.7846346,56.0095406],[60.7847884,56.0095708],[60.785557,56.0096079],[60.7874641,56.0092642],[60.7873436,56.0089575],[60.7845488,56.0091828],[60.7846346,56.0095406]]]}},{"type":"Feature","properties":{"id":175649544,"landuse":"allotments"},"geometry":{"type":"Polygon","coordinates":[[[60.781761,56.013768],[60.7809513,56.0139053],[60.7809324,56.0139672],[60.7809999,56.0141573],[60.7811267,56.0142387],[60.7812941,56.0142961],[60.7819041,56.0141935],[60.7818447,56.0140713],[60.7819743,56.0140441],[60.7818798,56.0138827],[60.7818231,56.0138917],[60.781761,56.013768]]]}},{"type":"Feature","properties":{"id":175649545,"landuse":"allotments"},"geometry":{"type":"Polygon","coordinates":[[[60.7815089,56.0163277],[60.782002,56.0164157],[60.7822007,56.0164578],[60.7842178,56.0168344],[60.7843391,56.0164514],[60.784289,56.0163763],[60.784123,56.0161995],[60.7839122,56.0160935],[60.7831796,56.0159742],[60.7830689,56.0158387],[60.7819912,56.0156148],[60.7819068,56.0157989],[60.7816565,56.0157827],[60.7816155,56.0159309],[60.7815089,56.0163277]]]}},{"type":"Feature","properties":{"id":175649548,"landuse":"grass"},"geometry":{"type":"Polygon","coordinates":[[[60.7809353,56.0110891],[60.7809219,56.0110144],[60.7809076,56.0110042],[60.7808713,56.0109957],[60.7808456,56.011001],[60.7808179,56.0110165],[60.7808064,56.0110347],[60.7808074,56.0110544],[60.7808179,56.0110709],[60.7808446,56.0110901],[60.7808723,56.0110981],[60.7809095,56.0110981],[60.7809353,56.0110891]]]}},{"type":"Feature","properties":{"id":175649549,"landuse":"allotments"},"geometry":{"type":"Polygon","coordinates":[[[60.7816722,56.0074804],[60.780937,56.0076469],[60.7808632,56.0076484],[60.7807868,56.007644],[60.780742,56.0076175],[60.7806946,56.0075747],[60.7798698,56.0053132],[60.7801939,56.0052823],[60.7806841,56.0054782],[60.7812585,56.0067482],[60.7813876,56.0067276],[60.7815247,56.0069456],[60.7813982,56.0069707],[60.7816722,56.0074804]]]}},{"type":"Feature","properties":{"id":175649550,"landuse":"allotments"},"geometry":{"type":"Polygon","coordinates":[[[60.7798023,56.0053583],[60.7792471,56.0052895],[60.7788968,56.0053166],[60.7788073,56.0053541],[60.7787738,56.0054396],[60.7795378,56.0076294],[60.7792806,56.0076565],[60.7793701,56.0080586],[60.7800409,56.0078815],[60.7800856,56.0081482],[60.7801936,56.0083253],[60.7808253,56.0082076],[60.7808663,56.0081846],[60.7808905,56.0081503],[60.7806334,56.0076502],[60.7803259,56.0068908],[60.7798023,56.0053583]]]}},{"type":"Feature","properties":{"id":175649552,"landuse":"allotments"},"geometry":{"type":"Polygon","coordinates":[[[60.7847298,56.015054],[60.7848621,56.0150181],[60.7850618,56.0152637],[60.7849127,56.0153041],[60.7847298,56.015054]]]}},{"type":"Feature","properties":{"id":175649553,"landuse":"allotments"},"geometry":{"type":"Polygon","coordinates":[[[60.7830591,56.015277],[60.7830706,56.0148671],[60.7833312,56.0148033],[60.783519,56.0153952],[60.7830591,56.015277]]]}},{"type":"Feature","properties":{"id":175649555,"landuse":"allotments"},"geometry":{"type":"Polygon","coordinates":[[[60.7849303,56.0149895],[60.784715,56.0150464],[60.7845699,56.0148835],[60.7848041,56.0148201],[60.7849303,56.0149895]]]}},{"type":"Feature","properties":{"id":175649556,"landuse":"allotments"},"geometry":{"type":"Polygon","coordinates":[[[60.781788,56.0137016],[60.781232,56.0138072],[60.7811159,56.013765],[60.7810377,56.0136428],[60.7816801,56.0135281],[60.781788,56.0137016]]]}},{"type":"Feature","properties":{"id":175649557,"landuse":"allotments"},"geometry":{"type":"Polygon","coordinates":[[[60.7844008,56.0092032],[60.7836704,56.0092125],[60.7836629,56.0093573],[60.7837636,56.0094271],[60.7844381,56.0094073],[60.7844008,56.0092032]]]}},{"type":"Feature","properties":{"id":175649558,"landuse":"allotments"},"geometry":{"type":"Polygon","coordinates":[[[60.7834839,56.0137057],[60.7832511,56.0134955],[60.7834038,56.0134283],[60.7835794,56.0134262],[60.7837664,56.0136011],[60.7834839,56.0137057]]]}},{"type":"Feature","properties":{"id":175649559,"landuse":"allotments"},"geometry":{"type":"Polygon","coordinates":[[[60.7838084,56.0136438],[60.7841806,56.0140204],[60.783816,56.0141218],[60.7837321,56.0140588],[60.7838428,56.0140034],[60.7835527,56.013758],[60.7838084,56.0136438]]]}},{"type":"Feature","properties":{"id":175649560,"landuse":"allotments"},"geometry":{"type":"Polygon","coordinates":[[[60.7815933,56.0158122],[60.7816512,56.0153865],[60.7808106,56.015357],[60.7807605,56.0150477],[60.7799278,56.0150241],[60.7800148,56.0155367],[60.7803864,56.0157635],[60.7815933,56.0158122]]]}},{"type":"Feature","properties":{"id":175649562,"landuse":"allotments"},"geometry":{"type":"Polygon","coordinates":[[[60.7834239,56.006941],[60.7840043,56.0068489],[60.7839503,56.0067297],[60.784177,56.006686],[60.7842715,56.0065728],[60.7842445,56.0065366],[60.7833861,56.0066694],[60.7833538,56.0068369],[60.7834239,56.006941]]]}},{"type":"Feature","properties":{"id":641223218,"landuse":"natural_wood"},"geometry":{"type":"Polygon","coordinates":[[[60.7997453,56.0129576],[60.8001423,56.0132575],[60.8006358,56.0134734],[60.8009362,56.0134794],[60.8014083,56.0133054],[60.8015263,56.0133474],[60.8008397,56.0137013],[60.8008289,56.0140731],[60.8010006,56.0144209],[60.8010971,56.0150267],[60.8010864,56.0151106],[60.8009362,56.0151586],[60.8004856,56.0150986],[60.7996809,56.0152126],[60.7991981,56.0150986],[60.7989299,56.0148767],[60.7989406,56.0144389],[60.7990801,56.014289],[60.7990265,56.0141271],[60.79849,56.0139472],[60.7983184,56.0137972],[60.7983398,56.0133654],[60.798887,56.0129516],[60.7991338,56.0128616],[60.7994342,56.0128436],[60.7995736,56.0128616],[60.7997453,56.0129576]]]}},{"type":"Feature","properties":{"id":50603158,"landuse":"natural_wetland"},"geometry":{"type":"Polygon","coordinates":[[[60.8614873,56.1152067],[60.8613273,56.1152067],[60.8609273,56.1148467],[60.8585273,56.1137267],[60.8578873,56.1126067],[60.8574873,56.1124067],[60.8565273,56.1124067],[60.8562873,56.1122867],[60.8567673,56.1118067],[60.8567673,56.1114867],[60.8564473,56.1111667],[60.8545273,56.1102867],[60.8548473,56.1098867],[60.8546873,56.1090867],[60.8542073,56.1086867],[60.8536473,56.1084867],[60.8529273,56.1090867],[60.8531673,56.1092867],[60.8536473,56.1092867],[60.8542073,56.1095667],[60.8542073,56.1099667],[60.8534073,56.1111667],[60.8542873,56.1122467],[60.8546873,56.1117267],[60.8550873,56.1115267],[60.8554873,56.1117267],[60.8551673,56.1125267],[60.8554873,56.1130867],[60.8562873,56.1138067],[60.8569273,56.1141267],[60.8574073,56.1148467],[60.8574073,56.1158867],[60.8570873,56.1162067],[60.8573273,56.1165667],[60.8582873,56.1162467],[60.8589273,56.1165667],[60.8594073,56.1164867],[60.8600473,56.1167267],[60.8606873,56.1164867],[60.8614873,56.1164867],[60.8635673,56.1156867],[60.8642873,56.1155667],[60.8640473,56.1151267],[60.8623673,56.1153267],[60.8614873,56.1152067]]]}},{"type":"Feature","properties":{"id":65406466,"landuse":"natural_wood"},"geometry":{"type":"Polygon","coordinates":[[[60.9032888,56.1070435],[60.9040257,56.1039582],[60.9039487,56.1036147],[60.9036187,56.1036822],[60.9036847,56.1039398],[60.9032008,56.106197],[60.9029038,56.1070741],[60.9032888,56.1070435]]]}},{"type":"Feature","properties":{"id":65406488,"landuse":"natural_wood"},"geometry":{"type":"Polygon","coordinates":[[[60.9023353,56.1123769],[60.9021291,56.1142454],[60.9018369,56.1162671],[60.9018369,56.1179629],[60.902052,56.1196048],[60.9021742,56.1212345],[60.9017051,56.1226666],[60.9003761,56.1253777],[60.8991903,56.1274851],[60.898417,56.1291517],[60.8982107,56.1299754],[60.8983998,56.1305021],[60.8988294,56.1324272],[60.898331,56.1324559],[60.8979014,56.1305596],[60.8977295,56.1299754],[60.8979186,56.129008],[60.8987435,56.1273031],[60.8999809,56.1252149],[60.901476,56.1225423],[60.9018692,56.1212017],[60.9017682,56.1195437],[60.9013385,56.1179533],[60.9013729,56.1161808],[60.9015963,56.1141687],[60.9019228,56.112329],[60.9023353,56.1123769]]]}},{"type":"Feature","properties":{"id":65406550,"landuse":"natural_wood"},"geometry":{"type":"Polygon","coordinates":[[[60.9029808,56.1083989],[60.9031568,56.1073747],[60.9028598,56.1074115],[60.9028378,56.1077549],[60.9026178,56.1084173],[60.9029808,56.1083989]]]}},{"type":"Feature","properties":{"id":65406587,"landuse":"natural_wood"},"geometry":{"type":"Polygon","coordinates":[[[60.9027579,56.1092966],[60.9027909,56.1089041],[60.9025379,56.1088735],[60.9024499,56.1092108],[60.9025049,56.1092844],[60.9027579,56.1092966]]]}},{"type":"Feature","properties":{"id":65406589,"landuse":"natural_wood"},"geometry":{"type":"Polygon","coordinates":[[[60.9025156,56.1110243],[60.9027109,56.1094674],[60.9024422,56.1094348],[60.9022884,56.1103139],[60.9022231,56.1109313],[60.9025156,56.1110243]]]}},{"type":"Feature","properties":{"id":65406593,"landuse":"natural_wood"},"geometry":{"type":"Polygon","coordinates":[[[60.8800616,56.1232627],[60.8797889,56.1230714],[60.8799649,56.1222179],[60.8804752,56.1220708],[60.8810735,56.1222327],[60.8815399,56.1226201],[60.8815575,56.1230223],[60.8811439,56.1232823],[60.8803872,56.1234049],[60.8800616,56.1232627]]]}},{"type":"Feature","properties":{"id":80747061,"landuse":"leisure_park"},"geometry":{"type":"Polygon","coordinates":[[[60.8846056,56.1147167],[60.8848057,56.1149712],[60.8859634,56.1146985],[60.8857576,56.1144242],[60.8846056,56.1147167]]]}},{"type":"Feature","properties":{"id":80749021,"landuse":"residential"},"geometry":{"type":"Polygon","coordinates":[[[60.8736042,56.1178472],[60.8766632,56.1171374],[60.8769878,56.1175792],[60.8738864,56.1183013],[60.8736042,56.1178472]]]}},{"type":"Feature","properties":{"id":364617096,"landuse":"farmland"},"geometry":{"type":"Polygon","coordinates":[[[60.9034814,56.1225437],[60.9039105,56.1212997],[60.9035672,56.1163235],[60.9038247,56.1115859],[60.9076012,56.1114663],[60.9069575,56.1206299],[60.9064683,56.1229241],[60.9034814,56.1225437]]]}},{"type":"Feature","properties":{"id":643115922,"landuse":"farmland"},"geometry":{"type":"Polygon","coordinates":[[[60.9092169,56.1074181],[60.9059285,56.1066134],[60.9044651,56.1061348],[60.9049629,56.1042315],[60.9057923,56.1030277],[60.907216,56.1009436],[60.9087878,56.0993046],[60.9097051,56.0987277],[60.9134677,56.0995858],[60.9110709,56.1024993],[60.9099561,56.1040353],[60.9107168,56.1041657],[60.9095463,56.1069395],[60.9092169,56.1074181]]]}},{"type":"Feature","properties":{"id":1061723451,"landuse":"natural_grassland"},"geometry":{"type":"Polygon","coordinates":[[[60.8580316,56.1321383],[60.8579029,56.1318393],[60.8577527,56.1313729],[60.8559073,56.1259794],[60.8551777,56.1237907],[60.8545984,56.1230372],[60.855285,56.1225109],[60.8582033,56.121267],[60.8602632,56.1205732],[60.8617009,56.1211832],[60.8642758,56.1198077],[60.8640827,56.1184919],[60.8647264,56.1181808],[60.8651556,56.1186115],[60.8687175,56.1180373],[60.8702839,56.1187311],[60.8714856,56.1188746],[60.8768714,56.1179894],[60.8763135,56.1190182],[60.8756269,56.1199871],[60.8748759,56.1207048],[60.8712924,56.1230611],[60.8580316,56.1321383]]]}},{"type":"Feature","properties":{"id":1061723452,"landuse":"residential"},"geometry":{"type":"Polygon","coordinates":[[[60.8652398,56.118484],[60.8649687,56.1180443],[60.8666817,56.1176665],[60.8669405,56.1180581],[60.8652398,56.118484]]]}},{"type":"Feature","properties":{"id":1061723453,"landuse":"residential"},"geometry":{"type":"Polygon","coordinates":[[[60.8707059,56.1164869],[60.8702856,56.1158047],[60.8737881,56.1150184],[60.8741897,56.1156693],[60.8707059,56.1164869]]]}},{"type":"Feature","properties":{"id":1061723454,"landuse":"residential"},"geometry":{"type":"Polygon","coordinates":[[[60.8744419,56.1156693],[60.8738909,56.1148882],[60.8774868,56.1142113],[60.877795,56.114883],[60.8744419,56.1156693]]]}},{"type":"Feature","properties":{"id":1061723457,"landuse":"residential"},"geometry":{"type":"Polygon","coordinates":[[[60.8901985,56.1143727],[60.8898155,56.1139092],[60.8928791,56.1131281],[60.893318,56.1137634],[60.8928791,56.1139145],[60.8909083,56.1143935],[60.8907776,56.1142217],[60.8901985,56.1143727]]]}},{"type":"Feature","properties":{"id":1061723458,"landuse":"residential"},"geometry":{"type":"Polygon","coordinates":[[[60.8861543,56.114607],[60.8851456,56.1133208],[60.888508,56.1124824],[60.8894046,56.1137218],[60.8861543,56.114607]]]}},{"type":"Feature","properties":{"id":1061723459,"landuse":"residential"},"geometry":{"type":"Polygon","coordinates":[[[60.8744298,56.1167148],[60.8738513,56.1159888],[60.8756483,56.1155673],[60.8761117,56.1162382],[60.8744298,56.1167148]]]}},{"type":"Feature","properties":{"id":1061723460,"landuse":"residential"},"geometry":{"type":"Polygon","coordinates":[[[60.8771362,56.1167821],[60.8768354,56.1166099],[60.8758597,56.1155038],[60.8777786,56.1150867],[60.8782908,56.1157712],[60.8779737,56.1159027],[60.8784209,56.1164331],[60.8771362,56.1167821]]]}},{"type":"Feature","properties":{"id":1061723461,"landuse":"residential"},"geometry":{"type":"Polygon","coordinates":[[[60.8790145,56.1163243],[60.8780062,56.1150051],[60.879543,56.1146334],[60.8807138,56.1158619],[60.8790145,56.1163243]]]}},{"type":"Feature","properties":{"id":1061723462,"landuse":"residential"},"geometry":{"type":"Polygon","coordinates":[[[60.8809009,56.1157984],[60.879665,56.1146334],[60.8813806,56.1141982],[60.8824457,56.1154449],[60.8809009,56.1157984]]]}},{"type":"Feature","properties":{"id":1061723463,"landuse":"residential"},"geometry":{"type":"Polygon","coordinates":[[[60.8827059,56.1153769],[60.8815676,56.1141483],[60.8848769,56.1133414],[60.8855355,56.1141755],[60.8844947,56.1144113],[60.8846899,56.1149462],[60.8827059,56.1153769]]]}},{"type":"Feature","properties":{"id":1061723464,"landuse":"residential"},"geometry":{"type":"Polygon","coordinates":[[[60.8837629,56.1168954],[60.8827954,56.1156126],[60.8859258,56.1148283],[60.8864218,56.1155945],[60.8842589,56.1163016],[60.884511,56.1166869],[60.8837629,56.1168954]]]}},{"type":"Feature","properties":{"id":1061723465,"landuse":"residential"},"geometry":{"type":"Polygon","coordinates":[[[60.8807789,56.1168637],[60.8802422,56.116211],[60.8826246,56.1156534],[60.8832995,56.1164965],[60.8807789,56.1168637]]]}},{"type":"Feature","properties":{"id":1061723466,"landuse":"residential"},"geometry":{"type":"Polygon","coordinates":[[[60.8871779,56.1154811],[60.886373,56.1147694],[60.8894383,56.1139942],[60.8898937,56.1147785],[60.8871779,56.1154811]]]}},{"type":"Feature","properties":{"id":1061723467,"landuse":"residential"},"geometry":{"type":"Polygon","coordinates":[[[60.889666,56.1137041],[60.8886822,56.1124664],[60.8912028,56.1117411],[60.8918939,56.1117547],[60.892276,56.1122398],[60.8925444,56.1129787],[60.889666,56.1137041]]]}},{"type":"Feature","properties":{"id":1061723468,"landuse":"residential"},"geometry":{"type":"Polygon","coordinates":[[[60.892707,56.1129379],[60.8924549,56.1124256],[60.892398,56.1119451],[60.8949023,56.1120448],[60.8949349,56.1124483],[60.892707,56.1129379]]]}},{"type":"Feature","properties":{"id":1061723469,"landuse":"residential"},"geometry":{"type":"Polygon","coordinates":[[[60.893886,56.1136769],[60.8955365,56.1134321],[60.8984637,56.1127838],[60.8985369,56.1122851],[60.8990979,56.1121174],[60.8986344,56.1117229],[60.8965123,56.112335],[60.8933412,56.1130513],[60.893886,56.1136769]]]}},{"type":"Feature","properties":{"id":1061723470,"landuse":"residential"},"geometry":{"type":"Polygon","coordinates":[[[60.8960244,56.1118998],[60.8971465,56.1118998],[60.8984393,56.1115507],[60.8978213,56.1107255],[60.895691,56.1110338],[60.8960244,56.1118998]]]}},{"type":"Feature","properties":{"id":1061723471,"landuse":"residential"},"geometry":{"type":"Polygon","coordinates":[[[60.8994719,56.1108162],[60.9005777,56.1098369],[60.8996671,56.1095422],[60.8984962,56.1103311],[60.8994719,56.1108162]]]}},{"type":"Feature","properties":{"id":1061723472,"landuse":"residential"},"geometry":{"type":"Polygon","coordinates":[[[60.9005208,56.1116323],[60.8997809,56.1114283],[60.8995126,56.1112288],[60.9005371,56.1102903],[60.9017486,56.1107029],[60.9005208,56.1116323]]]}},{"type":"Feature","properties":{"id":1061723473,"landuse":"residential"},"geometry":{"type":"Polygon","coordinates":[[[60.8801643,56.1185795],[60.882758,56.118584],[60.8827987,56.1183483],[60.8815221,56.1183483],[60.8815547,56.1181262],[60.8801805,56.118108],[60.8801643,56.1185795]]]}},{"type":"Feature","properties":{"id":1061723475,"landuse":"residential"},"geometry":{"type":"Polygon","coordinates":[[[60.8773022,56.1175596],[60.8799203,56.1171335],[60.8795301,56.1164535],[60.8768631,56.1170564],[60.8773022,56.1175596]]]}},{"type":"Feature","properties":{"id":1061723476,"landuse":"residential"},"geometry":{"type":"Polygon","coordinates":[[[60.8867503,56.1127634],[60.8906207,56.1117207],[60.8904011,56.1113172],[60.8865145,56.1125322],[60.8867503,56.1127634]]]}},{"type":"Feature","properties":{"id":1061723477,"landuse":"residential"},"geometry":{"type":"Polygon","coordinates":[[[60.8907751,56.1116935],[60.8917996,56.1115122],[60.8932551,56.1117706],[60.8933283,56.1111495],[60.8917915,56.1111313],[60.8905556,56.1112538],[60.8907751,56.1116935]]]}}]}
