{"type": "FeatureCollection", "features": [{"type": "Feature", "properties": {"id": 48379774, "name": "ФОК \"Айсберг\"", "amenity": "", "shop": "", "office": "", "healthcare": "", "craft": "", "tourism": "", "leisure": "ice_rink", "phone": "", "opening_hours": "", "website": "", "housenumber": "", "street": ""}, "geometry": {"type": "Point", "coordinates": [60.7546617, 56.07157051818182]}}, {"type": "Feature", "properties": {"id": 48379798, "name": "Октябрь", "amenity": "community_centre", "shop": "", "office": "", "healthcare": "", "craft": "", "tourism": "", "leisure": "", "phone": "", "opening_hours": "Tu-Sa 12:00-15:00,16:00-19:00; Su 12:00-15:00,16:00-18:00; Mo off", "website": "", "housenumber": "13", "street": "улица Свердлова"}, "geometry": {"type": "Point", "coordinates": [60.7326576625, 56.0865674125]}}, {"type": "Feature", "properties": {"id": 48379858, "name": "", "amenity": "townhall", "shop": "", "office": "", "healthcare": "", "craft": "", "tourism": "", "leisure": "", "phone": "+7 35146 92573", "opening_hours": "", "website": "http://www.snzadm.ru", "housenumber": "24", "street": "бульвар Свердлова"}, "geometry": {"type": "Point", "coordinates": [60.733699, 56.087143385714285]}}, {"type": "Feature", "properties": {"id": 48380799, "name": "Городская поликлиника", "amenity": "clinic", "shop": "", "office": "", "healthcare": "clinic", "craft": "", "tourism": "", "leisure": "", "phone": "", "opening_hours": "", "website": "", "housenumber": "13 с16", "street": "улица Дзержинского"}, "geometry": {"type": "Point", "coordinates": [60.74054856, 56.08220066]}}, {"type": "Feature", "properties": {"id": 48417494, "name": "Детский сад №18", "amenity": "kindergarten", "shop": "", "office": "", "healthcare": "", "craft": "", "tourism": "", "leisure": "", "phone": "", "opening_hours": "", "website": "", "housenumber": "", "street": ""}, "geometry": {"type": "Point", "coordinates": [60.7248589, 56.0839705]}}, {"type": "Feature", "properties": {"id": 48417506, "name": "ОВД", "amenity": "police", "shop": "", "office": "", "healthcare": "", "craft": "", "tourism": "", "leisure": "", "phone": "", "opening_hours": "", "website": "", "housenumber": "26", "street": "улица Дзержинского"}, "geometry": {"type": "Point", "coordinates": [60.7304626, 56.0832748]}}, {"type": "Feature", "properties": {"id": 48417507, "name": "Снежинский городской суд", "amenity": "courthouse", "shop": "", "office": "", "healthcare": "", "craft": "", "tourism": "", "leisure": "", "phone": "", "opening_hours": "", "website": "", "housenumber": "24", "street": "улица Дзержинского"}, "geometry": {"type": "Point", "coordinates": [60.73125259166667, 56.083306775000004]}}, {"type": "Feature", "properties": {"id": 48417515, "name": "Музыкальная школа", "amenity": "school", "shop": "", "office": "", "healthcare": "", "craft": "", "tourism": "", "leisure": "", "phone": "", "opening_hours": "", "website": "", "housenumber": "29", "street": "улица Ленина"}, "geometry": {"type": "Point", "coordinates": [60.72974903666667, 56.08468266]}}, {"type": "Feature", "properties": {"id": 48417537, "name": "МДОУ №26", "amenity": "kindergarten", "shop": "", "office": "", "healthcare": "", "craft": "", "tourism": "", "leisure": "", "phone": "", "opening_hours": "", "website": "", "housenumber": "18", "street": "улица Победы"}, "geometry": {"type": "Point", "coordinates": [60.719371325, 56.0889563]}}, {"type": "Feature", "properties": {"id": 48417557, "name": "Снежинка", "amenity": "restaurant", "shop": "", "office": "", "healthcare": "", "craft": "", "tourism": "", "leisure": "", "phone": "", "opening_hours": "", "website": "", "housenumber": "9", "street": "улица Свердлова"}, "geometry": {"type": "Point", "coordinates": [60.73103844545455, 56.08610069090909]}}, {"type": "Feature", "properties": {"id": 48417562, "name": "Продукты", "amenity": "", "shop": "kiosk", "office": "", "healthcare": "", "craft": "", "tourism": "", "leisure": "", "phone": "", "opening_hours": "", "website": "", "housenumber": "", "street": ""}, "geometry": {"type": "Point", "coordinates": [60.73101675, 56.08767515]}}, {"type": "Feature", "properties": {"id": 48418740, "name": "Детский сад №28", "amenity": "kindergarten", "shop": "", "office": "", "healthcare": "", "craft": "", "tourism": "", "leisure": "", "phone": "", "opening_hours": "", "website": "", "housenumber": "", "street": ""}, "geometry": {"type": "Point", "coordinates": [60.724511766666666, 56.08899533333334]}}, {"type": "Feature", "properties": {"id": 48489910, "name": "", "amenity": "kindergarten", "shop": "", "office": "", "healthcare": "", "craft": "", "tourism": "", "leisure": "", "phone": "", "opening_hours": "", "website": "", "housenumber": "", "street": ""}, "geometry": {"type": "Point", "coordinates": [60.74667368, 56.0764861]}}, {"type": "Feature", "properties": {"id": 48489932, "name": "МБУ \"Городская библиотека\"", "amenity": "library", "shop": "", "office": "", "healthcare": "", "craft": "", "tourism": "", "leisure": "", "phone": "", "opening_hours": "", "website": "", "housenumber": "22", "street": "проспект Мира"}, "geometry": {"type": "Point", "coordinates": [60.752315978947365, 56.075368778947364]}}, {"type": "Feature", "properties": {"id": 48490735, "name": "Гимназия №127", "amenity": "school", "shop": "", "office": "", "healthcare": "", "craft": "", "tourism": "", "leisure": "", "phone": "", "opening_hours": "", "website": "", "housenumber": "", "street": ""}, "geometry": {"type": "Point", "coordinates": [60.72651014545455, 56.08691222727273]}}, {"type": "Feature", "properties": {"id": 48585829, "name": "Космос", "amenity": "cinema", "shop": "", "office": "", "healthcare": "", "craft": "", "tourism": "", "leisure": "", "phone": "", "opening_hours": "Mo-Fr 15:00-24:00; Sa,Su 10:00-24:00", "website": "", "housenumber": "13", "street": "бульвар Циолковского"}, "geometry": {"type": "Point", "coordinates": [60.735901000000005, 56.08742564166667]}}, {"type": "Feature", "properties": {"id": 48588766, "name": "ЮУрГУ", "amenity": "university", "shop": "", "office": "", "healthcare": "", "craft": "", "tourism": "", "leisure": "", "phone": "", "opening_hours": "", "website": "", "housenumber": "7", "street": "улица 40 лет Октября"}, "geometry": {"type": "Point", "coordinates": [60.741182125, 56.08687906666666]}}, {"type": "Feature", "properties": {"id": 48600161, "name": "Школа №125", "amenity": "school", "shop": "", "office": "", "healthcare": "", "craft": "", "tourism": "", "leisure": "", "phone": "", "opening_hours": "", "website": "", "housenumber": "", "street": ""}, "geometry": {"type": "Point", "coordinates": [60.734628875, 56.083648975]}}, {"type": "Feature", "properties": {"id": 48600164, "name": "Художественная школа", "amenity": "training", "shop": "", "office": "", "healthcare": "", "craft": "", "tourism": "", "leisure": "", "phone": "", "opening_hours": "", "website": "", "housenumber": "10", "street": "улица Дзержинского"}, "geometry": {"type": "Point", "coordinates": [60.740711399999995, 56.0829156]}}, {"type": "Feature", "properties": {"id": 48600177, "name": "Управление образования", "amenity": "", "shop": "", "office": "government", "healthcare": "", "craft": "", "tourism": "", "leisure": "", "phone": "", "opening_hours": "", "website": "", "housenumber": "26", "street": "улица Ленина"}, "geometry": {"type": "Point", "coordinates": [60.736132575, 56.08637095]}}, {"type": "Feature", "properties": {"id": 48600180, "name": "Женская консультация", "amenity": "hospital", "shop": "", "office": "", "healthcare": "", "craft": "", "tourism": "", "leisure": "", "phone": "", "opening_hours": "", "website": "", "housenumber": "32", "street": "улица Свердлова"}, "geometry": {"type": "Point", "coordinates": [60.733701575, 56.0886108375]}}, {"type": "Feature", "properties": {"id": 48600189, "name": "Детский дом", "amenity": "social_facility", "shop": "", "office": "", "healthcare": "", "craft": "", "tourism": "", "leisure": "", "phone": "", "opening_hours": "", "website": "", "housenumber": "10", "street": "улица Ленина"}, "geometry": {"type": "Point", "coordinates": [60.74028545, 56.08544795]}}, {"type": "Feature", "properties": {"id": 48600191, "name": "Детский сад №3 Гнёздышко", "amenity": "kindergarten", "shop": "", "office": "", "healthcare": "", "craft": "", "tourism": "", "leisure": "", "phone": "", "opening_hours": "", "website": "", "housenumber": "6", "street": "улица Ленина"}, "geometry": {"type": "Point", "coordinates": [60.74157148333333, 56.08544908333334]}}, {"type": "Feature", "properties": {"id": 48600610, "name": "Урал", "amenity": "", "shop": "", "office": "", "healthcare": "", "craft": "", "tourism": "", "leisure": "sports_centre", "phone": "", "opening_hours": "", "website": "", "housenumber": "3А", "street": "улица Васильева"}, "geometry": {"type": "Point", "coordinates": [60.73760264, 56.083858559999996]}}, {"type": "Feature", "properties": {"id": 48600615, "name": "АТС 3", "amenity": "", "shop": "", "office": "telecommunication", "healthcare": "", "craft": "", "tourism": "", "leisure": "", "phone": "", "opening_hours": "", "website": "", "housenumber": "", "street": ""}, "geometry": {"type": "Point", "coordinates": [60.733453266666665, 56.08766263333334]}}, {"type": "Feature", "properties": {"id": 48817875, "name": "", "amenity": "fuel", "shop": "", "office": "", "healthcare": "", "craft": "", "tourism": "", "leisure": "", "phone": "", "opening_hours": "", "website": "", "housenumber": "4", "street": "проспект Щёлкина"}, "geometry": {"type": "Point", "coordinates": [60.7156284, 56.0663056]}}, {"type": "Feature", "properties": {"id": 49683581, "name": "Новый Снежинск", "amenity": "college", "shop": "", "office": "", "healthcare": "", "craft": "", "tourism": "", "leisure": "", "phone": "", "opening_hours": "", "website": "", "housenumber": "", "street": ""}, "geometry": {"type": "Point", "coordinates": [60.74436159473684, 56.079987889473685]}}, {"type": "Feature", "properties": {"id": 49683592, "name": "АТС 7", "amenity": "", "shop": "", "office": "telecommunication", "healthcare": "", "craft": "", "tourism": "", "leisure": "", "phone": "", "opening_hours": "", "website": "", "housenumber": "9А", "street": "улица Забабахина"}, "geometry": {"type": "Point", "coordinates": [60.749133275, 56.07855685]}}, {"type": "Feature", "properties": {"id": 49683596, "name": "ЦДО им. Комарова", "amenity": "arts_centre", "shop": "", "office": "", "healthcare": "", "craft": "", "tourism": "", "leisure": "", "phone": "", "opening_hours": "", "website": "", "housenumber": "2", "street": "Комсомольская улица"}, "geometry": {"type": "Point", "coordinates": [60.7453964375, 56.08164444375]}}, {"type": "Feature", "properties": {"id": 49683597, "name": "Школа 122", "amenity": "school", "shop": "", "office": "", "healthcare": "", "craft": "", "tourism": "", "leisure": "", "phone": "", "opening_hours": "", "website": "", "housenumber": "4", "street": "Комсомольская улица"}, "geometry": {"type": "Point", "coordinates": [60.74778643214285, 56.080668371428565]}}, {"type": "Feature", "properties": {"id": 49684499, "name": "Зал акробатики", "amenity": "", "shop": "", "office": "", "healthcare": "", "craft": "", "tourism": "", "leisure": "sports_centre", "phone": "", "opening_hours": "", "website": "", "housenumber": "", "street": ""}, "geometry": {"type": "Point", "coordinates": [60.74595946666667, 56.080932749999995]}}, {"type": "Feature", "properties": {"id": 49684505, "name": "", "amenity": "community_centre", "shop": "", "office": "", "healthcare": "", "craft": "", "tourism": "", "leisure": "", "phone": "", "opening_hours": "", "website": "", "housenumber": "1", "street": "Комсомольская улица"}, "geometry": {"type": "Point", "coordinates": [60.745336625, 56.0827948]}}, {"type": "Feature", "properties": {"id": 49711481, "name": "Детский сад №7 \"Светлячок\"", "amenity": "kindergarten", "shop": "", "office": "", "healthcare": "", "craft": "", "tourism": "", "leisure": "", "phone": "", "opening_hours": "", "website": "", "housenumber": "", "street": "улица Свердлова"}, "geometry": {"type": "Point", "coordinates": [60.73448895, 56.0879818]}}, {"type": "Feature", "properties": {"id": 50477543, "name": "", "amenity": "hospital", "shop": "", "office": "", "healthcare": "hospital", "craft": "", "tourism": "", "leisure": "", "phone": "", "opening_hours": "", "website": "", "housenumber": "", "street": ""}, "geometry": {"type": "Point", "coordinates": [60.7334364, 56.0814295875]}}, {"type": "Feature", "properties": {"id": 50477545, "name": "Родильне отделение", "amenity": "hospital", "shop": "", "office": "", "healthcare": "", "craft": "", "tourism": "", "leisure": "", "phone": "", "opening_hours": "", "website": "", "housenumber": "", "street": ""}, "geometry": {"type": "Point", "coordinates": [60.730397200000006, 56.08025414285714]}}, {"type": "Feature", "properties": {"id": 50477553, "name": "Морг", "amenity": "mortuary", "shop": "", "office": "", "healthcare": "", "craft": "", "tourism": "", "leisure": "", "phone": "", "opening_hours": "", "website": "", "housenumber": "13 с9", "street": "улица Дзержинского"}, "geometry": {"type": "Point", "coordinates": [60.73631785, 56.08072145]}}, {"type": "Feature", "properties": {"id": 50485772, "name": "Стоматологическая поликлиника", "amenity": "dentist", "shop": "", "office": "", "healthcare": "", "craft": "", "tourism": "", "leisure": "", "phone": "", "opening_hours": "", "website": "", "housenumber": "", "street": ""}, "geometry": {"type": "Point", "coordinates": [60.73879545, 56.08177585]}}, {"type": "Feature", "properties": {"id": 50485773, "name": "Управление социальной защиты населения города Снежинска", "amenity": "", "shop": "", "office": "government", "healthcare": "", "craft": "", "tourism": "", "leisure": "", "phone": "", "opening_hours": "", "website": "", "housenumber": "5", "street": "Транспортная улица"}, "geometry": {"type": "Point", "coordinates": [60.738708275, 56.08141835]}}, {"type": "Feature", "properties": {"id": 50808440, "name": "Детский сад №25", "amenity": "kindergarten", "shop": "", "office": "", "healthcare": "", "craft": "", "tourism": "", "leisure": "", "phone": "", "opening_hours": "", "website": "", "housenumber": "", "street": ""}, "geometry": {"type": "Point", "coordinates": [60.7361841, 56.084649399999996]}}, {"type": "Feature", "properties": {"id": 51244940, "name": "", "amenity": "kindergarten", "shop": "", "office": "", "healthcare": "", "craft": "", "tourism": "", "leisure": "", "phone": "", "opening_hours": "", "website": "", "housenumber": "", "street": ""}, "geometry": {"type": "Point", "coordinates": [60.73046151999999, 56.08809252]}}, {"type": "Feature", "properties": {"id": 51244944, "name": "Детский сад №29 «Подснежник»", "amenity": "kindergarten", "shop": "", "office": "", "healthcare": "", "craft": "", "tourism": "", "leisure": "", "phone": "", "opening_hours": "", "website": "", "housenumber": "", "street": ""}, "geometry": {"type": "Point", "coordinates": [60.72368328888889, 56.08658085555555]}}, {"type": "Feature", "properties": {"id": 51244949, "name": "Журавлёнок", "amenity": "kindergarten", "shop": "", "office": "", "healthcare": "", "craft": "", "tourism": "", "leisure": "", "phone": "", "opening_hours": "", "website": "", "housenumber": "", "street": ""}, "geometry": {"type": "Point", "coordinates": [60.72814595, 56.08877615]}}, {"type": "Feature", "properties": {"id": 51814476, "name": "ЗеленСтрой-Снежинск", "amenity": "", "shop": "", "office": "company", "healthcare": "", "craft": "", "tourism": "", "leisure": "", "phone": "", "opening_hours": "", "website": "", "housenumber": "", "street": ""}, "geometry": {"type": "Point", "coordinates": [60.733954764, 56.073830304000005]}}, {"type": "Feature", "properties": {"id": 51814486, "name": "Водоканал", "amenity": "", "shop": "", "office": "water_utility", "healthcare": "", "craft": "", "tourism": "", "leisure": "", "phone": "", "opening_hours": "", "website": "", "housenumber": "", "street": ""}, "geometry": {"type": "Point", "coordinates": [60.73526603125, 56.07392915625]}}, {"type": "Feature", "properties": {"id": 52111462, "name": "Школа 128", "amenity": "school", "shop": "", "office": "", "healthcare": "", "craft": "", "tourism": "", "leisure": "", "phone": "", "opening_hours": "", "website": "", "housenumber": "8А", "street": "улица Чапаева"}, "geometry": {"type": "Point", "coordinates": [60.7676256875, 56.06742925]}}, {"type": "Feature", "properties": {"id": 59491693, "name": "Универсальный спортивный комплекс", "amenity": "", "shop": "", "office": "", "healthcare": "", "craft": "", "tourism": "", "leisure": "sports_centre", "phone": "", "opening_hours": "", "website": "", "housenumber": "", "street": ""}, "geometry": {"type": "Point", "coordinates": [60.736835075, 56.0925194]}}, {"type": "Feature", "properties": {"id": 59494524, "name": "Детский сад", "amenity": "kindergarten", "shop": "", "office": "", "healthcare": "", "craft": "", "tourism": "", "leisure": "", "phone": "", "opening_hours": "", "website": "", "housenumber": "6", "street": "Зелёная улица"}, "geometry": {"type": "Point", "coordinates": [60.76623715, 56.067363175]}}, {"type": "Feature", "properties": {"id": 59494528, "name": "МУ Комплексный центр социального обслуживания населения", "amenity": "public_building", "shop": "", "office": "", "healthcare": "", "craft": "", "tourism": "", "leisure": "", "phone": "", "opening_hours": "", "website": "", "housenumber": "7", "street": "Сосновая улица"}, "geometry": {"type": "Point", "coordinates": [60.773983275, 56.067075700000004]}}, {"type": "Feature", "properties": {"id": 78069948, "name": "Роспечать", "amenity": "", "shop": "newsagent", "office": "", "healthcare": "", "craft": "", "tourism": "", "leisure": "", "phone": "", "opening_hours": "", "website": "", "housenumber": "", "street": ""}, "geometry": {"type": "Point", "coordinates": [60.7316365, 56.087498075]}}, {"type": "Feature", "properties": {"id": 78069949, "name": "Роспечать", "amenity": "", "shop": "newsagent", "office": "", "healthcare": "", "craft": "", "tourism": "", "leisure": "", "phone": "", "opening_hours": "", "website": "", "housenumber": "", "street": ""}, "geometry": {"type": "Point", "coordinates": [60.72665295, 56.085903]}}, {"type": "Feature", "properties": {"id": 79640829, "name": "Детский сад №8 Малыш", "amenity": "kindergarten", "shop": "", "office": "", "healthcare": "", "craft": "", "tourism": "", "leisure": "", "phone": "", "opening_hours": "", "website": "", "housenumber": "", "street": ""}, "geometry": {"type": "Point", "coordinates": [60.736149780000005, 56.085845219999996]}}, {"type": "Feature", "properties": {"id": 79640855, "name": "Роспечать", "amenity": "", "shop": "kiosk", "office": "", "healthcare": "", "craft": "", "tourism": "", "leisure": "", "phone": "", "opening_hours": "", "website": "", "housenumber": "", "street": ""}, "geometry": {"type": "Point", "coordinates": [60.737177724999995, 56.0875125]}}, {"type": "Feature", "properties": {"id": 79640873, "name": "Детский сад №5", "amenity": "kindergarten", "shop": "", "office": "", "healthcare": "", "craft": "", "tourism": "", "leisure": "", "phone": "", "opening_hours": "", "website": "", "housenumber": "", "street": ""}, "geometry": {"type": "Point", "coordinates": [60.73588004285715, 56.09011995714286]}}, {"type": "Feature", "properties": {"id": 80195345, "name": "Детский сад №4 Берёзка", "amenity": "kindergarten", "shop": "", "office": "", "healthcare": "", "craft": "", "tourism": "", "leisure": "", "phone": "", "opening_hours": "", "website": "", "housenumber": "", "street": ""}, "geometry": {"type": "Point", "coordinates": [60.740770283333326, 56.08373423333333]}}, {"type": "Feature", "properties": {"id": 80195351, "name": "Фрукты. Продукты", "amenity": "", "shop": "kiosk", "office": "", "healthcare": "", "craft": "", "tourism": "", "leisure": "", "phone": "", "opening_hours": "", "website": "", "housenumber": "", "street": ""}, "geometry": {"type": "Point", "coordinates": [60.721059025, 56.08694945]}}, {"type": "Feature", "properties": {"id": 83047313, "name": "Роспечать", "amenity": "", "shop": "kiosk", "office": "", "healthcare": "", "craft": "", "tourism": "", "leisure": "", "phone": "", "opening_hours": "", "website": "", "housenumber": "", "street": ""}, "geometry": {"type": "Point", "coordinates": [60.75723565, 56.078161075000004]}}, {"type": "Feature", "properties": {"id": 83047314, "name": "", "amenity": "marketplace", "shop": "", "office": "", "healthcare": "", "craft": "", "tourism": "", "leisure": "", "phone": "", "opening_hours": "", "website": "", "housenumber": "", "street": ""}, "geometry": {"type": "Point", "coordinates": [60.7214738875, 56.082996225]}}, {"type": "Feature", "properties": {"id": 83047327, "name": "Роспечать", "amenity": "", "shop": "kiosk", "office": "", "healthcare": "", "craft": "", "tourism": "", "leisure": "", "phone": "", "opening_hours": "", "website": "", "housenumber": "", "street": ""}, "geometry": {"type": "Point", "coordinates": [60.7208474, 56.0829058]}}, {"type": "Feature", "properties": {"id": 83047328, "name": "Детский сад №31 \"Семицветик\"", "amenity": "kindergarten", "shop": "", "office": "", "healthcare": "", "craft": "", "tourism": "", "leisure": "", "phone": "", "opening_hours": "", "website": "", "housenumber": "", "street": ""}, "geometry": {"type": "Point", "coordinates": [60.761903225, 56.0805239125]}}, {"type": "Feature", "properties": {"id": 83047330, "name": "Детский сад №13 \"Родничок\"", "amenity": "kindergarten", "shop": "", "office": "", "healthcare": "", "craft": "", "tourism": "", "leisure": "", "phone": "", "opening_hours": "", "website": "", "housenumber": "", "street": ""}, "geometry": {"type": "Point", "coordinates": [60.76231003333333, 56.07942625555555]}}, {"type": "Feature", "properties": {"id": 90391441, "name": "", "amenity": "kindergarten", "shop": "", "office": "", "healthcare": "", "craft": "", "tourism": "", "leisure": "", "phone": "", "opening_hours": "", "website": "", "housenumber": "", "street": ""}, "geometry": {"type": "Point", "coordinates": [60.719386799999995, 56.089030625]}}, {"type": "Feature", "properties": {"id": 102653315, "name": "Детский сад №2", "amenity": "kindergarten", "shop": "", "office": "", "healthcare": "", "craft": "", "tourism": "", "leisure": "", "phone": "", "opening_hours": "", "website": "", "housenumber": "", "street": ""}, "geometry": {"type": "Point", "coordinates": [60.723637114285715, 56.0817748]}}, {"type": "Feature", "properties": {"id": 102653324, "name": "", "amenity": "", "shop": "butcher", "office": "", "healthcare": "", "craft": "", "tourism": "", "leisure": "", "phone": "", "opening_hours": "", "website": "", "housenumber": "", "street": ""}, "geometry": {"type": "Point", "coordinates": [60.7244059, 56.080302700000004]}}, {"type": "Feature", "properties": {"id": 102653330, "name": "Детский сад №30 Сказка", "amenity": "kindergarten", "shop": "", "office": "", "healthcare": "", "craft": "", "tourism": "", "leisure": "", "phone": "", "opening_hours": "", "website": "", "housenumber": "", "street": ""}, "geometry": {"type": "Point", "coordinates": [60.72206237142858, 56.080287399999996]}}, {"type": "Feature", "properties": {"id": 168839595, "name": "Снежинка", "amenity": "", "shop": "", "office": "", "healthcare": "", "craft": "", "tourism": "hotel", "leisure": "", "phone": "+7 (35146) 9-24-16", "opening_hours": "", "website": "https://hotelsnezhinka.ru/", "housenumber": "9", "street": "улица Свердлова"}, "geometry": {"type": "Point", "coordinates": [60.731479, 56.08614014]}}, {"type": "Feature", "properties": {"id": 175301507, "name": "Шоферская, КТП, диспетчерская", "amenity": "car_wash", "shop": "", "office": "", "healthcare": "", "craft": "", "tourism": "", "leisure": "", "phone": "", "opening_hours": "", "website": "", "housenumber": "", "street": ""}, "geometry": {"type": "Point", "coordinates": [60.733441275000004, 56.065775675]}}, {"type": "Feature", "properties": {"id": 175301540, "name": "", "amenity": "veterinary", "shop": "", "office": "", "healthcare": "", "craft": "", "tourism": "", "leisure": "", "phone": "", "opening_hours": "", "website": "", "housenumber": "1А", "street": "Южная улица"}, "geometry": {"type": "Point", "coordinates": [60.75956556666667, 56.0666989]}}, {"type": "Feature", "properties": {"id": 175301584, "name": "Парк аттракционов", "amenity": "", "shop": "", "office": "", "healthcare": "", "craft": "", "tourism": "theme_park", "leisure": "", "phone": "", "opening_hours": "Mo-Fr 16:00-20:00; Sa,Su 11:00-20:00", "website": "", "housenumber": "", "street": ""}, "geometry": {"type": "Point", "coordinates": [60.744384075, 56.085397025]}}, {"type": "Feature", "properties": {"id": 179564266, "name": "", "amenity": "hospital", "shop": "", "office": "", "healthcare": "", "craft": "", "tourism": "", "leisure": "", "phone": "", "opening_hours": "", "website": "", "housenumber": "", "street": ""}, "geometry": {"type": "Point", "coordinates": [60.7622627, 56.073163525]}}, {"type": "Feature", "properties": {"id": 179564281, "name": "", "amenity": "place_of_worship", "shop": "", "office": "", "healthcare": "", "craft": "", "tourism": "", "leisure": "", "phone": "", "opening_hours": "", "website": "", "housenumber": "", "street": ""}, "geometry": {"type": "Point", "coordinates": [60.75858745, 56.07305275]}}, {"type": "Feature", "properties": {"id": 200793845, "name": "Школа № 121", "amenity": "school", "shop": "", "office": "", "healthcare": "", "craft": "", "tourism": "", "leisure": "", "phone": "", "opening_hours": "", "website": "", "housenumber": "", "street": ""}, "geometry": {"type": "Point", "coordinates": [60.72636181428572, 56.08099338571429]}}, {"type": "Feature", "properties": {"id": 200796664, "name": "Детский сад №20", "amenity": "kindergarten", "shop": "", "office": "", "healthcare": "", "craft": "", "tourism": "", "leisure": "", "phone": "", "opening_hours": "", "website": "", "housenumber": "", "street": ""}, "geometry": {"type": "Point", "coordinates": [60.7248313, 56.09139931666667]}}, {"type": "Feature", "properties": {"id": 210456648, "name": "МДОУ №1", "amenity": "kindergarten", "shop": "", "office": "", "healthcare": "", "craft": "", "tourism": "", "leisure": "", "phone": "", "opening_hours": "", "website": "", "housenumber": "", "street": ""}, "geometry": {"type": "Point", "coordinates": [60.755924533333335, 56.073797875]}}, {"type": "Feature", "properties": {"id": 245298781, "name": "ТЦ Магнит", "amenity": "", "shop": "mall", "office": "", "healthcare": "", "craft": "", "tourism": "", "leisure": "", "phone": "", "opening_hours": "Mo-Su 08:30-23:00", "website": "", "housenumber": "34", "street": "проспект Мира"}, "geometry": {"type": "Point", "coordinates": [60.751325699999995, 56.072042025]}}, {"type": "Feature", "properties": {"id": 245421588, "name": "Рынок", "amenity": "marketplace", "shop": "", "office": "", "healthcare": "", "craft": "", "tourism": "", "leisure": "", "phone": "", "opening_hours": "", "website": "", "housenumber": "", "street": ""}, "geometry": {"type": "Point", "coordinates": [60.75643518571429, 56.078427757142855]}}, {"type": "Feature", "properties": {"id": 255018151, "name": "", "amenity": "", "shop": "mall", "office": "", "healthcare": "", "craft": "", "tourism": "", "leisure": "", "phone": "", "opening_hours": "", "website": "", "housenumber": "", "street": ""}, "geometry": {"type": "Point", "coordinates": [60.74366027, 56.08100531]}}, {"type": "Feature", "properties": {"id": 344139098, "name": "Пятёрочка", "amenity": "", "shop": "convenience", "office": "", "healthcare": "", "craft": "", "tourism": "", "leisure": "", "phone": "", "opening_hours": "PH,Mo-Su 08:00-23:00", "website": "", "housenumber": "30", "street": "улица Чуйкова"}, "geometry": {"type": "Point", "coordinates": [60.7646352, 56.075495450000005]}}, {"type": "Feature", "properties": {"id": 362456678, "name": "Автодром", "amenity": "driver_training", "shop": "", "office": "", "healthcare": "", "craft": "", "tourism": "", "leisure": "", "phone": "", "opening_hours": "", "website": "", "housenumber": "", "street": ""}, "geometry": {"type": "Point", "coordinates": [60.76981846153846, 56.04973848461539]}}, {"type": "Feature", "properties": {"id": 618613900, "name": "Детский сад №24", "amenity": "kindergarten", "shop": "", "office": "", "healthcare": "", "craft": "", "tourism": "", "leisure": "", "phone": "", "opening_hours": "", "website": "", "housenumber": "", "street": ""}, "geometry": {"type": "Point", "coordinates": [60.730838625000004, 56.0915331]}}, {"type": "Feature", "properties": {"id": 618613902, "name": "Детский сад №14", "amenity": "kindergarten", "shop": "", "office": "", "healthcare": "", "craft": "", "tourism": "", "leisure": "", "phone": "", "opening_hours": "", "website": "", "housenumber": "", "street": ""}, "geometry": {"type": "Point", "coordinates": [60.73100661666666, 56.090904249999994]}}, {"type": "Feature", "properties": {"id": 618613904, "name": "Детский сад №23", "amenity": "kindergarten", "shop": "", "office": "", "healthcare": "", "craft": "", "tourism": "", "leisure": "", "phone": "", "opening_hours": "", "website": "", "housenumber": "", "street": ""}, "geometry": {"type": "Point", "coordinates": [60.7306442, 56.0903001]}}, {"type": "Feature", "properties": {"id": 661135068, "name": "", "amenity": "", "shop": "", "office": "", "healthcare": "", "craft": "", "tourism": "museum", "leisure": "", "phone": "", "opening_hours": "", "website": "", "housenumber": "", "street": ""}, "geometry": {"type": "Point", "coordinates": [60.7230891125, 56.058701525]}}, {"type": "Feature", "properties": {"id": 685596056, "name": "Лодки на прокат", "amenity": "boat_rental", "shop": "", "office": "", "healthcare": "", "craft": "", "tourism": "", "leisure": "", "phone": "", "opening_hours": "PH,Mo-Su 11:00-21:00", "website": "", "housenumber": "", "street": ""}, "geometry": {"type": "Point", "coordinates": [60.746823375, 56.0846292]}}, {"type": "Feature", "properties": {"id": 794558374, "name": "Драйв-парк", "amenity": "", "shop": "", "office": "", "healthcare": "", "craft": "", "tourism": "theme_park", "leisure": "", "phone": "+7 922 7498418", "opening_hours": "Fr 15:00-19:00; Sa-Su 11:00-19:00", "website": "", "housenumber": "", "street": ""}, "geometry": {"type": "Point", "coordinates": [60.71615509166667, 56.070509933333334]}}, {"type": "Feature", "properties": {"id": 1069131958, "name": "Детский сад №12 \"Звёздочка\"", "amenity": "kindergarten", "shop": "", "office": "", "healthcare": "", "craft": "", "tourism": "", "leisure": "", "phone": "", "opening_hours": "", "website": "", "housenumber": "", "street": ""}, "geometry": {"type": "Point", "coordinates": [60.7735214, 56.07143515]}}, {"type": "Feature", "properties": {"id": 1172796214, "name": "Церковь Сергия Радонежского", "amenity": "place_of_worship", "shop": "", "office": "", "healthcare": "", "craft": "", "tourism": "", "leisure": "", "phone": "", "opening_hours": "", "website": "", "housenumber": "", "street": ""}, "geometry": {"type": "Point", "coordinates": [60.73858215, 56.0799597]}}, {"type": "Feature", "properties": {"id": 1353326169, "name": "", "amenity": "kindergarten", "shop": "", "office": "", "healthcare": "", "craft": "", "tourism": "", "leisure": "", "phone": "", "opening_hours": "", "website": "", "housenumber": "", "street": ""}, "geometry": {"type": "Point", "coordinates": [60.734526159999994, 56.0880016]}}, {"type": "Feature", "properties": {"id": 1353326170, "name": "", "amenity": "college", "shop": "", "office": "", "healthcare": "", "craft": "", "tourism": "", "leisure": "", "phone": "", "opening_hours": "", "website": "", "housenumber": "", "street": ""}, "geometry": {"type": "Point", "coordinates": [60.73456925, 56.0886775]}}, {"type": "Feature", "properties": {"id": 616668986, "name": "Автовокзал", "amenity": "bus_station", "shop": "", "office": "", "healthcare": "", "craft": "", "tourism": "", "leisure": "", "phone": "", "opening_hours": "", "website": "", "housenumber": "", "street": ""}, "geometry": {"type": "Point", "coordinates": [60.7428548, 56.0818746]}}, {"type": "Feature", "properties": {"id": 616671073, "name": "Универмаг", "amenity": "", "shop": "department_store", "office": "", "healthcare": "", "craft": "", "tourism": "", "leisure": "", "phone": "", "opening_hours": "", "website": "", "housenumber": "", "street": ""}, "geometry": {"type": "Point", "coordinates": [60.7313473, 56.0872168]}}, {"type": "Feature", "properties": {"id": 616672244, "name": "Луч", "amenity": "", "shop": "convenience", "office": "", "healthcare": "", "craft": "", "tourism": "", "leisure": "", "phone": "", "opening_hours": "", "website": "", "housenumber": "", "street": ""}, "geometry": {"type": "Point", "coordinates": [60.7317575, 56.0876698]}}, {"type": "Feature", "properties": {"id": 616681412, "name": "Автомойка", "amenity": "car_wash", "shop": "", "office": "", "healthcare": "", "craft": "", "tourism": "", "leisure": "", "phone": "", "opening_hours": "", "website": "", "housenumber": "", "street": ""}, "geometry": {"type": "Point", "coordinates": [60.7393112, 56.0732211]}}, {"type": "Feature", "properties": {"id": 616681413, "name": "Автодом", "amenity": "", "shop": "car_repair", "office": "", "healthcare": "", "craft": "", "tourism": "", "leisure": "", "phone": "", "opening_hours": "", "website": "", "housenumber": "", "street": ""}, "geometry": {"type": "Point", "coordinates": [60.7389818, 56.0731086]}}, {"type": "Feature", "properties": {"id": 616826995, "name": "Валера", "amenity": "", "shop": "clothes", "office": "", "healthcare": "", "craft": "", "tourism": "", "leisure": "", "phone": "", "opening_hours": "", "website": "", "housenumber": "", "street": ""}, "geometry": {"type": "Point", "coordinates": [60.7691807, 56.0675551]}}, {"type": "Feature", "properties": {"id": 617029695, "name": "Лукойл", "amenity": "fuel", "shop": "", "office": "", "healthcare": "", "craft": "", "tourism": "", "leisure": "", "phone": "+7 800 1000911", "opening_hours": "24/7", "website": "https://lukoil.ru/", "housenumber": "", "street": ""}, "geometry": {"type": "Point", "coordinates": [60.7343042, 56.0617637]}}, {"type": "Feature", "properties": {"id": 617029705, "name": "Автодром", "amenity": "driving_school", "shop": "", "office": "", "healthcare": "", "craft": "", "tourism": "", "leisure": "", "phone": "", "opening_hours": "", "website": "", "housenumber": "", "street": ""}, "geometry": {"type": "Point", "coordinates": [60.7598609, 56.0678427]}}, {"type": "Feature", "properties": {"id": 617127864, "name": "Газпромнефть", "amenity": "fuel", "shop": "", "office": "", "healthcare": "", "craft": "", "tourism": "", "leisure": "", "phone": "+7 800 7005151", "opening_hours": "24/7", "website": "https://gpnbonus.ru/", "housenumber": "", "street": ""}, "geometry": {"type": "Point", "coordinates": [60.7577333, 56.0637145]}}, {"type": "Feature", "properties": {"id": 617276472, "name": "Детский мир", "amenity": "", "shop": "toys", "office": "", "healthcare": "", "craft": "", "tourism": "", "leisure": "", "phone": "", "opening_hours": "Mo-Fr 10:00-19:00; Sa 10:00-15:00", "website": "", "housenumber": "", "street": ""}, "geometry": {"type": "Point", "coordinates": [60.7264845, 56.0851278]}}, {"type": "Feature", "properties": {"id": 617276474, "name": "Солнечный", "amenity": "", "shop": "convenience", "office": "", "healthcare": "", "craft": "", "tourism": "", "leisure": "", "phone": "", "opening_hours": "", "website": "", "housenumber": "", "street": ""}, "geometry": {"type": "Point", "coordinates": [60.7262306, 56.0850176]}}, {"type": "Feature", "properties": {"id": 617296846, "name": "Общежитие Буревестник", "amenity": "", "shop": "", "office": "", "healthcare": "", "craft": "", "tourism": "guest_house", "leisure": "", "phone": "", "opening_hours": "", "website": "", "housenumber": "", "street": ""}, "geometry": {"type": "Point", "coordinates": [60.721266, 56.0917193]}}, {"type": "Feature", "properties": {"id": 617296847, "name": "Профилакторий", "amenity": "doctors", "shop": "", "office": "", "healthcare": "", "craft": "", "tourism": "", "leisure": "", "phone": "", "opening_hours": "", "website": "", "housenumber": "", "street": ""}, "geometry": {"type": "Point", "coordinates": [60.7194815, 56.0921984]}}, {"type": "Feature", "properties": {"id": 617296849, "name": "Теремок", "amenity": "", "shop": "furniture", "office": "", "healthcare": "", "craft": "", "tourism": "", "leisure": "", "phone": "", "opening_hours": "", "website": "", "housenumber": "", "street": ""}, "geometry": {"type": "Point", "coordinates": [60.7260084, 56.0862435]}}, {"type": "Feature", "properties": {"id": 617296852, "name": "Детская библиотека", "amenity": "library", "shop": "", "office": "", "healthcare": "", "craft": "", "tourism": "", "leisure": "", "phone": "", "opening_hours": "Mo-Fr 11:00-19:00; Sa off; Su 10:00-18:00", "website": "", "housenumber": "", "street": ""}, "geometry": {"type": "Point", "coordinates": [60.7277576, 56.0872023]}}, {"type": "Feature", "properties": {"id": 617296853, "name": "Челиндбанк", "amenity": "bank", "shop": "", "office": "", "healthcare": "", "craft": "", "tourism": "", "leisure": "", "phone": "", "opening_hours": "", "website": "", "housenumber": "", "street": ""}, "geometry": {"type": "Point", "coordinates": [60.7314639, 56.0856542]}}, {"type": "Feature", "properties": {"id": 617296854, "name": "456770", "amenity": "post_office", "shop": "", "office": "", "healthcare": "", "craft": "", "tourism": "", "leisure": "", "phone": "", "opening_hours": "", "website": "https://www.pochta.ru", "housenumber": "", "street": ""}, "geometry": {"type": "Point", "coordinates": [60.7309834, 56.0867053]}}, {"type": "Feature", "properties": {"id": 617973577, "name": "Школа 117", "amenity": "school", "shop": "", "office": "", "healthcare": "", "craft": "", "tourism": "", "leisure": "", "phone": "", "opening_hours": "", "website": "", "housenumber": "", "street": ""}, "geometry": {"type": "Point", "coordinates": [60.7588191, 56.0796411]}}, {"type": "Feature", "properties": {"id": 617984824, "name": "Магнит", "amenity": "", "shop": "supermarket", "office": "", "healthcare": "", "craft": "", "tourism": "", "leisure": "", "phone": "", "opening_hours": "", "website": "", "housenumber": "", "street": ""}, "geometry": {"type": "Point", "coordinates": [60.7258925, 56.0895245]}}, {"type": "Feature", "properties": {"id": 618001146, "name": "Магнит", "amenity": "", "shop": "supermarket", "office": "", "healthcare": "", "craft": "", "tourism": "", "leisure": "", "phone": "", "opening_hours": "", "website": "", "housenumber": "", "street": ""}, "geometry": {"type": "Point", "coordinates": [60.7227592, 56.0911253]}}, {"type": "Feature", "properties": {"id": 618001151, "name": "Весна", "amenity": "", "shop": "convenience", "office": "", "healthcare": "", "craft": "", "tourism": "", "leisure": "", "phone": "", "opening_hours": "", "website": "", "housenumber": "", "street": ""}, "geometry": {"type": "Point", "coordinates": [60.7276583, 56.0910277]}}, {"type": "Feature", "properties": {"id": 618001152, "name": "Монетка", "amenity": "", "shop": "supermarket", "office": "", "healthcare": "", "craft": "", "tourism": "", "leisure": "", "phone": "+7 800 1008500", "opening_hours": "", "website": "http://www.monetka.ru", "housenumber": "", "street": ""}, "geometry": {"type": "Point", "coordinates": [60.7409437, 56.0847392]}}, {"type": "Feature", "properties": {"id": 618001153, "name": "", "amenity": "bar", "shop": "", "office": "", "healthcare": "", "craft": "", "tourism": "", "leisure": "", "phone": "", "opening_hours": "", "website": "", "housenumber": "", "street": ""}, "geometry": {"type": "Point", "coordinates": [60.7363135, 56.0852468]}}, {"type": "Feature", "properties": {"id": 619354816, "name": "Зеленый пан", "amenity": "restaurant", "shop": "", "office": "", "healthcare": "", "craft": "", "tourism": "", "leisure": "", "phone": "", "opening_hours": "", "website": "", "housenumber": "", "street": ""}, "geometry": {"type": "Point", "coordinates": [60.7717652, 56.0721867]}}, {"type": "Feature", "properties": {"id": 619354820, "name": "Пойдём!", "amenity": "bank", "shop": "", "office": "", "healthcare": "", "craft": "", "tourism": "", "leisure": "", "phone": "", "opening_hours": "Mo-Su 09:00-20:00", "website": "", "housenumber": "", "street": ""}, "geometry": {"type": "Point", "coordinates": [60.7384448, 56.0851602]}}, {"type": "Feature", "properties": {"id": 619354822, "name": "", "amenity": "", "shop": "sports", "office": "", "healthcare": "", "craft": "", "tourism": "", "leisure": "", "phone": "", "opening_hours": "Mo-Fr 10:00-19:00; Sa 10:00-15:00; Su off", "website": "", "housenumber": "", "street": ""}, "geometry": {"type": "Point", "coordinates": [60.7332791, 56.0880061]}}, {"type": "Feature", "properties": {"id": 619878484, "name": "Аптека", "amenity": "pharmacy", "shop": "", "office": "", "healthcare": "", "craft": "", "tourism": "", "leisure": "", "phone": "", "opening_hours": "", "website": "", "housenumber": "", "street": ""}, "geometry": {"type": "Point", "coordinates": [60.7308994, 56.0855347]}}, {"type": "Feature", "properties": {"id": 619878485, "name": "Общежитие Восток", "amenity": "", "shop": "", "office": "", "healthcare": "", "craft": "", "tourism": "guest_house", "leisure": "", "phone": "", "opening_hours": "", "website": "", "housenumber": "", "street": ""}, "geometry": {"type": "Point", "coordinates": [60.7311241, 56.0895702]}}, {"type": "Feature", "properties": {"id": 619878486, "name": "Ситилинк Мини", "amenity": "", "shop": "appliance", "office": "", "healthcare": "", "craft": "", "tourism": "", "leisure": "", "phone": "", "opening_hours": "", "website": "", "housenumber": "", "street": ""}, "geometry": {"type": "Point", "coordinates": [60.7376735, 56.0851993]}}, {"type": "Feature", "properties": {"id": 619878487, "name": "ПроЗрение", "amenity": "", "shop": "optician", "office": "", "healthcare": "", "craft": "", "tourism": "", "leisure": "", "phone": "", "opening_hours": "", "website": "", "housenumber": "", "street": ""}, "geometry": {"type": "Point", "coordinates": [60.7374679, 56.0852096]}}, {"type": "Feature", "properties": {"id": 619878488, "name": "Живика", "amenity": "pharmacy", "shop": "", "office": "", "healthcare": "", "craft": "", "tourism": "", "leisure": "", "phone": "", "opening_hours": "Mo-Su 08:00-21:00", "website": "", "housenumber": "", "street": ""}, "geometry": {"type": "Point", "coordinates": [60.7337231, 56.0899231]}}, {"type": "Feature", "properties": {"id": 620046928, "name": "ГИБДД", "amenity": "police", "shop": "", "office": "", "healthcare": "", "craft": "", "tourism": "", "leisure": "", "phone": "", "opening_hours": "", "website": "", "housenumber": "", "street": ""}, "geometry": {"type": "Point", "coordinates": [60.7371965, 56.0596626]}}, {"type": "Feature", "properties": {"id": 620051829, "name": "Рынок Лыковский", "amenity": "", "shop": "supermarket", "office": "", "healthcare": "", "craft": "", "tourism": "", "leisure": "", "phone": "", "opening_hours": "", "website": "", "housenumber": "", "street": ""}, "geometry": {"type": "Point", "coordinates": [60.7551096, 56.078466]}}, {"type": "Feature", "properties": {"id": 620051830, "name": "Меркурий", "amenity": "", "shop": "supermarket", "office": "", "healthcare": "", "craft": "", "tourism": "", "leisure": "", "phone": "", "opening_hours": "", "website": "", "housenumber": "", "street": ""}, "geometry": {"type": "Point", "coordinates": [60.7567728, 56.0783735]}}, {"type": "Feature", "properties": {"id": 625147839, "name": "Пятёрочка", "amenity": "", "shop": "supermarket", "office": "", "healthcare": "", "craft": "", "tourism": "", "leisure": "", "phone": "+7 800 5555505", "opening_hours": "", "website": "https://5ka.ru", "housenumber": "", "street": ""}, "geometry": {"type": "Point", "coordinates": [60.746675, 56.0748739]}}, {"type": "Feature", "properties": {"id": 625884846, "name": "Причал", "amenity": "", "shop": "convenience", "office": "", "healthcare": "", "craft": "", "tourism": "", "leisure": "", "phone": "", "opening_hours": "", "website": "", "housenumber": "", "street": ""}, "geometry": {"type": "Point", "coordinates": [60.7211558, 56.0879486]}}, {"type": "Feature", "properties": {"id": 625884852, "name": "Владимир", "amenity": "", "shop": "convenience", "office": "", "healthcare": "", "craft": "", "tourism": "", "leisure": "", "phone": "", "opening_hours": "", "website": "", "housenumber": "", "street": ""}, "geometry": {"type": "Point", "coordinates": [60.7205258, 56.0894222]}}, {"type": "Feature", "properties": {"id": 625884950, "name": "Сбербанк", "amenity": "bank", "shop": "", "office": "", "healthcare": "", "craft": "", "tourism": "", "leisure": "", "phone": "", "opening_hours": "", "website": "https://www.sberbank.ru/", "housenumber": "", "street": ""}, "geometry": {"type": "Point", "coordinates": [60.7396148, 56.080045]}}, {"type": "Feature", "properties": {"id": 625884952, "name": "Налоговая инспекция", "amenity": "", "shop": "", "office": "government", "healthcare": "", "craft": "", "tourism": "", "leisure": "", "phone": "", "opening_hours": "", "website": "", "housenumber": "", "street": ""}, "geometry": {"type": "Point", "coordinates": [60.7401138, 56.0800598]}}, {"type": "Feature", "properties": {"id": 631427810, "name": "Классика", "amenity": "pharmacy", "shop": "", "office": "", "healthcare": "", "craft": "", "tourism": "", "leisure": "", "phone": "", "opening_hours": "Mo-Su 08:00-21:00", "website": "", "housenumber": "", "street": ""}, "geometry": {"type": "Point", "coordinates": [60.7376656, 56.0875402]}}, {"type": "Feature", "properties": {"id": 631427811, "name": "Радужный", "amenity": "", "shop": "clothes", "office": "", "healthcare": "", "craft": "", "tourism": "", "leisure": "", "phone": "", "opening_hours": "", "website": "", "housenumber": "", "street": ""}, "geometry": {"type": "Point", "coordinates": [60.737858, 56.0873401]}}, {"type": "Feature", "properties": {"id": 631427812, "name": "Снежинский", "amenity": "bank", "shop": "", "office": "", "healthcare": "", "craft": "", "tourism": "", "leisure": "", "phone": "", "opening_hours": "", "website": "", "housenumber": "", "street": ""}, "geometry": {"type": "Point", "coordinates": [60.7364247, 56.088191]}}, {"type": "Feature", "properties": {"id": 631427813, "name": "Сбербанк", "amenity": "bank", "shop": "", "office": "", "healthcare": "", "craft": "", "tourism": "", "leisure": "", "phone": "", "opening_hours": "", "website": "https://www.sberbank.ru/", "housenumber": "", "street": ""}, "geometry": {"type": "Point", "coordinates": [60.7361018, 56.088413]}}, {"type": "Feature", "properties": {"id": 631427814, "name": "Ёлочка", "amenity": "", "shop": "convenience", "office": "", "healthcare": "", "craft": "", "tourism": "", "leisure": "", "phone": "", "opening_hours": "", "website": "", "housenumber": "", "street": ""}, "geometry": {"type": "Point", "coordinates": [60.7375081, 56.0883818]}}, {"type": "Feature", "properties": {"id": 631427815, "name": "Час Пик", "amenity": "", "shop": "clothes", "office": "", "healthcare": "", "craft": "", "tourism": "", "leisure": "", "phone": "", "opening_hours": "Mo-Fr 10:00-19:00; Sa 10:00-15:00; Su off", "website": "", "housenumber": "", "street": ""}, "geometry": {"type": "Point", "coordinates": [60.7369696, 56.0882434]}}, {"type": "Feature", "properties": {"id": 631427816, "name": "Буквоед", "amenity": "", "shop": "books", "office": "", "healthcare": "", "craft": "", "tourism": "", "leisure": "", "phone": "", "opening_hours": "", "website": "", "housenumber": "", "street": ""}, "geometry": {"type": "Point", "coordinates": [60.7383833, 56.0868296]}}, {"type": "Feature", "properties": {"id": 631427817, "name": "Этюд", "amenity": "", "shop": "hairdresser", "office": "", "healthcare": "", "craft": "", "tourism": "", "leisure": "", "phone": "", "opening_hours": "", "website": "", "housenumber": "", "street": ""}, "geometry": {"type": "Point", "coordinates": [60.738678, 56.0872249]}}, {"type": "Feature", "properties": {"id": 631427818, "name": "ВСК Страховой дом", "amenity": "", "shop": "", "office": "insurance", "healthcare": "", "craft": "", "tourism": "", "leisure": "", "phone": "", "opening_hours": "", "website": "", "housenumber": "", "street": ""}, "geometry": {"type": "Point", "coordinates": [60.7389357, 56.0869793]}}, {"type": "Feature", "properties": {"id": 631450392, "name": "СТС", "amenity": "", "shop": "computer", "office": "", "healthcare": "", "craft": "", "tourism": "", "leisure": "", "phone": "", "opening_hours": "", "website": "", "housenumber": "", "street": ""}, "geometry": {"type": "Point", "coordinates": [60.7328454, 56.0846222]}}, {"type": "Feature", "properties": {"id": 631450394, "name": "Комфорт", "amenity": "", "shop": "electronics", "office": "", "healthcare": "", "craft": "", "tourism": "", "leisure": "", "phone": "", "opening_hours": "", "website": "", "housenumber": "", "street": ""}, "geometry": {"type": "Point", "coordinates": [60.7354692, 56.0849513]}}, {"type": "Feature", "properties": {"id": 631450411, "name": "Медея", "amenity": "dentist", "shop": "", "office": "", "healthcare": "", "craft": "", "tourism": "", "leisure": "", "phone": "", "opening_hours": "Mo-Fr 09:00-20:00; Sa,Su off", "website": "", "housenumber": "", "street": ""}, "geometry": {"type": "Point", "coordinates": [60.7352635, 56.0876881]}}, {"type": "Feature", "properties": {"id": 631450433, "name": "Универсал", "amenity": "", "shop": "doityourself", "office": "", "healthcare": "", "craft": "", "tourism": "", "leisure": "", "phone": "", "opening_hours": "", "website": "", "housenumber": "", "street": ""}, "geometry": {"type": "Point", "coordinates": [60.7390778, 56.0875694]}}, {"type": "Feature", "properties": {"id": 631450434, "name": "Ларец", "amenity": "", "shop": "stationery", "office": "", "healthcare": "", "craft": "", "tourism": "", "leisure": "", "phone": "", "opening_hours": "", "website": "", "housenumber": "", "street": ""}, "geometry": {"type": "Point", "coordinates": [60.7392292, 56.0876624]}}, {"type": "Feature", "properties": {"id": 631450437, "name": "Баланс", "amenity": "", "shop": "", "office": "company", "healthcare": "", "craft": "", "tourism": "", "leisure": "", "phone": "", "opening_hours": "", "website": "", "housenumber": "", "street": ""}, "geometry": {"type": "Point", "coordinates": [60.7395404, 56.087094]}}, {"type": "Feature", "properties": {"id": 631450443, "name": "Пять Болгарок", "amenity": "", "shop": "doityourself", "office": "", "healthcare": "", "craft": "", "tourism": "", "leisure": "", "phone": "", "opening_hours": "", "website": "", "housenumber": "", "street": ""}, "geometry": {"type": "Point", "coordinates": [60.741069, 56.0876785]}}, {"type": "Feature", "properties": {"id": 631454323, "name": "Уралочка", "amenity": "", "shop": "hairdresser", "office": "", "healthcare": "", "craft": "", "tourism": "", "leisure": "", "phone": "", "opening_hours": "", "website": "", "housenumber": "", "street": ""}, "geometry": {"type": "Point", "coordinates": [60.7351064, 56.0898463]}}, {"type": "Feature", "properties": {"id": 631533480, "name": "Экипаж", "amenity": "", "shop": "car", "office": "", "healthcare": "", "craft": "", "tourism": "", "leisure": "", "phone": "", "opening_hours": "", "website": "", "housenumber": "", "street": ""}, "geometry": {"type": "Point", "coordinates": [60.7439314, 56.0816969]}}, {"type": "Feature", "properties": {"id": 631533496, "name": "Мастер", "amenity": "", "shop": "doityourself", "office": "", "healthcare": "", "craft": "", "tourism": "", "leisure": "", "phone": "", "opening_hours": "", "website": "", "housenumber": "", "street": ""}, "geometry": {"type": "Point", "coordinates": [60.7439705, 56.0819604]}}, {"type": "Feature", "properties": {"id": 631570729, "name": "Норд", "amenity": "", "shop": "electronics", "office": "", "healthcare": "", "craft": "", "tourism": "", "leisure": "", "phone": "", "opening_hours": "", "website": "", "housenumber": "", "street": ""}, "geometry": {"type": "Point", "coordinates": [60.7441026, 56.0787426]}}, {"type": "Feature", "properties": {"id": 631570733, "name": "Монетка", "amenity": "", "shop": "convenience", "office": "", "healthcare": "", "craft": "", "tourism": "", "leisure": "", "phone": "+7 800 1008500", "opening_hours": "", "website": "http://www.monetka.ru", "housenumber": "", "street": ""}, "geometry": {"type": "Point", "coordinates": [60.7493685, 56.0777736]}}, {"type": "Feature", "properties": {"id": 631754592, "name": "Аврора", "amenity": "", "shop": "convenience", "office": "", "healthcare": "", "craft": "", "tourism": "", "leisure": "", "phone": "", "opening_hours": "", "website": "", "housenumber": "", "street": ""}, "geometry": {"type": "Point", "coordinates": [60.745185, 56.0792983]}}, {"type": "Feature", "properties": {"id": 631801245, "name": "Мозайка", "amenity": "", "shop": "convenience", "office": "", "healthcare": "", "craft": "", "tourism": "", "leisure": "", "phone": "", "opening_hours": "PH,Mo-Su 09:00-22:00", "website": "", "housenumber": "", "street": ""}, "geometry": {"type": "Point", "coordinates": [60.7632227, 56.0815159]}}, {"type": "Feature", "properties": {"id": 631819940, "name": "Автомойка", "amenity": "car_wash", "shop": "", "office": "", "healthcare": "", "craft": "", "tourism": "", "leisure": "", "phone": "", "opening_hours": "", "website": "", "housenumber": "", "street": ""}, "geometry": {"type": "Point", "coordinates": [60.7400119, 56.0657847]}}, {"type": "Feature", "properties": {"id": 631819966, "name": "Автомаркет", "amenity": "", "shop": "car_repair", "office": "", "healthcare": "", "craft": "", "tourism": "", "leisure": "", "phone": "", "opening_hours": "", "website": "", "housenumber": "", "street": ""}, "geometry": {"type": "Point", "coordinates": [60.7386796, 56.0680743]}}, {"type": "Feature", "properties": {"id": 631819975, "name": "Магнит", "amenity": "", "shop": "convenience", "office": "", "healthcare": "", "craft": "", "tourism": "", "leisure": "", "phone": "", "opening_hours": "", "website": "", "housenumber": "", "street": ""}, "geometry": {"type": "Point", "coordinates": [60.7312646, 56.0873714]}}, {"type": "Feature", "properties": {"id": 631828026, "name": "Мозаика", "amenity": "", "shop": "convenience", "office": "", "healthcare": "", "craft": "", "tourism": "", "leisure": "", "phone": "", "opening_hours": "", "website": "", "housenumber": "", "street": ""}, "geometry": {"type": "Point", "coordinates": [60.7245686, 56.0800065]}}, {"type": "Feature", "properties": {"id": 631828029, "name": "Виктор", "amenity": "", "shop": "car", "office": "", "healthcare": "", "craft": "", "tourism": "", "leisure": "", "phone": "", "opening_hours": "", "website": "", "housenumber": "", "street": ""}, "geometry": {"type": "Point", "coordinates": [60.7435673, 56.0814745]}}, {"type": "Feature", "properties": {"id": 634169387, "name": "Мозаика", "amenity": "", "shop": "convenience", "office": "", "healthcare": "", "craft": "", "tourism": "", "leisure": "", "phone": "", "opening_hours": "", "website": "", "housenumber": "", "street": ""}, "geometry": {"type": "Point", "coordinates": [60.7526707, 56.0736884]}}, {"type": "Feature", "properties": {"id": 634169390, "name": "У дома", "amenity": "", "shop": "convenience", "office": "", "healthcare": "", "craft": "", "tourism": "", "leisure": "", "phone": "", "opening_hours": "", "website": "", "housenumber": "", "street": ""}, "geometry": {"type": "Point", "coordinates": [60.7574717, 56.0743269]}}, {"type": "Feature", "properties": {"id": 634169404, "name": "Последний подарок", "amenity": "", "shop": "funeral_directors", "office": "", "healthcare": "", "craft": "", "tourism": "", "leisure": "", "phone": "", "opening_hours": "", "website": "", "housenumber": "", "street": ""}, "geometry": {"type": "Point", "coordinates": [60.7259518, 56.0887501]}}, {"type": "Feature", "properties": {"id": 634169409, "name": "ОАО РЭП", "amenity": "", "shop": "", "office": "company", "healthcare": "", "craft": "", "tourism": "", "leisure": "", "phone": "", "opening_hours": "", "website": "", "housenumber": "", "street": ""}, "geometry": {"type": "Point", "coordinates": [60.7266323, 56.0888809]}}, {"type": "Feature", "properties": {"id": 634169410, "name": "", "amenity": "", "shop": "tailor", "office": "", "healthcare": "", "craft": "", "tourism": "", "leisure": "", "phone": "", "opening_hours": "", "website": "", "housenumber": "", "street": ""}, "geometry": {"type": "Point", "coordinates": [60.7258241, 56.08888]}}, {"type": "Feature", "properties": {"id": 634169423, "name": "Ozon", "amenity": "", "shop": "outpost", "office": "", "healthcare": "", "craft": "", "tourism": "", "leisure": "", "phone": "+7 495 2321000", "opening_hours": "Mo-Su 09:00-21:00", "website": "https://www.ozon.ru/", "housenumber": "", "street": ""}, "geometry": {"type": "Point", "coordinates": [60.752654, 56.0748989]}}, {"type": "Feature", "properties": {"id": 634169425, "name": "Мираж", "amenity": "", "shop": "convenience", "office": "", "healthcare": "", "craft": "", "tourism": "", "leisure": "", "phone": "", "opening_hours": "", "website": "", "housenumber": "", "street": ""}, "geometry": {"type": "Point", "coordinates": [60.7529263, 56.0773273]}}, {"type": "Feature", "properties": {"id": 634169426, "name": "", "amenity": "", "shop": "", "office": "", "healthcare": "", "craft": "", "tourism": "hostel", "leisure": "", "phone": "", "opening_hours": "", "website": "", "housenumber": "", "street": ""}, "geometry": {"type": "Point", "coordinates": [60.7343889, 56.0854]}}, {"type": "Feature", "properties": {"id": 634169427, "name": "ОАО Сервис", "amenity": "public_building", "shop": "", "office": "", "healthcare": "", "craft": "", "tourism": "", "leisure": "", "phone": "", "opening_hours": "", "website": "", "housenumber": "", "street": ""}, "geometry": {"type": "Point", "coordinates": [60.734039, 56.0854341]}}, {"type": "Feature", "properties": {"id": 634169431, "name": "Аптека №31", "amenity": "pharmacy", "shop": "", "office": "", "healthcare": "", "craft": "", "tourism": "", "leisure": "", "phone": "", "opening_hours": "24/7", "website": "", "housenumber": "", "street": ""}, "geometry": {"type": "Point", "coordinates": [60.7553969, 56.076522]}}, {"type": "Feature", "properties": {"id": 634169432, "name": "Уральский банк реконструкции и развития", "amenity": "bank", "shop": "", "office": "", "healthcare": "", "craft": "", "tourism": "", "leisure": "", "phone": "+7 800 1000200", "opening_hours": "Mo-Fr 09:00-19:00;Sa 10:00-15:00", "website": "https://snezhinsk.ubrr.ru/", "housenumber": "", "street": ""}, "geometry": {"type": "Point", "coordinates": [60.7555586, 56.0765206]}}, {"type": "Feature", "properties": {"id": 634169437, "name": "Любимец", "amenity": "", "shop": "pet", "office": "", "healthcare": "", "craft": "", "tourism": "", "leisure": "", "phone": "", "opening_hours": "", "website": "", "housenumber": "", "street": ""}, "geometry": {"type": "Point", "coordinates": [60.7551045, 56.0775423]}}, {"type": "Feature", "properties": {"id": 634169442, "name": "Обувь", "amenity": "", "shop": "shoes", "office": "", "healthcare": "", "craft": "", "tourism": "", "leisure": "", "phone": "", "opening_hours": "", "website": "", "housenumber": "", "street": ""}, "geometry": {"type": "Point", "coordinates": [60.7563489, 56.0782041]}}, {"type": "Feature", "properties": {"id": 634169443, "name": "Электро Мир", "amenity": "", "shop": "hardware", "office": "", "healthcare": "", "craft": "", "tourism": "", "leisure": "", "phone": "", "opening_hours": "", "website": "", "housenumber": "", "street": ""}, "geometry": {"type": "Point", "coordinates": [60.7560871, 56.0781914]}}, {"type": "Feature", "properties": {"id": 634169444, "name": "Банк Снежинский", "amenity": "bank", "shop": "", "office": "", "healthcare": "", "craft": "", "tourism": "", "leisure": "", "phone": "", "opening_hours": "", "website": "", "housenumber": "", "street": ""}, "geometry": {"type": "Point", "coordinates": [60.756683, 56.0786046]}}, {"type": "Feature", "properties": {"id": 634169445, "name": "Мясо-рыба", "amenity": "", "shop": "butcher", "office": "", "healthcare": "", "craft": "", "tourism": "", "leisure": "", "phone": "", "opening_hours": "", "website": "", "housenumber": "", "street": ""}, "geometry": {"type": "Point", "coordinates": [60.7585856, 56.0781609]}}, {"type": "Feature", "properties": {"id": 634169449, "name": "Лидия", "amenity": "", "shop": "convenience", "office": "", "healthcare": "", "craft": "", "tourism": "", "leisure": "", "phone": "", "opening_hours": "", "website": "", "housenumber": "", "street": ""}, "geometry": {"type": "Point", "coordinates": [60.7619589, 56.0770321]}}, {"type": "Feature", "properties": {"id": 634169454, "name": "Монетка", "amenity": "", "shop": "supermarket", "office": "", "healthcare": "", "craft": "", "tourism": "", "leisure": "", "phone": "+7 800 1008500", "opening_hours": "Mo-Su 09:00-23:00", "website": "http://www.monetka.ru", "housenumber": "", "street": "улица Забабахина"}, "geometry": {"type": "Point", "coordinates": [60.7611084, 56.0772247]}}, {"type": "Feature", "properties": {"id": 634169457, "name": "Миледи", "amenity": "", "shop": "clothes", "office": "", "healthcare": "", "craft": "", "tourism": "", "leisure": "", "phone": "", "opening_hours": "", "website": "", "housenumber": "", "street": ""}, "geometry": {"type": "Point", "coordinates": [60.7600433, 56.078125]}}, {"type": "Feature", "properties": {"id": 634169460, "name": "Барон", "amenity": "", "shop": "furniture", "office": "", "healthcare": "", "craft": "", "tourism": "", "leisure": "", "phone": "", "opening_hours": "", "website": "", "housenumber": "", "street": ""}, "geometry": {"type": "Point", "coordinates": [60.7614902, 56.0780533]}}, {"type": "Feature", "properties": {"id": 634169461, "name": "Сбербанк", "amenity": "bank", "shop": "", "office": "", "healthcare": "", "craft": "", "tourism": "", "leisure": "", "phone": "", "opening_hours": "", "website": "https://www.sberbank.ru/", "housenumber": "", "street": ""}, "geometry": {"type": "Point", "coordinates": [60.7619721, 56.078055]}}, {"type": "Feature", "properties": {"id": 634169463, "name": "Ткани", "amenity": "", "shop": "fabric", "office": "", "healthcare": "", "craft": "", "tourism": "", "leisure": "", "phone": "", "opening_hours": "", "website": "", "housenumber": "", "street": ""}, "geometry": {"type": "Point", "coordinates": [60.7619838, 56.0772853]}}, {"type": "Feature", "properties": {"id": 634169473, "name": "Белорусские продукты", "amenity": "", "shop": "butcher", "office": "", "healthcare": "", "craft": "", "tourism": "", "leisure": "", "phone": "", "opening_hours": "", "website": "", "housenumber": "", "street": ""}, "geometry": {"type": "Point", "coordinates": [60.7643421, 56.0772214]}}, {"type": "Feature", "properties": {"id": 634169475, "name": "Фасоль", "amenity": "", "shop": "convenience", "office": "", "healthcare": "", "craft": "", "tourism": "", "leisure": "", "phone": "+7 800 7001077", "opening_hours": "Mo-Fr 08:00-23:00; Sa 09:00-23:00; Su 09:00-22:00", "website": "https://myfasol.ru", "housenumber": "", "street": ""}, "geometry": {"type": "Point", "coordinates": [60.7651418, 56.0782639]}}, {"type": "Feature", "properties": {"id": 634181334, "name": "Аптека", "amenity": "pharmacy", "shop": "", "office": "", "healthcare": "", "craft": "", "tourism": "", "leisure": "", "phone": "", "opening_hours": "PH,Mo-Su 08:00-21:00", "website": "", "housenumber": "", "street": ""}, "geometry": {"type": "Point", "coordinates": [60.7389266, 56.0848365]}}, {"type": "Feature", "properties": {"id": 634181336, "name": "Пожарная часть №1", "amenity": "fire_station", "shop": "", "office": "", "healthcare": "", "craft": "", "tourism": "", "leisure": "", "phone": "", "opening_hours": "", "website": "", "housenumber": "", "street": ""}, "geometry": {"type": "Point", "coordinates": [60.7523653, 56.0790273]}}, {"type": "Feature", "properties": {"id": 647303077, "name": "Spar", "amenity": "", "shop": "supermarket", "office": "", "healthcare": "", "craft": "", "tourism": "", "leisure": "", "phone": "", "opening_hours": "", "website": "https://spar.ru", "housenumber": "", "street": ""}, "geometry": {"type": "Point", "coordinates": [60.7377241, 56.0722993]}}, {"type": "Feature", "properties": {"id": 647303080, "name": "DNS", "amenity": "", "shop": "electronics", "office": "", "healthcare": "", "craft": "", "tourism": "", "leisure": "", "phone": "+7 800 7707999", "opening_hours": "Mo-Su 10:00-21:00", "website": "https://www.dns-shop.ru", "housenumber": "", "street": ""}, "geometry": {"type": "Point", "coordinates": [60.7382544, 56.0716249]}}, {"type": "Feature", "properties": {"id": 647303082, "name": "Школа 135", "amenity": "school", "shop": "", "office": "", "healthcare": "", "craft": "", "tourism": "", "leisure": "", "phone": "", "opening_hours": "", "website": "", "housenumber": "", "street": ""}, "geometry": {"type": "Point", "coordinates": [60.749368, 56.0750657]}}, {"type": "Feature", "properties": {"id": 647906931, "name": "Флорина", "amenity": "", "shop": "florist", "office": "", "healthcare": "", "craft": "", "tourism": "", "leisure": "", "phone": "", "opening_hours": "", "website": "", "housenumber": "", "street": ""}, "geometry": {"type": "Point", "coordinates": [60.7375134, 56.0849146]}}, {"type": "Feature", "properties": {"id": 647906934, "name": "Живые цветы", "amenity": "", "shop": "florist", "office": "", "healthcare": "", "craft": "", "tourism": "", "leisure": "", "phone": "", "opening_hours": "", "website": "", "housenumber": "", "street": ""}, "geometry": {"type": "Point", "coordinates": [60.7380693, 56.0827804]}}, {"type": "Feature", "properties": {"id": 650083146, "name": "Сливки", "amenity": "cafe", "shop": "", "office": "", "healthcare": "", "craft": "", "tourism": "", "leisure": "", "phone": "", "opening_hours": "", "website": "", "housenumber": "", "street": ""}, "geometry": {"type": "Point", "coordinates": [60.7345091, 56.0848458]}}, {"type": "Feature", "properties": {"id": 650083147, "name": "Европа", "amenity": "", "shop": "shoes", "office": "", "healthcare": "", "craft": "", "tourism": "", "leisure": "", "phone": "", "opening_hours": "", "website": "", "housenumber": "", "street": ""}, "geometry": {"type": "Point", "coordinates": [60.7349555, 56.084971]}}, {"type": "Feature", "properties": {"id": 650083148, "name": "Opium", "amenity": "", "shop": "cosmetics", "office": "", "healthcare": "", "craft": "", "tourism": "", "leisure": "", "phone": "", "opening_hours": "", "website": "", "housenumber": "", "street": ""}, "geometry": {"type": "Point", "coordinates": [60.7353614, 56.084956]}}, {"type": "Feature", "properties": {"id": 650083149, "name": "", "amenity": "", "shop": "hairdresser", "office": "", "healthcare": "", "craft": "", "tourism": "", "leisure": "", "phone": "", "opening_hours": "", "website": "", "housenumber": "", "street": ""}, "geometry": {"type": "Point", "coordinates": [60.7357238, 56.0848572]}}, {"type": "Feature", "properties": {"id": 650083150, "name": "Колибри", "amenity": "", "shop": "books", "office": "", "healthcare": "", "craft": "", "tourism": "", "leisure": "", "phone": "", "opening_hours": "", "website": "", "housenumber": "", "street": ""}, "geometry": {"type": "Point", "coordinates": [60.7357226, 56.0849302]}}, {"type": "Feature", "properties": {"id": 650083152, "name": "Frog Вояж", "amenity": "", "shop": "travel_agency", "office": "", "healthcare": "", "craft": "", "tourism": "", "leisure": "", "phone": "", "opening_hours": "Mo-Fr 10:00-14:00,15:00-18:00; Su off", "website": "", "housenumber": "", "street": ""}, "geometry": {"type": "Point", "coordinates": [60.7371699, 56.0852284]}}, {"type": "Feature", "properties": {"id": 650083153, "name": "Декор", "amenity": "", "shop": "furniture", "office": "", "healthcare": "", "craft": "", "tourism": "", "leisure": "", "phone": "", "opening_hours": "Mo-Fr 10:00-14:00,15:00-19:00; Sa 10:00-15:00; Su off", "website": "", "housenumber": "", "street": ""}, "geometry": {"type": "Point", "coordinates": [60.7373313, 56.0852226]}}, {"type": "Feature", "properties": {"id": 651998446, "name": "Daniel", "amenity": "", "shop": "clothes", "office": "", "healthcare": "", "craft": "", "tourism": "", "leisure": "", "phone": "", "opening_hours": "Mo-Fr 10:00-19:00; Sa 10:00-16:00; Su off", "website": "", "housenumber": "", "street": ""}, "geometry": {"type": "Point", "coordinates": [60.7386311, 56.0828994]}}, {"type": "Feature", "properties": {"id": 651998448, "name": "Гермес", "amenity": "", "shop": "clothes", "office": "", "healthcare": "", "craft": "", "tourism": "", "leisure": "", "phone": "", "opening_hours": "Mo-Fr 10:00-19:00; Sa 10:00-15:00; Su off", "website": "", "housenumber": "", "street": ""}, "geometry": {"type": "Point", "coordinates": [60.7386546, 56.083165]}}, {"type": "Feature", "properties": {"id": 651998471, "name": "Мандарин", "amenity": "", "shop": "convenience", "office": "", "healthcare": "", "craft": "", "tourism": "", "leisure": "", "phone": "", "opening_hours": "", "website": "", "housenumber": "", "street": ""}, "geometry": {"type": "Point", "coordinates": [60.7504412, 56.0784391]}}, {"type": "Feature", "properties": {"id": 659591505, "name": "", "amenity": "atm", "shop": "", "office": "", "healthcare": "", "craft": "", "tourism": "", "leisure": "", "phone": "+7 800 5001800", "opening_hours": "", "website": "https://www.chelindbank.ru/", "housenumber": "", "street": ""}, "geometry": {"type": "Point", "coordinates": [60.7315451, 56.0858234]}}, {"type": "Feature", "properties": {"id": 659591506, "name": "", "amenity": "atm", "shop": "", "office": "", "healthcare": "", "craft": "", "tourism": "", "leisure": "", "phone": "+7 800 5555550", "opening_hours": "", "website": "https://www.sberbank.ru/", "housenumber": "", "street": ""}, "geometry": {"type": "Point", "coordinates": [60.7315467, 56.0874507]}}, {"type": "Feature", "properties": {"id": 659591507, "name": "", "amenity": "atm", "shop": "", "office": "", "healthcare": "", "craft": "", "tourism": "", "leisure": "", "phone": "+7 800 5001800", "opening_hours": "", "website": "https://www.chelindbank.ru/", "housenumber": "", "street": ""}, "geometry": {"type": "Point", "coordinates": [60.7315408, 56.0874087]}}, {"type": "Feature", "properties": {"id": 659591512, "name": "Недра", "amenity": "", "shop": "chemist", "office": "", "healthcare": "", "craft": "", "tourism": "", "leisure": "", "phone": "", "opening_hours": "", "website": "", "housenumber": "", "street": ""}, "geometry": {"type": "Point", "coordinates": [60.7340561, 56.0849867]}}, {"type": "Feature", "properties": {"id": 659591516, "name": "", "amenity": "atm", "shop": "", "office": "", "healthcare": "", "craft": "", "tourism": "", "leisure": "", "phone": "+7 800 5555550", "opening_hours": "", "website": "https://www.sberbank.ru/", "housenumber": "", "street": ""}, "geometry": {"type": "Point", "coordinates": [60.7396178, 56.0800985]}}, {"type": "Feature", "properties": {"id": 659591520, "name": "", "amenity": "", "shop": "bicycle", "office": "", "healthcare": "", "craft": "", "tourism": "", "leisure": "", "phone": "", "opening_hours": "", "website": "", "housenumber": "", "street": ""}, "geometry": {"type": "Point", "coordinates": [60.7439366, 56.0817609]}}, {"type": "Feature", "properties": {"id": 659591528, "name": "Банк Снежинский", "amenity": "bank", "shop": "", "office": "", "healthcare": "", "craft": "", "tourism": "", "leisure": "", "phone": "", "opening_hours": "", "website": "", "housenumber": "", "street": ""}, "geometry": {"type": "Point", "coordinates": [60.7350035, 56.0893137]}}, {"type": "Feature", "properties": {"id": 659591530, "name": "Лидия", "amenity": "", "shop": "convenience", "office": "", "healthcare": "", "craft": "", "tourism": "", "leisure": "", "phone": "", "opening_hours": "PH,Mo-Su 08:00-22:00", "website": "", "housenumber": "", "street": ""}, "geometry": {"type": "Point", "coordinates": [60.7335424, 56.089505]}}, {"type": "Feature", "properties": {"id": 659591535, "name": "", "amenity": "atm", "shop": "", "office": "", "healthcare": "", "craft": "", "tourism": "", "leisure": "", "phone": "+7 800 7550505", "opening_hours": "", "website": "https://www.snbank.ru/", "housenumber": "", "street": ""}, "geometry": {"type": "Point", "coordinates": [60.7555819, 56.0782389]}}, {"type": "Feature", "properties": {"id": 659591537, "name": "", "amenity": "atm", "shop": "", "office": "", "healthcare": "", "craft": "", "tourism": "", "leisure": "", "phone": "+7 800 5001800", "opening_hours": "", "website": "https://www.chelindbank.ru/", "housenumber": "", "street": ""}, "geometry": {"type": "Point", "coordinates": [60.7553581, 56.0782426]}}, {"type": "Feature", "properties": {"id": 659895751, "name": "Пенсионный фонд РФ", "amenity": "", "shop": "", "office": "government", "healthcare": "", "craft": "", "tourism": "", "leisure": "", "phone": "", "opening_hours": "", "website": "", "housenumber": "", "street": ""}, "geometry": {"type": "Point", "coordinates": [60.7353982, 56.0852892]}}, {"type": "Feature", "properties": {"id": 660473088, "name": "", "amenity": "", "shop": "butcher", "office": "", "healthcare": "", "craft": "", "tourism": "", "leisure": "", "phone": "", "opening_hours": "", "website": "", "housenumber": "", "street": ""}, "geometry": {"type": "Point", "coordinates": [60.7695784, 56.0672146]}}, {"type": "Feature", "properties": {"id": 660473099, "name": "Дружба", "amenity": "arts_centre", "shop": "", "office": "", "healthcare": "", "craft": "", "tourism": "", "leisure": "", "phone": "", "opening_hours": "", "website": "", "housenumber": "", "street": ""}, "geometry": {"type": "Point", "coordinates": [60.7716168, 56.0698805]}}, {"type": "Feature", "properties": {"id": 660473102, "name": "Бригадир", "amenity": "", "shop": "doityourself", "office": "", "healthcare": "", "craft": "", "tourism": "", "leisure": "", "phone": "", "opening_hours": "", "website": "", "housenumber": "", "street": ""}, "geometry": {"type": "Point", "coordinates": [60.772415, 56.0700705]}}, {"type": "Feature", "properties": {"id": 660473106, "name": "Пятёрочка", "amenity": "", "shop": "convenience", "office": "", "healthcare": "", "craft": "", "tourism": "", "leisure": "", "phone": "", "opening_hours": "Mo-Su 08:00-23:00", "website": "", "housenumber": "", "street": ""}, "geometry": {"type": "Point", "coordinates": [60.7709177, 56.0702829]}}, {"type": "Feature", "properties": {"id": 660473108, "name": "Строитель", "amenity": "", "shop": "doityourself", "office": "", "healthcare": "", "craft": "", "tourism": "", "leisure": "", "phone": "", "opening_hours": "", "website": "", "housenumber": "", "street": ""}, "geometry": {"type": "Point", "coordinates": [60.7709117, 56.0701792]}}, {"type": "Feature", "properties": {"id": 660473109, "name": "КДЦ \"Юбилейный\"", "amenity": "arts_centre", "shop": "", "office": "", "healthcare": "", "craft": "", "tourism": "", "leisure": "", "phone": "", "opening_hours": "", "website": "", "housenumber": "", "street": ""}, "geometry": {"type": "Point", "coordinates": [60.7265883, 56.0894676]}}, {"type": "Feature", "properties": {"id": 661031869, "name": "СТО \"База Рэп\"", "amenity": "", "shop": "car_repair", "office": "", "healthcare": "", "craft": "", "tourism": "", "leisure": "", "phone": "", "opening_hours": "", "website": "", "housenumber": "", "street": ""}, "geometry": {"type": "Point", "coordinates": [60.7344074, 56.0719322]}}, {"type": "Feature", "properties": {"id": 661031880, "name": "Мойка", "amenity": "car_wash", "shop": "", "office": "", "healthcare": "", "craft": "", "tourism": "", "leisure": "", "phone": "", "opening_hours": "", "website": "", "housenumber": "", "street": ""}, "geometry": {"type": "Point", "coordinates": [60.7347912, 56.0719661]}}, {"type": "Feature", "properties": {"id": 661031920, "name": "Мир детства", "amenity": "", "shop": "toys", "office": "", "healthcare": "", "craft": "", "tourism": "", "leisure": "", "phone": "", "opening_hours": "", "website": "", "housenumber": "", "street": ""}, "geometry": {"type": "Point", "coordinates": [60.7386493, 56.0827611]}}, {"type": "Feature", "properties": {"id": 661031921, "name": "КнигоМир", "amenity": "", "shop": "books", "office": "", "healthcare": "", "craft": "", "tourism": "", "leisure": "", "phone": "", "opening_hours": "Mo-Fr 11:00-19:00; Sa 11:00-15:00; Su off", "website": "", "housenumber": "", "street": ""}, "geometry": {"type": "Point", "coordinates": [60.7389718, 56.085146]}}, {"type": "Feature", "properties": {"id": 661031928, "name": "Аптека", "amenity": "pharmacy", "shop": "", "office": "", "healthcare": "", "craft": "", "tourism": "", "leisure": "", "phone": "", "opening_hours": "", "website": "", "housenumber": "", "street": ""}, "geometry": {"type": "Point", "coordinates": [60.7584113, 56.0781683]}}, {"type": "Feature", "properties": {"id": 661031929, "name": "Танго", "amenity": "", "shop": "clothes", "office": "", "healthcare": "", "craft": "", "tourism": "", "leisure": "", "phone": "", "opening_hours": "", "website": "", "housenumber": "", "street": ""}, "geometry": {"type": "Point", "coordinates": [60.7582281, 56.078317]}}, {"type": "Feature", "properties": {"id": 663040513, "name": "На перекрёстке", "amenity": "", "shop": "car_parts", "office": "", "healthcare": "", "craft": "", "tourism": "", "leisure": "", "phone": "", "opening_hours": "", "website": "", "housenumber": "", "street": ""}, "geometry": {"type": "Point", "coordinates": [60.7216597, 56.0854218]}}, {"type": "Feature", "properties": {"id": 663048136, "name": "Ритм", "amenity": "arts_centre", "shop": "", "office": "", "healthcare": "", "craft": "", "tourism": "", "leisure": "", "phone": "", "opening_hours": "", "website": "", "housenumber": "", "street": ""}, "geometry": {"type": "Point", "coordinates": [60.7452782, 56.082715]}}, {"type": "Feature", "properties": {"id": 663561223, "name": "Рубин", "amenity": "", "shop": "convenience", "office": "", "healthcare": "", "craft": "", "tourism": "", "leisure": "", "phone": "", "opening_hours": "", "website": "", "housenumber": "", "street": ""}, "geometry": {"type": "Point", "coordinates": [60.7387891, 56.087946]}}, {"type": "Feature", "properties": {"id": 664470363, "name": "Звёздный", "amenity": "", "shop": "convenience", "office": "", "healthcare": "", "craft": "", "tourism": "", "leisure": "", "phone": "", "opening_hours": "24/7", "website": "", "housenumber": "", "street": ""}, "geometry": {"type": "Point", "coordinates": [60.721905, 56.0828019]}}, {"type": "Feature", "properties": {"id": 664470364, "name": "Юбилейное", "amenity": "cafe", "shop": "", "office": "", "healthcare": "", "craft": "", "tourism": "", "leisure": "", "phone": "", "opening_hours": "", "website": "", "housenumber": "", "street": ""}, "geometry": {"type": "Point", "coordinates": [60.7262589, 56.0895089]}}, {"type": "Feature", "properties": {"id": 664470366, "name": "Снежик", "amenity": "", "shop": "", "office": "", "healthcare": "", "craft": "", "tourism": "attraction", "leisure": "", "phone": "", "opening_hours": "", "website": "", "housenumber": "", "street": ""}, "geometry": {"type": "Point", "coordinates": [60.7321554, 56.0875587]}}, {"type": "Feature", "properties": {"id": 664470374, "name": "Диана", "amenity": "", "shop": "hairdresser", "office": "", "healthcare": "", "craft": "", "tourism": "", "leisure": "", "phone": "", "opening_hours": "Mo-Fr 09:00-20:00; Sa 09:00-17:00; Su off", "website": "", "housenumber": "", "street": ""}, "geometry": {"type": "Point", "coordinates": [60.7379048, 56.0851995]}}, {"type": "Feature", "properties": {"id": 664470379, "name": "Страховая компания \"АСКО\"", "amenity": "", "shop": "", "office": "insurance", "healthcare": "", "craft": "", "tourism": "", "leisure": "", "phone": "", "opening_hours": "", "website": "", "housenumber": "", "street": ""}, "geometry": {"type": "Point", "coordinates": [60.7403217, 56.0850782]}}, {"type": "Feature", "properties": {"id": 664470380, "name": "Манго", "amenity": "bar", "shop": "", "office": "", "healthcare": "", "craft": "", "tourism": "", "leisure": "", "phone": "", "opening_hours": "", "website": "", "housenumber": "", "street": ""}, "geometry": {"type": "Point", "coordinates": [60.7467865, 56.0747413]}}, {"type": "Feature", "properties": {"id": 664470381, "name": "Манго", "amenity": "", "shop": "hairdresser", "office": "", "healthcare": "", "craft": "", "tourism": "", "leisure": "", "phone": "", "opening_hours": "", "website": "", "housenumber": "", "street": ""}, "geometry": {"type": "Point", "coordinates": [60.7467169, 56.0747865]}}, {"type": "Feature", "properties": {"id": 664470384, "name": "Росгосстрах", "amenity": "", "shop": "", "office": "insurance", "healthcare": "", "craft": "", "tourism": "", "leisure": "", "phone": "", "opening_hours": "", "website": "https://www.rgs.ru/", "housenumber": "", "street": ""}, "geometry": {"type": "Point", "coordinates": [60.747457, 56.0775073]}}, {"type": "Feature", "properties": {"id": 664470397, "name": "Центр занятости населения", "amenity": "", "shop": "", "office": "government", "healthcare": "", "craft": "", "tourism": "", "leisure": "", "phone": "", "opening_hours": "", "website": "", "housenumber": "", "street": ""}, "geometry": {"type": "Point", "coordinates": [60.7359553, 56.0869994]}}, {"type": "Feature", "properties": {"id": 767477779, "name": "Санитарно-технологическая пищевая лаборатория", "amenity": "", "shop": "", "office": "company", "healthcare": "", "craft": "", "tourism": "", "leisure": "", "phone": "", "opening_hours": "", "website": "", "housenumber": "", "street": ""}, "geometry": {"type": "Point", "coordinates": [60.7317789, 56.0917556]}}, {"type": "Feature", "properties": {"id": 767477984, "name": "Удачный(2эт.)", "amenity": "", "shop": "hardware", "office": "", "healthcare": "", "craft": "", "tourism": "", "leisure": "", "phone": "", "opening_hours": "", "website": "", "housenumber": "", "street": ""}, "geometry": {"type": "Point", "coordinates": [60.7321117, 56.0917978]}}, {"type": "Feature", "properties": {"id": 770075492, "name": "Диалог", "amenity": "", "shop": "", "office": "company", "healthcare": "", "craft": "", "tourism": "", "leisure": "", "phone": "", "opening_hours": "", "website": "", "housenumber": "", "street": ""}, "geometry": {"type": "Point", "coordinates": [60.7361954, 56.0896712]}}, {"type": "Feature", "properties": {"id": 770075493, "name": "Элегия", "amenity": "", "shop": "toys", "office": "", "healthcare": "", "craft": "", "tourism": "", "leisure": "", "phone": "", "opening_hours": "", "website": "", "housenumber": "", "street": ""}, "geometry": {"type": "Point", "coordinates": [60.7361506, 56.0897267]}}, {"type": "Feature", "properties": {"id": 770075494, "name": "Престиж", "amenity": "", "shop": "", "office": "estate_agent", "healthcare": "", "craft": "", "tourism": "", "leisure": "", "phone": "", "opening_hours": "", "website": "", "housenumber": "", "street": ""}, "geometry": {"type": "Point", "coordinates": [60.7358653, 56.089452]}}, {"type": "Feature", "properties": {"id": 896524646, "name": "Ткани", "amenity": "", "shop": "fabric", "office": "", "healthcare": "", "craft": "", "tourism": "", "leisure": "", "phone": "", "opening_hours": "", "website": "", "housenumber": "", "street": ""}, "geometry": {"type": "Point", "coordinates": [60.7334583, 56.0853615]}}, {"type": "Feature", "properties": {"id": 900658179, "name": "Светлана", "amenity": "", "shop": "furniture", "office": "", "healthcare": "", "craft": "", "tourism": "", "leisure": "", "phone": "", "opening_hours": "", "website": "", "housenumber": "", "street": ""}, "geometry": {"type": "Point", "coordinates": [60.7420412, 56.0861962]}}, {"type": "Feature", "properties": {"id": 900658200, "name": "РЭК \"Жилой дом\"", "amenity": "", "shop": "", "office": "company", "healthcare": "", "craft": "", "tourism": "", "leisure": "", "phone": "", "opening_hours": "", "website": "", "housenumber": "", "street": ""}, "geometry": {"type": "Point", "coordinates": [60.7342702, 56.0908372]}}, {"type": "Feature", "properties": {"id": 904458888, "name": "Красное&Белое", "amenity": "", "shop": "alcohol", "office": "", "healthcare": "", "craft": "", "tourism": "", "leisure": "", "phone": "", "opening_hours": "", "website": "https://krasnoeibeloe.ru", "housenumber": "", "street": ""}, "geometry": {"type": "Point", "coordinates": [60.7483964, 56.0820332]}}, {"type": "Feature", "properties": {"id": 904458915, "name": "Автоцентр \"Alan\"", "amenity": "", "shop": "car", "office": "", "healthcare": "", "craft": "", "tourism": "", "leisure": "", "phone": "", "opening_hours": "", "website": "", "housenumber": "", "street": ""}, "geometry": {"type": "Point", "coordinates": [60.7348072, 56.0634242]}}, {"type": "Feature", "properties": {"id": 904458922, "name": "Пункт технического осмотра", "amenity": "", "shop": "car_repair", "office": "", "healthcare": "", "craft": "", "tourism": "", "leisure": "", "phone": "", "opening_hours": "", "website": "", "housenumber": "", "street": ""}, "geometry": {"type": "Point", "coordinates": [60.7348156, 56.0631816]}}, {"type": "Feature", "properties": {"id": 904458980, "name": "МУ Снежинская городская информационная служба", "amenity": "public_building", "shop": "", "office": "", "healthcare": "", "craft": "", "tourism": "", "leisure": "", "phone": "", "opening_hours": "", "website": "", "housenumber": "", "street": ""}, "geometry": {"type": "Point", "coordinates": [60.7309324, 56.0863482]}}, {"type": "Feature", "properties": {"id": 904459072, "name": "", "amenity": "atm", "shop": "", "office": "", "healthcare": "", "craft": "", "tourism": "", "leisure": "", "phone": "+7 800 7550505", "opening_hours": "", "website": "https://www.snbank.ru/", "housenumber": "", "street": ""}, "geometry": {"type": "Point", "coordinates": [60.7224028, 56.0827998]}}, {"type": "Feature", "properties": {"id": 904459138, "name": "Пожарная часть №2", "amenity": "fire_station", "shop": "", "office": "", "healthcare": "", "craft": "", "tourism": "", "leisure": "", "phone": "", "opening_hours": "", "website": "", "housenumber": "", "street": ""}, "geometry": {"type": "Point", "coordinates": [60.7354445, 56.0643471]}}, {"type": "Feature", "properties": {"id": 904459146, "name": "", "amenity": "cafe", "shop": "", "office": "", "healthcare": "", "craft": "", "tourism": "", "leisure": "", "phone": "", "opening_hours": "", "website": "", "housenumber": "", "street": ""}, "geometry": {"type": "Point", "coordinates": [60.7347148, 56.0627292]}}, {"type": "Feature", "properties": {"id": 904459182, "name": "Автомойка", "amenity": "car_wash", "shop": "", "office": "", "healthcare": "", "craft": "", "tourism": "", "leisure": "", "phone": "", "opening_hours": "", "website": "", "housenumber": "", "street": ""}, "geometry": {"type": "Point", "coordinates": [60.7346867, 56.0626293]}}, {"type": "Feature", "properties": {"id": 904459231, "name": "Шиномонтаж", "amenity": "", "shop": "car_repair", "office": "", "healthcare": "", "craft": "", "tourism": "", "leisure": "", "phone": "", "opening_hours": "", "website": "", "housenumber": "", "street": ""}, "geometry": {"type": "Point", "coordinates": [60.7347941, 56.0630784]}}, {"type": "Feature", "properties": {"id": 904459311, "name": "", "amenity": "", "shop": "tyres", "office": "", "healthcare": "", "craft": "", "tourism": "", "leisure": "", "phone": "", "opening_hours": "", "website": "", "housenumber": "", "street": ""}, "geometry": {"type": "Point", "coordinates": [60.7434822, 56.0744149]}}, {"type": "Feature", "properties": {"id": 904469165, "name": "", "amenity": "atm", "shop": "", "office": "", "healthcare": "", "craft": "", "tourism": "", "leisure": "", "phone": "+7 800 5555550", "opening_hours": "", "website": "https://www.sberbank.ru/", "housenumber": "", "street": ""}, "geometry": {"type": "Point", "coordinates": [60.7266863, 56.0852265]}}, {"type": "Feature", "properties": {"id": 904469166, "name": "Хлеб-соль", "amenity": "", "shop": "bakery", "office": "", "healthcare": "", "craft": "", "tourism": "", "leisure": "", "phone": "", "opening_hours": "", "website": "", "housenumber": "", "street": ""}, "geometry": {"type": "Point", "coordinates": [60.7368341, 56.0660518]}}, {"type": "Feature", "properties": {"id": 904975123, "name": "Отдел кадров МСЧ-15", "amenity": "public_building", "shop": "", "office": "", "healthcare": "", "craft": "", "tourism": "", "leisure": "", "phone": "", "opening_hours": "", "website": "", "housenumber": "", "street": ""}, "geometry": {"type": "Point", "coordinates": [60.7307712, 56.0821045]}}, {"type": "Feature", "properties": {"id": 904975130, "name": "Приёмное отделение", "amenity": "hospital", "shop": "", "office": "", "healthcare": "", "craft": "", "tourism": "", "leisure": "", "phone": "", "opening_hours": "", "website": "", "housenumber": "", "street": ""}, "geometry": {"type": "Point", "coordinates": [60.7315549, 56.0821825]}}, {"type": "Feature", "properties": {"id": 904975141, "name": "Педиатрическое отделение", "amenity": "hospital", "shop": "", "office": "", "healthcare": "", "craft": "", "tourism": "", "leisure": "", "phone": "", "opening_hours": "", "website": "", "housenumber": "", "street": ""}, "geometry": {"type": "Point", "coordinates": [60.729792, 56.0821775]}}, {"type": "Feature", "properties": {"id": 904975147, "name": "Центральная бухгалтерия МСЧ-15", "amenity": "", "shop": "", "office": "company", "healthcare": "", "craft": "", "tourism": "", "leisure": "", "phone": "", "opening_hours": "", "website": "", "housenumber": "", "street": ""}, "geometry": {"type": "Point", "coordinates": [60.7306129, 56.0821577]}}, {"type": "Feature", "properties": {"id": 904975152, "name": "Терапевтическое отделение №2", "amenity": "hospital", "shop": "", "office": "", "healthcare": "", "craft": "", "tourism": "", "leisure": "", "phone": "", "opening_hours": "", "website": "", "housenumber": "", "street": ""}, "geometry": {"type": "Point", "coordinates": [60.7301117, 56.0821689]}}, {"type": "Feature", "properties": {"id": 904975154, "name": "Центр гигиены и эпидемиологии", "amenity": "hospital", "shop": "", "office": "", "healthcare": "", "craft": "", "tourism": "", "leisure": "", "phone": "", "opening_hours": "", "website": "", "housenumber": "", "street": ""}, "geometry": {"type": "Point", "coordinates": [60.7318281, 56.0814161]}}, {"type": "Feature", "properties": {"id": 904975160, "name": "Региональное медико-биологическое управление", "amenity": "public_building", "shop": "", "office": "", "healthcare": "", "craft": "", "tourism": "", "leisure": "", "phone": "", "opening_hours": "", "website": "", "housenumber": "", "street": ""}, "geometry": {"type": "Point", "coordinates": [60.7318371, 56.08146]}}, {"type": "Feature", "properties": {"id": 904975170, "name": "Отделение судебно-медицинской экспертизы", "amenity": "hospital", "shop": "", "office": "", "healthcare": "", "craft": "", "tourism": "", "leisure": "", "phone": "", "opening_hours": "", "website": "", "housenumber": "", "street": ""}, "geometry": {"type": "Point", "coordinates": [60.7355561, 56.0801932]}}, {"type": "Feature", "properties": {"id": 907165312, "name": "Часовня", "amenity": "place_of_worship", "shop": "", "office": "", "healthcare": "", "craft": "", "tourism": "", "leisure": "", "phone": "", "opening_hours": "", "website": "", "housenumber": "", "street": ""}, "geometry": {"type": "Point", "coordinates": [60.7307663, 56.0744472]}}, {"type": "Feature", "properties": {"id": 910863035, "name": "СуперСтрой", "amenity": "", "shop": "doityourself", "office": "", "healthcare": "", "craft": "", "tourism": "", "leisure": "", "phone": "", "opening_hours": "", "website": "", "housenumber": "", "street": ""}, "geometry": {"type": "Point", "coordinates": [60.7382951, 56.0722815]}}, {"type": "Feature", "properties": {"id": 922444853, "name": "Самоделкин", "amenity": "", "shop": "doityourself", "office": "", "healthcare": "", "craft": "", "tourism": "", "leisure": "", "phone": "", "opening_hours": "", "website": "", "housenumber": "", "street": ""}, "geometry": {"type": "Point", "coordinates": [60.7700193, 56.0760319]}}, {"type": "Feature", "properties": {"id": 922444867, "name": "", "amenity": "", "shop": "car_repair", "office": "", "healthcare": "", "craft": "", "tourism": "", "leisure": "", "phone": "", "opening_hours": "", "website": "", "housenumber": "", "street": ""}, "geometry": {"type": "Point", "coordinates": [60.7659101, 56.0705856]}}, {"type": "Feature", "properties": {"id": 923275756, "name": "Алина", "amenity": "", "shop": "clothes", "office": "", "healthcare": "", "craft": "", "tourism": "", "leisure": "", "phone": "", "opening_hours": "Mo-Fr 11:00-18:30; Sa 11:00-15:00; Su off", "website": "", "housenumber": "", "street": ""}, "geometry": {"type": "Point", "coordinates": [60.7345236, 56.0898893]}}, {"type": "Feature", "properties": {"id": 923275820, "name": "Пивное царство", "amenity": "", "shop": "alcohol", "office": "", "healthcare": "", "craft": "", "tourism": "", "leisure": "", "phone": "", "opening_hours": "", "website": "", "housenumber": "", "street": ""}, "geometry": {"type": "Point", "coordinates": [60.732549, 56.0900983]}}, {"type": "Feature", "properties": {"id": 923275964, "name": "Мясо-Птица", "amenity": "", "shop": "butcher", "office": "", "healthcare": "", "craft": "", "tourism": "", "leisure": "", "phone": "", "opening_hours": "", "website": "", "housenumber": "", "street": ""}, "geometry": {"type": "Point", "coordinates": [60.7348217, 56.0899017]}}, {"type": "Feature", "properties": {"id": 923276154, "name": "Золотая рыбка", "amenity": "", "shop": "jewelry", "office": "", "healthcare": "", "craft": "", "tourism": "", "leisure": "", "phone": "", "opening_hours": "", "website": "", "housenumber": "", "street": ""}, "geometry": {"type": "Point", "coordinates": [60.7343306, 56.0898959]}}, {"type": "Feature", "properties": {"id": 923276218, "name": "СтройКА", "amenity": "", "shop": "doityourself", "office": "", "healthcare": "", "craft": "", "tourism": "", "leisure": "", "phone": "", "opening_hours": "", "website": "", "housenumber": "", "street": ""}, "geometry": {"type": "Point", "coordinates": [60.7324568, 56.0917808]}}, {"type": "Feature", "properties": {"id": 923276275, "name": "Вариант", "amenity": "", "shop": "", "office": "estate_agent", "healthcare": "", "craft": "", "tourism": "", "leisure": "", "phone": "", "opening_hours": "", "website": "", "housenumber": "", "street": ""}, "geometry": {"type": "Point", "coordinates": [60.7336235, 56.0899627]}}, {"type": "Feature", "properties": {"id": 923276281, "name": "маркетинговый центр АС \"Теплострой\"", "amenity": "", "shop": "", "office": "company", "healthcare": "", "craft": "", "tourism": "", "leisure": "", "phone": "", "opening_hours": "", "website": "", "housenumber": "", "street": ""}, "geometry": {"type": "Point", "coordinates": [60.7336235, 56.0900017]}}, {"type": "Feature", "properties": {"id": 923276483, "name": "Ветпрактика", "amenity": "", "shop": "pet", "office": "", "healthcare": "", "craft": "", "tourism": "", "leisure": "", "phone": "", "opening_hours": "Mo-Su 10:00-20:00", "website": "", "housenumber": "", "street": ""}, "geometry": {"type": "Point", "coordinates": [60.7323273, 56.0879439]}}, {"type": "Feature", "properties": {"id": 923276568, "name": "Фианит", "amenity": "", "shop": "jewelry", "office": "", "healthcare": "", "craft": "", "tourism": "", "leisure": "", "phone": "", "opening_hours": "Mo-Su 09:00-21:00", "website": "", "housenumber": "", "street": ""}, "geometry": {"type": "Point", "coordinates": [60.7323382, 56.0881986]}}, {"type": "Feature", "properties": {"id": 923276630, "name": "Мозаика", "amenity": "", "shop": "convenience", "office": "", "healthcare": "", "craft": "", "tourism": "", "leisure": "", "phone": "", "opening_hours": "Mo-Su 08:00-21:00", "website": "", "housenumber": "", "street": ""}, "geometry": {"type": "Point", "coordinates": [60.7335138, 56.0893985]}}, {"type": "Feature", "properties": {"id": 923276704, "name": "PODIUM", "amenity": "", "shop": "yes", "office": "", "healthcare": "", "craft": "", "tourism": "", "leisure": "", "phone": "", "opening_hours": "", "website": "", "housenumber": "", "street": ""}, "geometry": {"type": "Point", "coordinates": [60.7334877, 56.0892878]}}, {"type": "Feature", "properties": {"id": 923276733, "name": "газета \"Ва-банкъ\"", "amenity": "", "shop": "", "office": "company", "healthcare": "", "craft": "", "tourism": "", "leisure": "", "phone": "", "opening_hours": "", "website": "", "housenumber": "", "street": ""}, "geometry": {"type": "Point", "coordinates": [60.7325764, 56.0913766]}}, {"type": "Feature", "properties": {"id": 923276778, "name": "Маленький Париж", "amenity": "", "shop": "clothes", "office": "", "healthcare": "", "craft": "", "tourism": "", "leisure": "", "phone": "", "opening_hours": "Mo-Fr 10:00-20:00; Sa,Su 10:00-16:00", "website": "", "housenumber": "", "street": ""}, "geometry": {"type": "Point", "coordinates": [60.7323284, 56.0880957]}}, {"type": "Feature", "properties": {"id": 923276845, "name": "Любо-Дорого", "amenity": "", "shop": "department_store", "office": "", "healthcare": "", "craft": "", "tourism": "", "leisure": "", "phone": "", "opening_hours": "Mo-Fr 10:00-19:00; Sa,Su 11:00-15:00", "website": "", "housenumber": "", "street": ""}, "geometry": {"type": "Point", "coordinates": [60.7334862, 56.0891706]}}, {"type": "Feature", "properties": {"id": 923276948, "name": "Влата", "amenity": "", "shop": "convenience", "office": "", "healthcare": "", "craft": "", "tourism": "", "leisure": "", "phone": "", "opening_hours": "10:00-22:00", "website": "", "housenumber": "", "street": ""}, "geometry": {"type": "Point", "coordinates": [60.7338461, 56.0914575]}}, {"type": "Feature", "properties": {"id": 923276970, "name": "Спецмонтаж ПКС", "amenity": "public_building", "shop": "", "office": "", "healthcare": "", "craft": "", "tourism": "", "leisure": "", "phone": "", "opening_hours": "", "website": "", "housenumber": "", "street": ""}, "geometry": {"type": "Point", "coordinates": [60.7296387, 56.0894099]}}, {"type": "Feature", "properties": {"id": 923277026, "name": "Бизон", "amenity": "", "shop": "clothes", "office": "", "healthcare": "", "craft": "", "tourism": "", "leisure": "", "phone": "", "opening_hours": "", "website": "", "housenumber": "", "street": ""}, "geometry": {"type": "Point", "coordinates": [60.7341464, 56.0899025]}}, {"type": "Feature", "properties": {"id": 923277107, "name": "Уральский филиал АО «Атомспецтранс»", "amenity": "", "shop": "", "office": "government", "healthcare": "", "craft": "", "tourism": "", "leisure": "", "phone": "", "opening_hours": "", "website": "", "housenumber": "", "street": ""}, "geometry": {"type": "Point", "coordinates": [60.7289078, 56.0909824]}}, {"type": "Feature", "properties": {"id": 923277120, "name": "Профком", "amenity": "public_building", "shop": "", "office": "", "healthcare": "", "craft": "", "tourism": "", "leisure": "", "phone": "", "opening_hours": "", "website": "", "housenumber": "", "street": ""}, "geometry": {"type": "Point", "coordinates": [60.7288985, 56.0909099]}}, {"type": "Feature", "properties": {"id": 929356192, "name": "Ювелирная мастерская", "amenity": "", "shop": "jewelry", "office": "", "healthcare": "", "craft": "", "tourism": "", "leisure": "", "phone": "", "opening_hours": "", "website": "", "housenumber": "", "street": ""}, "geometry": {"type": "Point", "coordinates": [60.7335712, 56.086217]}}, {"type": "Feature", "properties": {"id": 929356212, "name": "Мир света", "amenity": "", "shop": "doityourself", "office": "", "healthcare": "", "craft": "", "tourism": "", "leisure": "", "phone": "", "opening_hours": "Mo-Fr 10:00-19:00; Sa 10:00-15:00; Su off", "website": "", "housenumber": "", "street": ""}, "geometry": {"type": "Point", "coordinates": [60.7368235, 56.0883896]}}, {"type": "Feature", "properties": {"id": 929356236, "name": "Ремонт обуви", "amenity": "", "shop": "shoe_repair", "office": "", "healthcare": "", "craft": "", "tourism": "", "leisure": "", "phone": "", "opening_hours": "", "website": "", "housenumber": "", "street": ""}, "geometry": {"type": "Point", "coordinates": [60.7335683, 56.0862681]}}, {"type": "Feature", "properties": {"id": 929356258, "name": "КанцДейли", "amenity": "", "shop": "stationery", "office": "", "healthcare": "", "craft": "", "tourism": "", "leisure": "", "phone": "", "opening_hours": "Mo-Fr 09:00-19:00; Sa 10:00-15:00; Su off", "website": "", "housenumber": "", "street": ""}, "geometry": {"type": "Point", "coordinates": [60.7362513, 56.088961]}}, {"type": "Feature", "properties": {"id": 929356272, "name": "Эолис", "amenity": "", "shop": "mobile_phone", "office": "", "healthcare": "", "craft": "", "tourism": "", "leisure": "", "phone": "", "opening_hours": "", "website": "", "housenumber": "", "street": ""}, "geometry": {"type": "Point", "coordinates": [60.7315654, 56.0875174]}}, {"type": "Feature", "properties": {"id": 929356281, "name": "", "amenity": "", "shop": "ticket", "office": "", "healthcare": "", "craft": "", "tourism": "", "leisure": "", "phone": "", "opening_hours": "", "website": "", "housenumber": "", "street": ""}, "geometry": {"type": "Point", "coordinates": [60.7350499, 56.0876409]}}, {"type": "Feature", "properties": {"id": 929356287, "name": "Автошкола", "amenity": "driving_school", "shop": "", "office": "", "healthcare": "", "craft": "", "tourism": "", "leisure": "", "phone": "", "opening_hours": "", "website": "", "housenumber": "", "street": ""}, "geometry": {"type": "Point", "coordinates": [60.7392025, 56.0895646]}}, {"type": "Feature", "properties": {"id": 929356294, "name": "Юлия", "amenity": "", "shop": "travel_agency", "office": "", "healthcare": "", "craft": "", "tourism": "", "leisure": "", "phone": "", "opening_hours": "Mo-Fr 10:00-19:00; Sa 10:00-15:00; Su off", "website": "", "housenumber": "", "street": ""}, "geometry": {"type": "Point", "coordinates": [60.7360426, 56.0891624]}}, {"type": "Feature", "properties": {"id": 929356305, "name": "Продукты", "amenity": "", "shop": "convenience", "office": "", "healthcare": "", "craft": "", "tourism": "", "leisure": "", "phone": "", "opening_hours": "", "website": "", "housenumber": "", "street": ""}, "geometry": {"type": "Point", "coordinates": [60.7364922, 56.0887081]}}, {"type": "Feature", "properties": {"id": 929356337, "name": "Равис", "amenity": "", "shop": "butcher", "office": "", "healthcare": "", "craft": "", "tourism": "", "leisure": "", "phone": "", "opening_hours": "", "website": "", "housenumber": "", "street": ""}, "geometry": {"type": "Point", "coordinates": [60.7335851, 56.0864345]}}, {"type": "Feature", "properties": {"id": 929356353, "name": "Алектор", "amenity": "", "shop": "", "office": "company", "healthcare": "", "craft": "", "tourism": "", "leisure": "", "phone": "", "opening_hours": "", "website": "", "housenumber": "", "street": ""}, "geometry": {"type": "Point", "coordinates": [60.7413962, 56.0873163]}}, {"type": "Feature", "properties": {"id": 929356383, "name": "Новое Окно", "amenity": "", "shop": "doityourself", "office": "", "healthcare": "", "craft": "", "tourism": "", "leisure": "", "phone": "", "opening_hours": "", "website": "", "housenumber": "", "street": ""}, "geometry": {"type": "Point", "coordinates": [60.7348103, 56.0853465]}}, {"type": "Feature", "properties": {"id": 929356386, "name": "Ермолино", "amenity": "", "shop": "convenience", "office": "", "healthcare": "", "craft": "", "tourism": "", "leisure": "", "phone": "", "opening_hours": "", "website": "", "housenumber": "", "street": ""}, "geometry": {"type": "Point", "coordinates": [60.737153, 56.0882888]}}, {"type": "Feature", "properties": {"id": 929356441, "name": "ТехноStyle", "amenity": "", "shop": "computer", "office": "", "healthcare": "", "craft": "", "tourism": "", "leisure": "", "phone": "", "opening_hours": "", "website": "", "housenumber": "", "street": ""}, "geometry": {"type": "Point", "coordinates": [60.731429, 56.0874887]}}, {"type": "Feature", "properties": {"id": 929356458, "name": "Риэл Сервис Тур", "amenity": "", "shop": "travel_agency", "office": "", "healthcare": "", "craft": "", "tourism": "", "leisure": "", "phone": "", "opening_hours": "", "website": "", "housenumber": "", "street": ""}, "geometry": {"type": "Point", "coordinates": [60.7335841, 56.0853603]}}, {"type": "Feature", "properties": {"id": 929356482, "name": "Муниципальный методический центр", "amenity": "college", "shop": "", "office": "", "healthcare": "", "craft": "", "tourism": "", "leisure": "", "phone": "", "opening_hours": "", "website": "", "housenumber": "", "street": ""}, "geometry": {"type": "Point", "coordinates": [60.7345324, 56.0886765]}}, {"type": "Feature", "properties": {"id": 929356513, "name": "Телец & Дева", "amenity": "", "shop": "clothes", "office": "", "healthcare": "", "craft": "", "tourism": "", "leisure": "", "phone": "", "opening_hours": "", "website": "", "housenumber": "", "street": ""}, "geometry": {"type": "Point", "coordinates": [60.7334723, 56.0854942]}}, {"type": "Feature", "properties": {"id": 929356541, "name": "", "amenity": "", "shop": "shoe_repair", "office": "", "healthcare": "", "craft": "", "tourism": "", "leisure": "", "phone": "", "opening_hours": "", "website": "", "housenumber": "", "street": ""}, "geometry": {"type": "Point", "coordinates": [60.7336821, 56.0862586]}}, {"type": "Feature", "properties": {"id": 929356558, "name": "Вест Тревел", "amenity": "", "shop": "travel_agency", "office": "", "healthcare": "", "craft": "", "tourism": "", "leisure": "", "phone": "", "opening_hours": "", "website": "", "housenumber": "", "street": ""}, "geometry": {"type": "Point", "coordinates": [60.7346877, 56.0853127]}}, {"type": "Feature", "properties": {"id": 929356586, "name": "Атлант", "amenity": "", "shop": "clothes", "office": "", "healthcare": "", "craft": "", "tourism": "", "leisure": "", "phone": "", "opening_hours": "", "website": "", "housenumber": "", "street": ""}, "geometry": {"type": "Point", "coordinates": [60.7335533, 56.0859703]}}, {"type": "Feature", "properties": {"id": 929356607, "name": "Клуб легкоатлетов", "amenity": "", "shop": "", "office": "", "healthcare": "", "craft": "", "tourism": "", "leisure": "sports_centre", "phone": "", "opening_hours": "", "website": "", "housenumber": "", "street": ""}, "geometry": {"type": "Point", "coordinates": [60.739457, 56.0893155]}}, {"type": "Feature", "properties": {"id": 929356646, "name": "LAVANDA", "amenity": "", "shop": "florist", "office": "", "healthcare": "", "craft": "", "tourism": "", "leisure": "", "phone": "", "opening_hours": "PH,Mo-Su 09:00-21:00", "website": "", "housenumber": "", "street": ""}, "geometry": {"type": "Point", "coordinates": [60.735813, 56.0893686]}}, {"type": "Feature", "properties": {"id": 929356654, "name": "DONA", "amenity": "", "shop": "furniture", "office": "", "healthcare": "", "craft": "", "tourism": "", "leisure": "", "phone": "", "opening_hours": "Mo-Fr 10:00-18:00; Sa 11:00-14:00; Su off", "website": "", "housenumber": "", "street": ""}, "geometry": {"type": "Point", "coordinates": [60.7361344, 56.0890646]}}, {"type": "Feature", "properties": {"id": 929356685, "name": "Юкон", "amenity": "", "shop": "", "office": "estate_agent", "healthcare": "", "craft": "", "tourism": "", "leisure": "", "phone": "", "opening_hours": "", "website": "", "housenumber": "", "street": ""}, "geometry": {"type": "Point", "coordinates": [60.7335663, 56.0856456]}}, {"type": "Feature", "properties": {"id": 929356690, "name": "Ташкент", "amenity": "", "shop": "farm", "office": "", "healthcare": "", "craft": "", "tourism": "", "leisure": "", "phone": "", "opening_hours": "Mo-Fr 09:00-21:00; Sa,Su 09:00-20:00", "website": "", "housenumber": "", "street": ""}, "geometry": {"type": "Point", "coordinates": [60.7359153, 56.0892719]}}, {"type": "Feature", "properties": {"id": 935623046, "name": "Степ", "amenity": "", "shop": "shoes", "office": "", "healthcare": "", "craft": "", "tourism": "", "leisure": "", "phone": "", "opening_hours": "", "website": "", "housenumber": "", "street": ""}, "geometry": {"type": "Point", "coordinates": [60.7390305, 56.0859386]}}, {"type": "Feature", "properties": {"id": 935623064, "name": "Охранное предприятие \"Центурион\"", "amenity": "police", "shop": "", "office": "", "healthcare": "", "craft": "", "tourism": "", "leisure": "", "phone": "", "opening_hours": "", "website": "", "housenumber": "", "street": ""}, "geometry": {"type": "Point", "coordinates": [60.7412328, 56.085062]}}, {"type": "Feature", "properties": {"id": 935623070, "name": "Сбербанк", "amenity": "bank", "shop": "", "office": "", "healthcare": "", "craft": "", "tourism": "", "leisure": "", "phone": "", "opening_hours": "", "website": "https://www.sberbank.ru/", "housenumber": "", "street": ""}, "geometry": {"type": "Point", "coordinates": [60.722579, 56.0891894]}}, {"type": "Feature", "properties": {"id": 935623077, "name": "Книголюб", "amenity": "", "shop": "books", "office": "", "healthcare": "", "craft": "", "tourism": "", "leisure": "", "phone": "", "opening_hours": "", "website": "", "housenumber": "", "street": ""}, "geometry": {"type": "Point", "coordinates": [60.7264642, 56.0851839]}}, {"type": "Feature", "properties": {"id": 935623095, "name": "Купец", "amenity": "", "shop": "convenience", "office": "", "healthcare": "", "craft": "", "tourism": "", "leisure": "", "phone": "", "opening_hours": "09:00-22:00", "website": "", "housenumber": "", "street": ""}, "geometry": {"type": "Point", "coordinates": [60.721993, 56.0871298]}}, {"type": "Feature", "properties": {"id": 935623136, "name": "Кофе Point", "amenity": "cafe", "shop": "", "office": "", "healthcare": "", "craft": "", "tourism": "", "leisure": "", "phone": "", "opening_hours": "PH,Mo-Su 10:00-22:00", "website": "", "housenumber": "", "street": ""}, "geometry": {"type": "Point", "coordinates": [60.7395125, 56.0851004]}}, {"type": "Feature", "properties": {"id": 935623141, "name": "Профсоюзный комитет", "amenity": "public_building", "shop": "", "office": "", "healthcare": "", "craft": "", "tourism": "", "leisure": "", "phone": "", "opening_hours": "", "website": "", "housenumber": "", "street": ""}, "geometry": {"type": "Point", "coordinates": [60.726661, 56.0850894]}}, {"type": "Feature", "properties": {"id": 935623186, "name": "Изготовление ключей", "amenity": "", "shop": "hardware", "office": "", "healthcare": "", "craft": "", "tourism": "", "leisure": "", "phone": "", "opening_hours": "", "website": "", "housenumber": "", "street": ""}, "geometry": {"type": "Point", "coordinates": [60.7389503, 56.0847955]}}, {"type": "Feature", "properties": {"id": 935623196, "name": "Интерьер", "amenity": "", "shop": "furniture", "office": "", "healthcare": "", "craft": "", "tourism": "", "leisure": "", "phone": "", "opening_hours": "", "website": "", "housenumber": "", "street": ""}, "geometry": {"type": "Point", "coordinates": [60.7355871, 56.0849454]}}, {"type": "Feature", "properties": {"id": 935623224, "name": "Дядя Федор", "amenity": "", "shop": "toys", "office": "", "healthcare": "", "craft": "", "tourism": "", "leisure": "", "phone": "", "opening_hours": "", "website": "", "housenumber": "", "street": ""}, "geometry": {"type": "Point", "coordinates": [60.7328707, 56.0848745]}}, {"type": "Feature", "properties": {"id": 935623256, "name": "Оптика", "amenity": "", "shop": "optician", "office": "", "healthcare": "", "craft": "", "tourism": "", "leisure": "", "phone": "", "opening_hours": "", "website": "", "housenumber": "", "street": ""}, "geometry": {"type": "Point", "coordinates": [60.7402748, 56.0848017]}}, {"type": "Feature", "properties": {"id": 935623263, "name": "", "amenity": "atm", "shop": "", "office": "", "healthcare": "", "craft": "", "tourism": "", "leisure": "", "phone": "+7 800 5555550", "opening_hours": "", "website": "https://www.sberbank.ru/", "housenumber": "", "street": ""}, "geometry": {"type": "Point", "coordinates": [60.7211436, 56.0877932]}}, {"type": "Feature", "properties": {"id": 935623295, "name": "Снежинская косметология", "amenity": "", "shop": "cosmetics", "office": "", "healthcare": "", "craft": "", "tourism": "", "leisure": "", "phone": "", "opening_hours": "", "website": "", "housenumber": "", "street": ""}, "geometry": {"type": "Point", "coordinates": [60.7394955, 56.0848386]}}, {"type": "Feature", "properties": {"id": 935623338, "name": "Фламинго", "amenity": "", "shop": "clothes", "office": "", "healthcare": "", "craft": "", "tourism": "", "leisure": "", "phone": "", "opening_hours": "", "website": "", "housenumber": "", "street": ""}, "geometry": {"type": "Point", "coordinates": [60.7418118, 56.0850778]}}, {"type": "Feature", "properties": {"id": 935623366, "name": "", "amenity": "", "shop": "", "office": "lawyer", "healthcare": "", "craft": "", "tourism": "", "leisure": "", "phone": "", "opening_hours": "", "website": "", "housenumber": "", "street": ""}, "geometry": {"type": "Point", "coordinates": [60.7389924, 56.0842945]}}, {"type": "Feature", "properties": {"id": 935623407, "name": "Ладья", "amenity": "", "shop": "clothes", "office": "", "healthcare": "", "craft": "", "tourism": "", "leisure": "", "phone": "", "opening_hours": "Mo-Fr 10:00-19:00; Sa 11:00-14:00", "website": "", "housenumber": "", "street": ""}, "geometry": {"type": "Point", "coordinates": [60.7333465, 56.0849933]}}, {"type": "Feature", "properties": {"id": 935623443, "name": "Светлана", "amenity": "", "shop": "furniture", "office": "", "healthcare": "", "craft": "", "tourism": "", "leisure": "", "phone": "", "opening_hours": "", "website": "", "housenumber": "", "street": ""}, "geometry": {"type": "Point", "coordinates": [60.7399052, 56.0848202]}}, {"type": "Feature", "properties": {"id": 935623455, "name": "Игрушки", "amenity": "", "shop": "toys", "office": "", "healthcare": "", "craft": "", "tourism": "", "leisure": "", "phone": "", "opening_hours": "", "website": "", "housenumber": "", "street": ""}, "geometry": {"type": "Point", "coordinates": [60.7384563, 56.0848841]}}, {"type": "Feature", "properties": {"id": 935623459, "name": "ООО Стройресурс", "amenity": "public_building", "shop": "", "office": "", "healthcare": "", "craft": "", "tourism": "", "leisure": "", "phone": "", "opening_hours": "", "website": "", "housenumber": "", "street": ""}, "geometry": {"type": "Point", "coordinates": [60.7385565, 56.0866429]}}, {"type": "Feature", "properties": {"id": 935623486, "name": "Языковой центр", "amenity": "school", "shop": "", "office": "", "healthcare": "", "craft": "", "tourism": "", "leisure": "", "phone": "", "opening_hours": "", "website": "", "housenumber": "", "street": ""}, "geometry": {"type": "Point", "coordinates": [60.7420229, 56.085169]}}, {"type": "Feature", "properties": {"id": 935623531, "name": "Цифровой Комфорт", "amenity": "", "shop": "computer", "office": "", "healthcare": "", "craft": "", "tourism": "", "leisure": "", "phone": "", "opening_hours": "", "website": "", "housenumber": "", "street": ""}, "geometry": {"type": "Point", "coordinates": [60.7352452, 56.0849602]}}, {"type": "Feature", "properties": {"id": 935623544, "name": "Карат", "amenity": "", "shop": "jewelry", "office": "", "healthcare": "", "craft": "", "tourism": "", "leisure": "", "phone": "", "opening_hours": "Mo-Fr 10:00-19:00; Sa 10:00-16:00; Su off", "website": "", "housenumber": "", "street": ""}, "geometry": {"type": "Point", "coordinates": [60.7398263, 56.0850906]}}, {"type": "Feature", "properties": {"id": 935623569, "name": "Сделай сам", "amenity": "", "shop": "doityourself", "office": "", "healthcare": "", "craft": "", "tourism": "", "leisure": "", "phone": "", "opening_hours": "", "website": "", "housenumber": "", "street": ""}, "geometry": {"type": "Point", "coordinates": [60.7411615, 56.0844252]}}, {"type": "Feature", "properties": {"id": 935623574, "name": "Центр Зрение", "amenity": "", "shop": "optician", "office": "", "healthcare": "", "craft": "", "tourism": "", "leisure": "", "phone": "", "opening_hours": "", "website": "", "housenumber": "", "street": ""}, "geometry": {"type": "Point", "coordinates": [60.7334379, 56.0850098]}}, {"type": "Feature", "properties": {"id": 935623577, "name": "Пилигрим", "amenity": "", "shop": "convenience", "office": "", "healthcare": "", "craft": "", "tourism": "", "leisure": "", "phone": "", "opening_hours": "09:00-21:00", "website": "", "housenumber": "", "street": ""}, "geometry": {"type": "Point", "coordinates": [60.7248223, 56.0852731]}}, {"type": "Feature", "properties": {"id": 935623608, "name": "Холодное пиво", "amenity": "", "shop": "alcohol", "office": "", "healthcare": "", "craft": "", "tourism": "", "leisure": "", "phone": "", "opening_hours": "", "website": "", "housenumber": "", "street": ""}, "geometry": {"type": "Point", "coordinates": [60.7271353, 56.0857493]}}, {"type": "Feature", "properties": {"id": 935623629, "name": "", "amenity": "atm", "shop": "", "office": "", "healthcare": "", "craft": "", "tourism": "", "leisure": "", "phone": "+7 800 7550505", "opening_hours": "", "website": "https://www.snbank.ru/", "housenumber": "", "street": ""}, "geometry": {"type": "Point", "coordinates": [60.7211619, 56.0880039]}}, {"type": "Feature", "properties": {"id": 935623644, "name": "Фруктовый", "amenity": "", "shop": "supermarket", "office": "", "healthcare": "", "craft": "", "tourism": "", "leisure": "", "phone": "", "opening_hours": "", "website": "", "housenumber": "", "street": ""}, "geometry": {"type": "Point", "coordinates": [60.7391132, 56.0835219]}}, {"type": "Feature", "properties": {"id": 935623702, "name": "Товары для новорождённых", "amenity": "", "shop": "toys", "office": "", "healthcare": "", "craft": "", "tourism": "", "leisure": "", "phone": "", "opening_hours": "", "website": "", "housenumber": "", "street": ""}, "geometry": {"type": "Point", "coordinates": [60.7384458, 56.0847927]}}, {"type": "Feature", "properties": {"id": 935623709, "name": "ООО Защита", "amenity": "", "shop": "", "office": "company", "healthcare": "", "craft": "", "tourism": "", "leisure": "", "phone": "", "opening_hours": "", "website": "", "housenumber": "", "street": ""}, "geometry": {"type": "Point", "coordinates": [60.7328162, 56.0843163]}}, {"type": "Feature", "properties": {"id": 935623719, "name": "Оскар", "amenity": "", "shop": "clothes", "office": "", "healthcare": "", "craft": "", "tourism": "", "leisure": "", "phone": "", "opening_hours": "Mo-Fr 10:00-19:00; Sa 10:00-15:00; Su off", "website": "", "housenumber": "", "street": ""}, "geometry": {"type": "Point", "coordinates": [60.738975, 56.0855364]}}, {"type": "Feature", "properties": {"id": 935623729, "name": "ООО ЕВС", "amenity": "public_building", "shop": "", "office": "", "healthcare": "", "craft": "", "tourism": "", "leisure": "", "phone": "", "opening_hours": "", "website": "", "housenumber": "", "street": ""}, "geometry": {"type": "Point", "coordinates": [60.7384697, 56.0867432]}}, {"type": "Feature", "properties": {"id": 935623747, "name": "Микс", "amenity": "", "shop": "clothes", "office": "", "healthcare": "", "craft": "", "tourism": "", "leisure": "", "phone": "", "opening_hours": "", "website": "", "housenumber": "", "street": ""}, "geometry": {"type": "Point", "coordinates": [60.7388947, 56.0846834]}}, {"type": "Feature", "properties": {"id": 935623758, "name": "Хозтовары", "amenity": "", "shop": "hardware", "office": "", "healthcare": "", "craft": "", "tourism": "", "leisure": "", "phone": "", "opening_hours": "", "website": "", "housenumber": "", "street": ""}, "geometry": {"type": "Point", "coordinates": [60.7265842, 56.0851992]}}, {"type": "Feature", "properties": {"id": 935623803, "name": "Пальмира", "amenity": "", "shop": "outdoor", "office": "", "healthcare": "", "craft": "", "tourism": "", "leisure": "", "phone": "", "opening_hours": "", "website": "", "housenumber": "", "street": ""}, "geometry": {"type": "Point", "coordinates": [60.7337152, 56.0849992]}}, {"type": "Feature", "properties": {"id": 935623809, "name": "Флора Эль", "amenity": "", "shop": "florist", "office": "", "healthcare": "", "craft": "", "tourism": "", "leisure": "", "phone": "", "opening_hours": "", "website": "", "housenumber": "", "street": ""}, "geometry": {"type": "Point", "coordinates": [60.7386165, 56.0865897]}}, {"type": "Feature", "properties": {"id": 935623836, "name": "Дочки-матери", "amenity": "", "shop": "toys", "office": "", "healthcare": "", "craft": "", "tourism": "", "leisure": "", "phone": "", "opening_hours": "", "website": "", "housenumber": "", "street": ""}, "geometry": {"type": "Point", "coordinates": [60.7410738, 56.085048]}}, {"type": "Feature", "properties": {"id": 935623854, "name": "Кристина", "amenity": "", "shop": "clothes", "office": "", "healthcare": "", "craft": "", "tourism": "", "leisure": "", "phone": "", "opening_hours": "Mo-Fr 11:00-19:00; Sa 11:00-15:00; Su off", "website": "", "housenumber": "", "street": ""}, "geometry": {"type": "Point", "coordinates": [60.7388332, 56.0843405]}}, {"type": "Feature", "properties": {"id": 935623862, "name": "Феникс", "amenity": "", "shop": "clothes", "office": "", "healthcare": "", "craft": "", "tourism": "", "leisure": "", "phone": "", "opening_hours": "", "website": "", "housenumber": "", "street": ""}, "geometry": {"type": "Point", "coordinates": [60.7382, 56.0847907]}}, {"type": "Feature", "properties": {"id": 935623912, "name": "Адвокаты", "amenity": "", "shop": "", "office": "insurance", "healthcare": "", "craft": "", "tourism": "", "leisure": "", "phone": "", "opening_hours": "", "website": "", "housenumber": "", "street": ""}, "geometry": {"type": "Point", "coordinates": [60.7329775, 56.0844963]}}, {"type": "Feature", "properties": {"id": 935623922, "name": "Alter Ego", "amenity": "", "shop": "cosmetics", "office": "", "healthcare": "", "craft": "", "tourism": "", "leisure": "", "phone": "", "opening_hours": "", "website": "", "housenumber": "", "street": ""}, "geometry": {"type": "Point", "coordinates": [60.7389996, 56.0856774]}}, {"type": "Feature", "properties": {"id": 935624031, "name": "T.JEANS", "amenity": "", "shop": "clothes", "office": "", "healthcare": "", "craft": "", "tourism": "", "leisure": "", "phone": "", "opening_hours": "", "website": "", "housenumber": "", "street": ""}, "geometry": {"type": "Point", "coordinates": [60.7328337, 56.0844379]}}, {"type": "Feature", "properties": {"id": 935624046, "name": "Wildberries", "amenity": "", "shop": "outpost", "office": "", "healthcare": "", "craft": "", "tourism": "", "leisure": "", "phone": "", "opening_hours": "PH,Mo-Su 10:00-21:00", "website": "https://www.wildberries.ru", "housenumber": "", "street": ""}, "geometry": {"type": "Point", "coordinates": [60.7388576, 56.0845244]}}, {"type": "Feature", "properties": {"id": 935624050, "name": "Отделение почтовой связи", "amenity": "post_office", "shop": "", "office": "", "healthcare": "", "craft": "", "tourism": "", "leisure": "", "phone": "", "opening_hours": "", "website": "https://russianpost.ru/", "housenumber": "", "street": ""}, "geometry": {"type": "Point", "coordinates": [60.7226036, 56.0890488]}}, {"type": "Feature", "properties": {"id": 935624084, "name": "Башмачок", "amenity": "", "shop": "shoes", "office": "", "healthcare": "", "craft": "", "tourism": "", "leisure": "", "phone": "", "opening_hours": "", "website": "", "housenumber": "", "street": ""}, "geometry": {"type": "Point", "coordinates": [60.7379106, 56.0848053]}}, {"type": "Feature", "properties": {"id": 936413321, "name": "Теле2", "amenity": "", "shop": "clothes", "office": "telecommunication", "healthcare": "", "craft": "", "tourism": "", "leisure": "", "phone": "", "opening_hours": "Mo-Fr 09:00-20:00; Sa,Su 10:00-19:00", "website": "", "housenumber": "", "street": ""}, "geometry": {"type": "Point", "coordinates": [60.737008, 56.0852321]}}, {"type": "Feature", "properties": {"id": 936413328, "name": "Элит", "amenity": "", "shop": "jewelry", "office": "", "healthcare": "", "craft": "", "tourism": "", "leisure": "", "phone": "", "opening_hours": "", "website": "", "housenumber": "", "street": ""}, "geometry": {"type": "Point", "coordinates": [60.7367336, 56.0855161]}}, {"type": "Feature", "properties": {"id": 936413329, "name": "С-Тревел", "amenity": "", "shop": "travel_agency", "office": "", "healthcare": "", "craft": "", "tourism": "", "leisure": "", "phone": "", "opening_hours": "", "website": "", "housenumber": "", "street": ""}, "geometry": {"type": "Point", "coordinates": [60.7379228, 56.0866809]}}, {"type": "Feature", "properties": {"id": 936413336, "name": "Ткани", "amenity": "", "shop": "fabric", "office": "", "healthcare": "", "craft": "tailor", "tourism": "", "leisure": "", "phone": "", "opening_hours": "", "website": "", "housenumber": "", "street": ""}, "geometry": {"type": "Point", "coordinates": [60.738541, 56.085443]}}, {"type": "Feature", "properties": {"id": 936413339, "name": "Золотой берег", "amenity": "", "shop": "travel_agency", "office": "", "healthcare": "", "craft": "", "tourism": "", "leisure": "", "phone": "", "opening_hours": "", "website": "", "housenumber": "", "street": ""}, "geometry": {"type": "Point", "coordinates": [60.7387476, 56.0871591]}}, {"type": "Feature", "properties": {"id": 936413340, "name": "ИТЕК", "amenity": "", "shop": "", "office": "company", "healthcare": "", "craft": "", "tourism": "", "leisure": "", "phone": "", "opening_hours": "", "website": "", "housenumber": "", "street": ""}, "geometry": {"type": "Point", "coordinates": [60.7381322, 56.0870435]}}, {"type": "Feature", "properties": {"id": 945165471, "name": "Центр-турс", "amenity": "", "shop": "travel_agency", "office": "", "healthcare": "", "craft": "", "tourism": "", "leisure": "", "phone": "", "opening_hours": "", "website": "", "housenumber": "", "street": ""}, "geometry": {"type": "Point", "coordinates": [60.7313778, 56.0835685]}}, {"type": "Feature", "properties": {"id": 945165472, "name": "Фонд мира", "amenity": "", "shop": "travel_agency", "office": "", "healthcare": "", "craft": "", "tourism": "", "leisure": "", "phone": "", "opening_hours": "", "website": "", "housenumber": "", "street": ""}, "geometry": {"type": "Point", "coordinates": [60.731476, 56.0870836]}}, {"type": "Feature", "properties": {"id": 945165473, "name": "Экспресс трэвел", "amenity": "", "shop": "travel_agency", "office": "", "healthcare": "", "craft": "", "tourism": "", "leisure": "", "phone": "", "opening_hours": "", "website": "", "housenumber": "", "street": ""}, "geometry": {"type": "Point", "coordinates": [60.7354083, 56.0897562]}}, {"type": "Feature", "properties": {"id": 951471257, "name": "Банк Снежинский", "amenity": "bank", "shop": "", "office": "", "healthcare": "", "craft": "", "tourism": "", "leisure": "", "phone": "", "opening_hours": "", "website": "", "housenumber": "", "street": ""}, "geometry": {"type": "Point", "coordinates": [60.7313637, 56.083807]}}, {"type": "Feature", "properties": {"id": 951471357, "name": "Парикмахерская", "amenity": "", "shop": "hairdresser", "office": "", "healthcare": "", "craft": "", "tourism": "", "leisure": "", "phone": "", "opening_hours": "", "website": "", "housenumber": "", "street": ""}, "geometry": {"type": "Point", "coordinates": [60.7169368, 56.0861606]}}, {"type": "Feature", "properties": {"id": 951471391, "name": "То что надо", "amenity": "", "shop": "convenience", "office": "", "healthcare": "", "craft": "", "tourism": "", "leisure": "", "phone": "", "opening_hours": "", "website": "", "housenumber": "", "street": ""}, "geometry": {"type": "Point", "coordinates": [60.7210385, 56.0917773]}}, {"type": "Feature", "properties": {"id": 966168086, "name": "Ремонт обуви", "amenity": "", "shop": "shoe_repair", "office": "", "healthcare": "", "craft": "", "tourism": "", "leisure": "", "phone": "", "opening_hours": "", "website": "", "housenumber": "", "street": ""}, "geometry": {"type": "Point", "coordinates": [60.7614908, 56.0780978]}}, {"type": "Feature", "properties": {"id": 966168089, "name": "Виктория", "amenity": "", "shop": "hairdresser", "office": "", "healthcare": "", "craft": "", "tourism": "", "leisure": "", "phone": "", "opening_hours": "", "website": "", "housenumber": "", "street": ""}, "geometry": {"type": "Point", "coordinates": [60.7615028, 56.0781497]}}, {"type": "Feature", "properties": {"id": 966168099, "name": "Элит", "amenity": "", "shop": "jewelry", "office": "", "healthcare": "", "craft": "", "tourism": "", "leisure": "", "phone": "", "opening_hours": "", "website": "", "housenumber": "", "street": ""}, "geometry": {"type": "Point", "coordinates": [60.7573763, 56.0782344]}}, {"type": "Feature", "properties": {"id": 966168102, "name": "Вест-тревел", "amenity": "", "shop": "travel_agency", "office": "", "healthcare": "", "craft": "", "tourism": "", "leisure": "", "phone": "", "opening_hours": "", "website": "", "housenumber": "", "street": ""}, "geometry": {"type": "Point", "coordinates": [60.7617035, 56.0781386]}}, {"type": "Feature", "properties": {"id": 966168119, "name": "Фрекен Бок", "amenity": "cafe", "shop": "", "office": "", "healthcare": "", "craft": "", "tourism": "", "leisure": "", "phone": "", "opening_hours": "", "website": "", "housenumber": "", "street": ""}, "geometry": {"type": "Point", "coordinates": [60.7208527, 56.0827493]}}, {"type": "Feature", "properties": {"id": 966168130, "name": "Сбербанк", "amenity": "bank", "shop": "", "office": "", "healthcare": "", "craft": "", "tourism": "", "leisure": "", "phone": "", "opening_hours": "", "website": "https://www.sberbank.ru/", "housenumber": "", "street": ""}, "geometry": {"type": "Point", "coordinates": [60.7221676, 56.082793]}}, {"type": "Feature", "properties": {"id": 966168184, "name": "Совкомбанк", "amenity": "bank", "shop": "", "office": "", "healthcare": "", "craft": "", "tourism": "", "leisure": "", "phone": "+7 800 1000006", "opening_hours": "Mo-Fr 09:00-19:00;Sa 09:00-16:00", "website": "https://sovcombank.ru/", "housenumber": "", "street": ""}, "geometry": {"type": "Point", "coordinates": [60.7352728, 56.0849256]}}, {"type": "Feature", "properties": {"id": 966168195, "name": "Мясо птицы", "amenity": "", "shop": "butcher", "office": "", "healthcare": "", "craft": "", "tourism": "", "leisure": "", "phone": "", "opening_hours": "", "website": "", "housenumber": "", "street": ""}, "geometry": {"type": "Point", "coordinates": [60.7212905, 56.0828016]}}, {"type": "Feature", "properties": {"id": 966168237, "name": "Живика", "amenity": "pharmacy", "shop": "", "office": "", "healthcare": "pharmacy", "craft": "", "tourism": "", "leisure": "", "phone": "", "opening_hours": "08:00-21:00", "website": "http://zhivika.ru", "housenumber": "", "street": ""}, "geometry": {"type": "Point", "coordinates": [60.7568507, 56.0782206]}}, {"type": "Feature", "properties": {"id": 966168272, "name": "Аптека", "amenity": "pharmacy", "shop": "", "office": "", "healthcare": "", "craft": "", "tourism": "", "leisure": "", "phone": "", "opening_hours": "", "website": "", "housenumber": "", "street": ""}, "geometry": {"type": "Point", "coordinates": [60.7224821, 56.0827556]}}, {"type": "Feature", "properties": {"id": 966168330, "name": "Ткани", "amenity": "", "shop": "fabric", "office": "", "healthcare": "", "craft": "", "tourism": "", "leisure": "", "phone": "", "opening_hours": "", "website": "", "housenumber": "", "street": ""}, "geometry": {"type": "Point", "coordinates": [60.7204793, 56.0823872]}}, {"type": "Feature", "properties": {"id": 966168341, "name": "ТК Весенний", "amenity": "", "shop": "supermarket", "office": "", "healthcare": "", "craft": "", "tourism": "", "leisure": "", "phone": "", "opening_hours": "", "website": "", "housenumber": "", "street": ""}, "geometry": {"type": "Point", "coordinates": [60.7215213, 56.0827373]}}, {"type": "Feature", "properties": {"id": 966168351, "name": "Гармония", "amenity": "dentist", "shop": "", "office": "", "healthcare": "", "craft": "", "tourism": "", "leisure": "", "phone": "", "opening_hours": "", "website": "", "housenumber": "", "street": ""}, "geometry": {"type": "Point", "coordinates": [60.7620839, 56.0781346]}}, {"type": "Feature", "properties": {"id": 966168356, "name": "Дентея", "amenity": "dentist", "shop": "", "office": "", "healthcare": "", "craft": "", "tourism": "", "leisure": "", "phone": "", "opening_hours": "", "website": "", "housenumber": "", "street": ""}, "geometry": {"type": "Point", "coordinates": [60.7619371, 56.078131]}}, {"type": "Feature", "properties": {"id": 966168361, "name": "", "amenity": "atm", "shop": "", "office": "", "healthcare": "", "craft": "", "tourism": "", "leisure": "", "phone": "+7 800 5001800", "opening_hours": "", "website": "https://www.chelindbank.ru/", "housenumber": "", "street": ""}, "geometry": {"type": "Point", "coordinates": [60.7206633, 56.0828803]}}, {"type": "Feature", "properties": {"id": 966168376, "name": "Студия красоты Vizavi", "amenity": "", "shop": "hairdresser", "office": "", "healthcare": "", "craft": "", "tourism": "", "leisure": "", "phone": "", "opening_hours": "", "website": "", "housenumber": "", "street": ""}, "geometry": {"type": "Point", "coordinates": [60.7616925, 56.0780773]}}, {"type": "Feature", "properties": {"id": 966168380, "name": "Оливки", "amenity": "cafe", "shop": "", "office": "", "healthcare": "", "craft": "", "tourism": "", "leisure": "", "phone": "", "opening_hours": "", "website": "", "housenumber": "", "street": ""}, "geometry": {"type": "Point", "coordinates": [60.7590922, 56.0773472]}}, {"type": "Feature", "properties": {"id": 967360155, "name": "Бумеранг", "amenity": "", "shop": "travel_agency", "office": "", "healthcare": "", "craft": "", "tourism": "", "leisure": "", "phone": "", "opening_hours": "", "website": "", "housenumber": "", "street": ""}, "geometry": {"type": "Point", "coordinates": [60.7325954, 56.09159]}}, {"type": "Feature", "properties": {"id": 992496247, "name": "", "amenity": "atm", "shop": "", "office": "", "healthcare": "", "craft": "", "tourism": "", "leisure": "", "phone": "+7 800 5555550", "opening_hours": "", "website": "https://www.sberbank.ru/", "housenumber": "", "street": ""}, "geometry": {"type": "Point", "coordinates": [60.7364851, 56.0880799]}}, {"type": "Feature", "properties": {"id": 1154129654, "name": "КЛОН", "amenity": "provider", "shop": "", "office": "", "healthcare": "", "craft": "", "tourism": "", "leisure": "", "phone": "", "opening_hours": "", "website": "", "housenumber": "", "street": ""}, "geometry": {"type": "Point", "coordinates": [60.7326498, 56.0914584]}}, {"type": "Feature", "properties": {"id": 1154131768, "name": "Вега Интернет", "amenity": "provider", "shop": "", "office": "telecommunication", "healthcare": "", "craft": "", "tourism": "", "leisure": "", "phone": "", "opening_hours": "", "website": "", "housenumber": "", "street": ""}, "geometry": {"type": "Point", "coordinates": [60.7311409, 56.0855579]}}, {"type": "Feature", "properties": {"id": 1185573812, "name": "Мозаика", "amenity": "", "shop": "bakery", "office": "", "healthcare": "", "craft": "", "tourism": "", "leisure": "", "phone": "", "opening_hours": "", "website": "", "housenumber": "", "street": ""}, "geometry": {"type": "Point", "coordinates": [60.7201053, 56.0793201]}}, {"type": "Feature", "properties": {"id": 1187020700, "name": "Магнит", "amenity": "", "shop": "supermarket", "office": "", "healthcare": "", "craft": "", "tourism": "", "leisure": "", "phone": "+7 800 2009002", "opening_hours": "", "website": "https://magnit.ru", "housenumber": "", "street": ""}, "geometry": {"type": "Point", "coordinates": [60.7546446, 56.0759616]}}, {"type": "Feature", "properties": {"id": 1207381260, "name": "Красное&белое", "amenity": "", "shop": "alcohol", "office": "", "healthcare": "", "craft": "", "tourism": "", "leisure": "", "phone": "", "opening_hours": "", "website": "", "housenumber": "", "street": ""}, "geometry": {"type": "Point", "coordinates": [60.7381436, 56.0830994]}}, {"type": "Feature", "properties": {"id": 1426900047, "name": "Барсук", "amenity": "bar", "shop": "", "office": "", "healthcare": "", "craft": "", "tourism": "", "leisure": "", "phone": "", "opening_hours": "", "website": "", "housenumber": "", "street": ""}, "geometry": {"type": "Point", "coordinates": [60.731324, 56.087094]}}, {"type": "Feature", "properties": {"id": 1443472297, "name": "Детки-конфетки", "amenity": "", "shop": "toys", "office": "", "healthcare": "", "craft": "", "tourism": "", "leisure": "", "phone": "", "opening_hours": "", "website": "", "housenumber": "", "street": ""}, "geometry": {"type": "Point", "coordinates": [60.7491365, 56.0769842]}}, {"type": "Feature", "properties": {"id": 1443472309, "name": "Челиндбанк", "amenity": "bank", "shop": "", "office": "", "healthcare": "", "craft": "", "tourism": "", "leisure": "", "phone": "", "opening_hours": "", "website": "", "housenumber": "", "street": ""}, "geometry": {"type": "Point", "coordinates": [60.7499396, 56.0784349]}}, {"type": "Feature", "properties": {"id": 1443472313, "name": "Овощи", "amenity": "", "shop": "greengrocer", "office": "", "healthcare": "", "craft": "", "tourism": "", "leisure": "", "phone": "", "opening_hours": "", "website": "", "housenumber": "", "street": ""}, "geometry": {"type": "Point", "coordinates": [60.7493697, 56.0772411]}}, {"type": "Feature", "properties": {"id": 1496629281, "name": "Шиномонтаж", "amenity": "", "shop": "car_repair", "office": "", "healthcare": "", "craft": "", "tourism": "", "leisure": "", "phone": "", "opening_hours": "", "website": "", "housenumber": "", "street": ""}, "geometry": {"type": "Point", "coordinates": [60.7364377, 56.0587318]}}, {"type": "Feature", "properties": {"id": 1496629409, "name": "Вианор", "amenity": "car_wash", "shop": "", "office": "", "healthcare": "", "craft": "", "tourism": "", "leisure": "", "phone": "", "opening_hours": "", "website": "", "housenumber": "", "street": ""}, "geometry": {"type": "Point", "coordinates": [60.736408, 56.0590098]}}, {"type": "Feature", "properties": {"id": 1620645698, "name": "Снежинский городской музей", "amenity": "", "shop": "", "office": "", "healthcare": "", "craft": "", "tourism": "museum", "leisure": "", "phone": "", "opening_hours": "", "website": "", "housenumber": "", "street": ""}, "geometry": {"type": "Point", "coordinates": [60.7522551, 56.0753286]}}, {"type": "Feature", "properties": {"id": 1632403582, "name": "Техосмотр", "amenity": "vehicle_inspection", "shop": "", "office": "", "healthcare": "", "craft": "", "tourism": "", "leisure": "", "phone": "", "opening_hours": "", "website": "", "housenumber": "", "street": ""}, "geometry": {"type": "Point", "coordinates": [60.7370194, 56.0600639]}}, {"type": "Feature", "properties": {"id": 1635535154, "name": "autoЭлемент", "amenity": "", "shop": "car_parts", "office": "", "healthcare": "", "craft": "", "tourism": "", "leisure": "", "phone": "", "opening_hours": "", "website": "", "housenumber": "", "street": ""}, "geometry": {"type": "Point", "coordinates": [60.7415118, 56.0667204]}}, {"type": "Feature", "properties": {"id": 1647447662, "name": "Отдел по работе с молодежью", "amenity": "public_building", "shop": "", "office": "", "healthcare": "", "craft": "", "tourism": "", "leisure": "", "phone": "", "opening_hours": "", "website": "", "housenumber": "", "street": ""}, "geometry": {"type": "Point", "coordinates": [60.7204974, 56.0827648]}}, {"type": "Feature", "properties": {"id": 1647447668, "name": "Снежинский Политехникум", "amenity": "college", "shop": "", "office": "", "healthcare": "", "craft": "", "tourism": "", "leisure": "", "phone": "", "opening_hours": "", "website": "", "housenumber": "", "street": ""}, "geometry": {"type": "Point", "coordinates": [60.7510656, 56.0809462]}}, {"type": "Feature", "properties": {"id": 1696041582, "name": "Красное Белое", "amenity": "", "shop": "alcohol", "office": "", "healthcare": "", "craft": "", "tourism": "", "leisure": "", "phone": "", "opening_hours": "", "website": "", "housenumber": "", "street": ""}, "geometry": {"type": "Point", "coordinates": [60.7223162, 56.0903568]}}, {"type": "Feature", "properties": {"id": 1696043865, "name": "ЧОО \"СБ Цитадель\"", "amenity": "police", "shop": "", "office": "", "healthcare": "", "craft": "", "tourism": "", "leisure": "", "phone": "", "opening_hours": "", "website": "", "housenumber": "", "street": ""}, "geometry": {"type": "Point", "coordinates": [60.7352648, 56.0892162]}}, {"type": "Feature", "properties": {"id": 1770234395, "name": "Стекландия", "amenity": "", "shop": "doityourself", "office": "", "healthcare": "", "craft": "", "tourism": "", "leisure": "", "phone": "", "opening_hours": "Mo-Fr 09:00-14:00,15:00-18:00; Sa,Su off", "website": "", "housenumber": "", "street": ""}, "geometry": {"type": "Point", "coordinates": [60.7322753, 56.0882599]}}, {"type": "Feature", "properties": {"id": 1800344453, "name": "", "amenity": "atm", "shop": "", "office": "", "healthcare": "", "craft": "", "tourism": "", "leisure": "", "phone": "+7 800 5555550", "opening_hours": "", "website": "https://www.sberbank.ru/", "housenumber": "", "street": ""}, "geometry": {"type": "Point", "coordinates": [60.7377573, 56.0716135]}}, {"type": "Feature", "properties": {"id": 1800344454, "name": "", "amenity": "atm", "shop": "", "office": "", "healthcare": "", "craft": "", "tourism": "", "leisure": "", "phone": "+7 800 5001800", "opening_hours": "", "website": "https://www.chelindbank.ru/", "housenumber": "", "street": ""}, "geometry": {"type": "Point", "coordinates": [60.7379224, 56.0716063]}}, {"type": "Feature", "properties": {"id": 1800344456, "name": "", "amenity": "atm", "shop": "", "office": "", "healthcare": "", "craft": "", "tourism": "", "leisure": "", "phone": "+7 800 5001800", "opening_hours": "", "website": "https://www.chelindbank.ru/", "housenumber": "", "street": ""}, "geometry": {"type": "Point", "coordinates": [60.7490485, 56.0784336]}}, {"type": "Feature", "properties": {"id": 1800344459, "name": "", "amenity": "atm", "shop": "", "office": "", "healthcare": "", "craft": "", "tourism": "", "leisure": "", "phone": "+7 800 5001800", "opening_hours": "", "website": "https://www.chelindbank.ru/", "housenumber": "", "street": ""}, "geometry": {"type": "Point", "coordinates": [60.7323446, 56.0822962]}}, {"type": "Feature", "properties": {"id": 1800344462, "name": "", "amenity": "atm", "shop": "", "office": "", "healthcare": "", "craft": "", "tourism": "", "leisure": "", "phone": "+7 800 5555550", "opening_hours": "", "website": "https://www.sberbank.ru/", "housenumber": "", "street": ""}, "geometry": {"type": "Point", "coordinates": [60.7311968, 56.0873562]}}, {"type": "Feature", "properties": {"id": 1800344465, "name": "", "amenity": "atm", "shop": "", "office": "", "healthcare": "", "craft": "", "tourism": "", "leisure": "", "phone": "+7 800 5001800", "opening_hours": "", "website": "https://www.chelindbank.ru/", "housenumber": "", "street": ""}, "geometry": {"type": "Point", "coordinates": [60.7312867, 56.0870561]}}, {"type": "Feature", "properties": {"id": 1800344468, "name": "", "amenity": "atm", "shop": "", "office": "", "healthcare": "", "craft": "", "tourism": "", "leisure": "", "phone": "+7 800 5001800", "opening_hours": "", "website": "https://www.chelindbank.ru/", "housenumber": "", "street": ""}, "geometry": {"type": "Point", "coordinates": [60.7257065, 56.0895218]}}, {"type": "Feature", "properties": {"id": 1859119480, "name": "Столовая 8", "amenity": "cafe", "shop": "", "office": "", "healthcare": "", "craft": "", "tourism": "", "leisure": "", "phone": "", "opening_hours": "", "website": "", "housenumber": "", "street": ""}, "geometry": {"type": "Point", "coordinates": [60.7182318, 56.0641377]}}, {"type": "Feature", "properties": {"id": 1859119560, "name": "", "amenity": "fuel", "shop": "", "office": "", "healthcare": "", "craft": "", "tourism": "", "leisure": "", "phone": "", "opening_hours": "", "website": "", "housenumber": "", "street": ""}, "geometry": {"type": "Point", "coordinates": [60.7295022, 56.0646023]}}, {"type": "Feature", "properties": {"id": 1899565681, "name": "Магазин разливного пива", "amenity": "", "shop": "convenience", "office": "", "healthcare": "", "craft": "", "tourism": "", "leisure": "", "phone": "", "opening_hours": "", "website": "", "housenumber": "", "street": ""}, "geometry": {"type": "Point", "coordinates": [60.7462568, 56.0740256]}}, {"type": "Feature", "properties": {"id": 1899566102, "name": "Фасоль", "amenity": "", "shop": "convenience", "office": "", "healthcare": "", "craft": "", "tourism": "", "leisure": "", "phone": "+7 800 7001077", "opening_hours": "Mo-Fr 08:00-23:00; Sa 09:00-23:00; Su 09:00-22:00", "website": "https://myfasol.ru", "housenumber": "35", "street": "улица Ломинского"}, "geometry": {"type": "Point", "coordinates": [60.7447395, 56.0734406]}}, {"type": "Feature", "properties": {"id": 1899623108, "name": "Мой доктор", "amenity": "dentist", "shop": "", "office": "", "healthcare": "", "craft": "", "tourism": "", "leisure": "", "phone": "", "opening_hours": "", "website": "", "housenumber": "", "street": ""}, "geometry": {"type": "Point", "coordinates": [60.7527131, 56.0742821]}}, {"type": "Feature", "properties": {"id": 1899624374, "name": "Магазин", "amenity": "", "shop": "convenience", "office": "", "healthcare": "", "craft": "", "tourism": "", "leisure": "", "phone": "", "opening_hours": "", "website": "", "housenumber": "", "street": ""}, "geometry": {"type": "Point", "coordinates": [60.7447631, 56.0735096]}}, {"type": "Feature", "properties": {"id": 1899625212, "name": "Фасоль", "amenity": "", "shop": "convenience", "office": "", "healthcare": "", "craft": "", "tourism": "", "leisure": "", "phone": "+7 800 7001077", "opening_hours": "Mo-Fr 08:00-23:00; Sa 09:00-23:00; Su 09:00-22:00", "website": "https://myfasol.ru", "housenumber": "", "street": ""}, "geometry": {"type": "Point", "coordinates": [60.743835, 56.0783207]}}, {"type": "Feature", "properties": {"id": 1899690048, "name": "Цветочный Василенко", "amenity": "", "shop": "florist", "office": "", "healthcare": "", "craft": "", "tourism": "", "leisure": "", "phone": "", "opening_hours": "", "website": "", "housenumber": "", "street": ""}, "geometry": {"type": "Point", "coordinates": [60.7502081, 56.0777476]}}, {"type": "Feature", "properties": {"id": 1934017052, "name": "Редакция газеты \"ОКНО\"", "amenity": "", "shop": "", "office": "newspaper", "healthcare": "", "craft": "", "tourism": "", "leisure": "", "phone": "", "opening_hours": "9:00-18:00", "website": "", "housenumber": "7А", "street": "бульвар Циолковского"}, "geometry": {"type": "Point", "coordinates": [60.7393009, 56.0876358]}}, {"type": "Feature", "properties": {"id": 2091947182, "name": "", "amenity": "atm", "shop": "", "office": "", "healthcare": "", "craft": "", "tourism": "", "leisure": "", "phone": "+7 800 5555550", "opening_hours": "24/7", "website": "https://www.sberbank.ru/", "housenumber": "", "street": ""}, "geometry": {"type": "Point", "coordinates": [60.7475066, 56.077706]}}, {"type": "Feature", "properties": {"id": 2091947183, "name": "Индиго детский психологический центр", "amenity": "doctors", "shop": "", "office": "", "healthcare": "", "craft": "", "tourism": "", "leisure": "", "phone": "", "opening_hours": "", "website": "", "housenumber": "", "street": ""}, "geometry": {"type": "Point", "coordinates": [60.7475066, 56.0776641]}}, {"type": "Feature", "properties": {"id": 2091947184, "name": "", "amenity": "atm", "shop": "", "office": "", "healthcare": "", "craft": "", "tourism": "", "leisure": "", "phone": "+7 800 5555550", "opening_hours": "", "website": "https://www.sberbank.ru/", "housenumber": "", "street": ""}, "geometry": {"type": "Point", "coordinates": [60.7612261, 56.0772883]}}, {"type": "Feature", "properties": {"id": 2091947185, "name": "Оптика", "amenity": "", "shop": "optician", "office": "", "healthcare": "", "craft": "", "tourism": "", "leisure": "", "phone": "", "opening_hours": "", "website": "", "housenumber": "", "street": ""}, "geometry": {"type": "Point", "coordinates": [60.7527208, 56.0783571]}}, {"type": "Feature", "properties": {"id": 2091947186, "name": "Роспечать", "amenity": "", "shop": "kiosk", "office": "", "healthcare": "", "craft": "", "tourism": "", "leisure": "", "phone": "", "opening_hours": "", "website": "", "housenumber": "", "street": ""}, "geometry": {"type": "Point", "coordinates": [60.7448459, 56.0793046]}}, {"type": "Feature", "properties": {"id": 2091947191, "name": "Экспресс тревел", "amenity": "", "shop": "travel_agency", "office": "", "healthcare": "", "craft": "", "tourism": "", "leisure": "", "phone": "", "opening_hours": "10:00-19:00", "website": "", "housenumber": "", "street": ""}, "geometry": {"type": "Point", "coordinates": [60.7397121, 56.0848153]}}, {"type": "Feature", "properties": {"id": 2091947192, "name": "", "amenity": "atm", "shop": "", "office": "", "healthcare": "", "craft": "", "tourism": "", "leisure": "", "phone": "+7 800 5555550", "opening_hours": "", "website": "https://www.sberbank.ru/", "housenumber": "", "street": ""}, "geometry": {"type": "Point", "coordinates": [60.7408065, 56.0847615]}}, {"type": "Feature", "properties": {"id": 2093167743, "name": "Шиколат", "amenity": "restaurant", "shop": "", "office": "", "healthcare": "", "craft": "", "tourism": "", "leisure": "", "phone": "", "opening_hours": "", "website": "", "housenumber": "", "street": ""}, "geometry": {"type": "Point", "coordinates": [60.7408762, 56.0850518]}}, {"type": "Feature", "properties": {"id": 2146560753, "name": "Строительный мир", "amenity": "", "shop": "doityourself", "office": "", "healthcare": "", "craft": "", "tourism": "", "leisure": "", "phone": "", "opening_hours": "", "website": "", "housenumber": "", "street": ""}, "geometry": {"type": "Point", "coordinates": [60.7429087, 56.0651076]}}, {"type": "Feature", "properties": {"id": 2146565380, "name": "Мебельный цех Клен", "amenity": "", "shop": "", "office": "company", "healthcare": "", "craft": "", "tourism": "", "leisure": "", "phone": "", "opening_hours": "", "website": "", "housenumber": "", "street": ""}, "geometry": {"type": "Point", "coordinates": [60.7400219, 56.0669617]}}, {"type": "Feature", "properties": {"id": 2146568620, "name": "Гамбринус", "amenity": "restaurant", "shop": "", "office": "", "healthcare": "", "craft": "", "tourism": "", "leisure": "", "phone": "", "opening_hours": "Mo-Th 11:30-23:00, Fr 11:30-01:00, Sa 13:00-01:00, Su 13:00-23:00", "website": "", "housenumber": "", "street": ""}, "geometry": {"type": "Point", "coordinates": [60.7574763, 56.0784481]}}, {"type": "Feature", "properties": {"id": 2526175076, "name": "Пожарная часть №7", "amenity": "fire_station", "shop": "", "office": "", "healthcare": "", "craft": "", "tourism": "", "leisure": "", "phone": "", "opening_hours": "", "website": "", "housenumber": "", "street": ""}, "geometry": {"type": "Point", "coordinates": [60.7388254, 56.0808988]}}, {"type": "Feature", "properties": {"id": 2526175077, "name": "Спортзал", "amenity": "", "shop": "", "office": "", "healthcare": "", "craft": "", "tourism": "", "leisure": "sports_centre", "phone": "", "opening_hours": "", "website": "", "housenumber": "", "street": ""}, "geometry": {"type": "Point", "coordinates": [60.7390961, 56.080617]}}, {"type": "Feature", "properties": {"id": 2915482592, "name": "Классика", "amenity": "pharmacy", "shop": "", "office": "", "healthcare": "", "craft": "", "tourism": "", "leisure": "", "phone": "", "opening_hours": "", "website": "", "housenumber": "", "street": ""}, "geometry": {"type": "Point", "coordinates": [60.7436407, 56.0810354]}}, {"type": "Feature", "properties": {"id": 2915482593, "name": "Монетка", "amenity": "", "shop": "supermarket", "office": "", "healthcare": "", "craft": "", "tourism": "", "leisure": "", "phone": "+7 800 1008500", "opening_hours": "", "website": "http://www.monetka.ru", "housenumber": "", "street": ""}, "geometry": {"type": "Point", "coordinates": [60.7436715, 56.0811995]}}, {"type": "Feature", "properties": {"id": 3058580837, "name": "СОКОЛ", "amenity": "", "shop": "", "office": "company", "healthcare": "", "craft": "", "tourism": "", "leisure": "", "phone": "", "opening_hours": "", "website": "", "housenumber": "", "street": ""}, "geometry": {"type": "Point", "coordinates": [60.7396854, 56.0872036]}}, {"type": "Feature", "properties": {"id": 3498430391, "name": "Монетка", "amenity": "", "shop": "supermarket", "office": "", "healthcare": "", "craft": "", "tourism": "", "leisure": "", "phone": "", "opening_hours": "Mo-Su 09:00-23:00", "website": "", "housenumber": "", "street": ""}, "geometry": {"type": "Point", "coordinates": [60.7205996, 56.0830039]}}, {"type": "Feature", "properties": {"id": 3498430753, "name": "Найфл", "amenity": "", "shop": "electronics", "office": "", "healthcare": "", "craft": "", "tourism": "", "leisure": "", "phone": "", "opening_hours": "", "website": "", "housenumber": "", "street": ""}, "geometry": {"type": "Point", "coordinates": [60.736534, 56.0852614]}}, {"type": "Feature", "properties": {"id": 3498435293, "name": "Перчик", "amenity": "cafe", "shop": "", "office": "", "healthcare": "", "craft": "", "tourism": "", "leisure": "", "phone": "", "opening_hours": "", "website": "", "housenumber": "", "street": ""}, "geometry": {"type": "Point", "coordinates": [60.7345607, 56.0852899]}}, {"type": "Feature", "properties": {"id": 3498435657, "name": "Монетка", "amenity": "", "shop": "supermarket", "office": "", "healthcare": "", "craft": "", "tourism": "", "leisure": "", "phone": "", "opening_hours": "", "website": "", "housenumber": "", "street": ""}, "geometry": {"type": "Point", "coordinates": [60.7263604, 56.0859662]}}, {"type": "Feature", "properties": {"id": 3498436069, "name": "CenterBar", "amenity": "bar", "shop": "", "office": "", "healthcare": "", "craft": "", "tourism": "", "leisure": "", "phone": "", "opening_hours": "", "website": "", "housenumber": "", "street": ""}, "geometry": {"type": "Point", "coordinates": [60.7318324, 56.0876337]}}, {"type": "Feature", "properties": {"id": 3498436531, "name": "Ариант", "amenity": "", "shop": "butcher", "office": "", "healthcare": "", "craft": "", "tourism": "", "leisure": "", "phone": "+7 351 2450345;+7 912 3107094", "opening_hours": "Mo-Su 09:00-21:00", "website": "https://af-ariant.ru/", "housenumber": "", "street": ""}, "geometry": {"type": "Point", "coordinates": [60.7339138, 56.0899377]}}, {"type": "Feature", "properties": {"id": 3498437908, "name": "Мой мясной", "amenity": "", "shop": "butcher", "office": "", "healthcare": "", "craft": "", "tourism": "", "leisure": "", "phone": "", "opening_hours": "Mo-Fr 10:00-19:00; Sa,Su off", "website": "", "housenumber": "", "street": ""}, "geometry": {"type": "Point", "coordinates": [60.7352467, 56.0856205]}}, {"type": "Feature", "properties": {"id": 3498438184, "name": "Пол и Двери", "amenity": "", "shop": "doityourself", "office": "", "healthcare": "", "craft": "", "tourism": "", "leisure": "", "phone": "", "opening_hours": "", "website": "", "housenumber": "", "street": ""}, "geometry": {"type": "Point", "coordinates": [60.7475519, 56.0819675]}}, {"type": "Feature", "properties": {"id": 3498439732, "name": "ВЕТПРАКТИКА", "amenity": "veterinary", "shop": "", "office": "", "healthcare": "", "craft": "", "tourism": "", "leisure": "", "phone": "", "opening_hours": "", "website": "", "housenumber": "", "street": ""}, "geometry": {"type": "Point", "coordinates": [60.748333, 56.0818659]}}, {"type": "Feature", "properties": {"id": 3498443500, "name": "Стольник", "amenity": "", "shop": "clothes", "office": "", "healthcare": "", "craft": "", "tourism": "", "leisure": "", "phone": "", "opening_hours": "", "website": "", "housenumber": "", "street": ""}, "geometry": {"type": "Point", "coordinates": [60.756758, 56.0782572]}}, {"type": "Feature", "properties": {"id": 3498445897, "name": "Мавт", "amenity": "", "shop": "", "office": "", "healthcare": "", "craft": "winery", "tourism": "", "leisure": "", "phone": "", "opening_hours": "", "website": "", "housenumber": "", "street": ""}, "geometry": {"type": "Point", "coordinates": [60.7435896, 56.0809806]}}, {"type": "Feature", "properties": {"id": 3498453574, "name": "Спринт", "amenity": "bar", "shop": "", "office": "", "healthcare": "", "craft": "", "tourism": "", "leisure": "", "phone": "", "opening_hours": "", "website": "", "housenumber": "", "street": ""}, "geometry": {"type": "Point", "coordinates": [60.7348896, 56.089876]}}, {"type": "Feature", "properties": {"id": 3708001120, "name": "Классика", "amenity": "pharmacy", "shop": "", "office": "", "healthcare": "", "craft": "", "tourism": "", "leisure": "", "phone": "", "opening_hours": "", "website": "", "housenumber": "", "street": ""}, "geometry": {"type": "Point", "coordinates": [60.7546826, 56.0763876]}}, {"type": "Feature", "properties": {"id": 4112185089, "name": "DNS", "amenity": "", "shop": "electronics", "office": "", "healthcare": "", "craft": "", "tourism": "", "leisure": "", "phone": "+7 800 7707999", "opening_hours": "Mo-Su 10:00-20:00", "website": "https://www.dns-shop.ru/", "housenumber": "", "street": ""}, "geometry": {"type": "Point", "coordinates": [60.7312934, 56.0873259]}}, {"type": "Feature", "properties": {"id": 4233819292, "name": "Ариант", "amenity": "", "shop": "butcher", "office": "", "healthcare": "", "craft": "", "tourism": "", "leisure": "", "phone": "", "opening_hours": "", "website": "", "housenumber": "", "street": ""}, "geometry": {"type": "Point", "coordinates": [60.7530471, 56.0783526]}}, {"type": "Feature", "properties": {"id": 4233824155, "name": "Ариант", "amenity": "", "shop": "convenience", "office": "", "healthcare": "", "craft": "", "tourism": "", "leisure": "", "phone": "", "opening_hours": "Mo-Su 09:00-21:00", "website": "", "housenumber": "", "street": ""}, "geometry": {"type": "Point", "coordinates": [60.7435694, 56.0807402]}}, {"type": "Feature", "properties": {"id": 4234056210, "name": "Аристократ", "amenity": "", "shop": "watches", "office": "", "healthcare": "", "craft": "", "tourism": "", "leisure": "", "phone": "", "opening_hours": "", "website": "", "housenumber": "", "street": ""}, "geometry": {"type": "Point", "coordinates": [60.7525435, 56.0733621]}}, {"type": "Feature", "properties": {"id": 4234085515, "name": "Кулинар", "amenity": "", "shop": "convenience", "office": "", "healthcare": "", "craft": "", "tourism": "", "leisure": "", "phone": "", "opening_hours": "", "website": "", "housenumber": "", "street": ""}, "geometry": {"type": "Point", "coordinates": [60.751349, 56.0769122]}}, {"type": "Feature", "properties": {"id": 4323777590, "name": "Ариант", "amenity": "", "shop": "convenience", "office": "", "healthcare": "", "craft": "", "tourism": "", "leisure": "", "phone": "", "opening_hours": "", "website": "", "housenumber": "", "street": ""}, "geometry": {"type": "Point", "coordinates": [60.7599855, 56.0757895]}}, {"type": "Feature", "properties": {"id": 4323777591, "name": "Государственная аптека", "amenity": "pharmacy", "shop": "", "office": "", "healthcare": "", "craft": "", "tourism": "", "leisure": "", "phone": "", "opening_hours": "", "website": "", "housenumber": "", "street": ""}, "geometry": {"type": "Point", "coordinates": [60.759545, 56.0747921]}}, {"type": "Feature", "properties": {"id": 4323777592, "name": "Красное и белое", "amenity": "", "shop": "alcohol", "office": "", "healthcare": "", "craft": "", "tourism": "", "leisure": "", "phone": "", "opening_hours": "", "website": "", "housenumber": "", "street": ""}, "geometry": {"type": "Point", "coordinates": [60.759983, 56.0758263]}}, {"type": "Feature", "properties": {"id": 4578372490, "name": "мегаполис", "amenity": "", "shop": "clothes", "office": "", "healthcare": "", "craft": "", "tourism": "", "leisure": "", "phone": "", "opening_hours": "", "website": "", "housenumber": "", "street": ""}, "geometry": {"type": "Point", "coordinates": [60.7311486, 56.0872752]}}, {"type": "Feature", "properties": {"id": 4786007127, "name": "ц.354 ДЭУ", "amenity": "", "shop": "", "office": "government", "healthcare": "", "craft": "", "tourism": "", "leisure": "", "phone": "", "opening_hours": "", "website": "", "housenumber": "", "street": ""}, "geometry": {"type": "Point", "coordinates": [60.7338027, 56.0675689]}}, {"type": "Feature", "properties": {"id": 4786007128, "name": "Газпромнефть", "amenity": "fuel", "shop": "", "office": "", "healthcare": "", "craft": "", "tourism": "", "leisure": "", "phone": "+7 800 7005151", "opening_hours": "24/7", "website": "https://gpnbonus.ru/", "housenumber": "", "street": ""}, "geometry": {"type": "Point", "coordinates": [60.7326784, 56.0646184]}}, {"type": "Feature", "properties": {"id": 4786007130, "name": "Делимит", "amenity": "", "shop": "convenience", "office": "", "healthcare": "", "craft": "", "tourism": "", "leisure": "", "phone": "", "opening_hours": "", "website": "", "housenumber": "", "street": ""}, "geometry": {"type": "Point", "coordinates": [60.7271879, 56.0897042]}}, {"type": "Feature", "properties": {"id": 4786007131, "name": "Мегафон", "amenity": "", "shop": "", "office": "telecommunication", "healthcare": "", "craft": "", "tourism": "", "leisure": "", "phone": "", "opening_hours": "", "website": "", "housenumber": "", "street": ""}, "geometry": {"type": "Point", "coordinates": [60.7310308, 56.0863912]}}, {"type": "Feature", "properties": {"id": 4786011727, "name": "Славура", "amenity": "", "shop": "confectionery", "office": "", "healthcare": "", "craft": "", "tourism": "", "leisure": "", "phone": "", "opening_hours": "", "website": "", "housenumber": "", "street": ""}, "geometry": {"type": "Point", "coordinates": [60.7313049, 56.0875233]}}, {"type": "Feature", "properties": {"id": 4786024927, "name": "Стройматериалы", "amenity": "", "shop": "hardware", "office": "", "healthcare": "", "craft": "", "tourism": "", "leisure": "", "phone": "", "opening_hours": "", "website": "", "housenumber": "", "street": ""}, "geometry": {"type": "Point", "coordinates": [60.7377221, 56.0668378]}}, {"type": "Feature", "properties": {"id": 4786025025, "name": "ц.354", "amenity": "", "shop": "", "office": "government", "healthcare": "", "craft": "", "tourism": "", "leisure": "", "phone": "", "opening_hours": "", "website": "", "housenumber": "", "street": ""}, "geometry": {"type": "Point", "coordinates": [60.7325264, 56.0658883]}}, {"type": "Feature", "properties": {"id": 4786025026, "name": "Хлебозавод", "amenity": "", "shop": "bakery", "office": "", "healthcare": "", "craft": "", "tourism": "", "leisure": "", "phone": "", "opening_hours": "", "website": "", "housenumber": "", "street": ""}, "geometry": {"type": "Point", "coordinates": [60.7371738, 56.0654524]}}, {"type": "Feature", "properties": {"id": 4786027322, "name": "Ариант", "amenity": "", "shop": "butcher", "office": "", "healthcare": "", "craft": "", "tourism": "", "leisure": "", "phone": "", "opening_hours": "", "website": "", "housenumber": "", "street": ""}, "geometry": {"type": "Point", "coordinates": [60.7313818, 56.087523]}}, {"type": "Feature", "properties": {"id": 4786031423, "name": "ГО МЧС", "amenity": "", "shop": "", "office": "government", "healthcare": "", "craft": "", "tourism": "", "leisure": "", "phone": "", "opening_hours": "", "website": "", "housenumber": "", "street": ""}, "geometry": {"type": "Point", "coordinates": [60.7383182, 56.0930685]}}, {"type": "Feature", "properties": {"id": 4786031565, "name": "", "amenity": "", "shop": "hardware", "office": "", "healthcare": "", "craft": "", "tourism": "", "leisure": "", "phone": "", "opening_hours": "", "website": "", "housenumber": "", "street": ""}, "geometry": {"type": "Point", "coordinates": [60.7206629, 56.0828442]}}, {"type": "Feature", "properties": {"id": 4786049550, "name": "Зоотовары(2эт.)", "amenity": "", "shop": "pet", "office": "", "healthcare": "", "craft": "", "tourism": "", "leisure": "", "phone": "", "opening_hours": "", "website": "", "housenumber": "", "street": ""}, "geometry": {"type": "Point", "coordinates": [60.7361865, 56.0853253]}}, {"type": "Feature", "properties": {"id": 4786060239, "name": "Магнит Косметик", "amenity": "", "shop": "chemist", "office": "", "healthcare": "", "craft": "", "tourism": "", "leisure": "", "phone": "+7 800 2009002", "opening_hours": "", "website": "https://magnitcosmetic.ru", "housenumber": "", "street": ""}, "geometry": {"type": "Point", "coordinates": [60.7361016, 56.0852476]}}, {"type": "Feature", "properties": {"id": 4786060930, "name": "Салон красоты", "amenity": "", "shop": "hairdresser", "office": "", "healthcare": "", "craft": "", "tourism": "", "leisure": "", "phone": "", "opening_hours": "", "website": "", "housenumber": "", "street": ""}, "geometry": {"type": "Point", "coordinates": [60.7326395, 56.0903421]}}, {"type": "Feature", "properties": {"id": 4786094621, "name": "Флорина", "amenity": "", "shop": "florist", "office": "", "healthcare": "", "craft": "", "tourism": "", "leisure": "", "phone": "", "opening_hours": "", "website": "", "housenumber": "", "street": ""}, "geometry": {"type": "Point", "coordinates": [60.7237794, 56.0828794]}}, {"type": "Feature", "properties": {"id": 4786094622, "name": "Мои документы", "amenity": "", "shop": "", "office": "government", "healthcare": "", "craft": "", "tourism": "", "leisure": "", "phone": "", "opening_hours": "", "website": "", "housenumber": "", "street": ""}, "geometry": {"type": "Point", "coordinates": [60.7314411, 56.0838664]}}, {"type": "Feature", "properties": {"id": 4786095121, "name": "ВТБ", "amenity": "bank", "shop": "", "office": "", "healthcare": "", "craft": "", "tourism": "", "leisure": "", "phone": "+7 800 2007799", "opening_hours": "Mo-Fr 09:00-18:00; Sa,Su off", "website": "https://www.vtb.ru", "housenumber": "", "street": ""}, "geometry": {"type": "Point", "coordinates": [60.7335192, 56.0890012]}}, {"type": "Feature", "properties": {"id": 4786162125, "name": "Трансэнерго", "amenity": "fuel", "shop": "", "office": "", "healthcare": "", "craft": "", "tourism": "", "leisure": "", "phone": "", "opening_hours": "", "website": "", "housenumber": "", "street": ""}, "geometry": {"type": "Point", "coordinates": [60.7294907, 56.0644131]}}, {"type": "Feature", "properties": {"id": 4786163824, "name": "Гор.газ", "amenity": "", "shop": "", "office": "government", "healthcare": "", "craft": "", "tourism": "", "leisure": "", "phone": "", "opening_hours": "", "website": "", "housenumber": "", "street": ""}, "geometry": {"type": "Point", "coordinates": [60.737081, 56.0780342]}}, {"type": "Feature", "properties": {"id": 4786163825, "name": "Шиномонтаж", "amenity": "", "shop": "car_repair", "office": "", "healthcare": "", "craft": "", "tourism": "", "leisure": "", "phone": "", "opening_hours": "", "website": "", "housenumber": "", "street": ""}, "geometry": {"type": "Point", "coordinates": [60.737204, 56.0689182]}}, {"type": "Feature", "properties": {"id": 4786163924, "name": "Атомохрана", "amenity": "", "shop": "", "office": "government", "healthcare": "", "craft": "", "tourism": "", "leisure": "", "phone": "", "opening_hours": "", "website": "", "housenumber": "", "street": ""}, "geometry": {"type": "Point", "coordinates": [60.7372764, 56.0790281]}}, {"type": "Feature", "properties": {"id": 4786163925, "name": "Спорткомплекс \"Авангард\"", "amenity": "community_centre", "shop": "", "office": "", "healthcare": "", "craft": "", "tourism": "", "leisure": "", "phone": "", "opening_hours": "", "website": "", "housenumber": "", "street": ""}, "geometry": {"type": "Point", "coordinates": [60.7372088, 56.0787172]}}, {"type": "Feature", "properties": {"id": 4786163926, "name": "", "amenity": "car_wash", "shop": "", "office": "", "healthcare": "", "craft": "", "tourism": "", "leisure": "", "phone": "", "opening_hours": "", "website": "", "housenumber": "", "street": ""}, "geometry": {"type": "Point", "coordinates": [60.7320834, 56.071617]}}, {"type": "Feature", "properties": {"id": 4786163927, "name": "Мебельный цех", "amenity": "", "shop": "furniture", "office": "", "healthcare": "", "craft": "", "tourism": "", "leisure": "", "phone": "", "opening_hours": "", "website": "", "housenumber": "", "street": ""}, "geometry": {"type": "Point", "coordinates": [60.7378213, 56.0675483]}}, {"type": "Feature", "properties": {"id": 4786164721, "name": "Трансэнерго", "amenity": "", "shop": "", "office": "government", "healthcare": "", "craft": "", "tourism": "", "leisure": "", "phone": "", "opening_hours": "", "website": "", "housenumber": "", "street": ""}, "geometry": {"type": "Point", "coordinates": [60.7307059, 56.0657444]}}, {"type": "Feature", "properties": {"id": 4786179822, "name": "Фото", "amenity": "", "shop": "", "office": "", "healthcare": "", "craft": "tailor", "tourism": "", "leisure": "", "phone": "", "opening_hours": "", "website": "", "housenumber": "", "street": ""}, "geometry": {"type": "Point", "coordinates": [60.7616053, 56.0781472]}}, {"type": "Feature", "properties": {"id": 4786179823, "name": "Рыболов", "amenity": "", "shop": "outdoor", "office": "", "healthcare": "", "craft": "", "tourism": "", "leisure": "", "phone": "", "opening_hours": "", "website": "", "housenumber": "", "street": ""}, "geometry": {"type": "Point", "coordinates": [60.770018, 56.0710217]}}, {"type": "Feature", "properties": {"id": 4786179824, "name": "Спецодежда", "amenity": "", "shop": "clothes", "office": "", "healthcare": "", "craft": "", "tourism": "", "leisure": "", "phone": "", "opening_hours": "", "website": "", "housenumber": "", "street": ""}, "geometry": {"type": "Point", "coordinates": [60.7699953, 56.0707987]}}, {"type": "Feature", "properties": {"id": 4786179825, "name": "Аскона", "amenity": "", "shop": "furniture", "office": "", "healthcare": "", "craft": "", "tourism": "", "leisure": "", "phone": "", "opening_hours": "", "website": "", "housenumber": "", "street": ""}, "geometry": {"type": "Point", "coordinates": [60.771145, 56.0702649]}}, {"type": "Feature", "properties": {"id": 4786180023, "name": "Нарколог, психиатр м/о", "amenity": "clinic", "shop": "", "office": "", "healthcare": "", "craft": "", "tourism": "", "leisure": "", "phone": "", "opening_hours": "", "website": "", "housenumber": "", "street": ""}, "geometry": {"type": "Point", "coordinates": [60.7475345, 56.0780199]}}, {"type": "Feature", "properties": {"id": 4786189421, "name": "Ткани", "amenity": "", "shop": "", "office": "", "healthcare": "", "craft": "tailor", "tourism": "", "leisure": "", "phone": "", "opening_hours": "", "website": "", "housenumber": "", "street": ""}, "geometry": {"type": "Point", "coordinates": [60.7426006, 56.0862904]}}, {"type": "Feature", "properties": {"id": 4786189521, "name": "DNS", "amenity": "", "shop": "electronics", "office": "", "healthcare": "", "craft": "", "tourism": "", "leisure": "", "phone": "+7 800 7707999", "opening_hours": "Mo-Su 10:00-20:00", "website": "https://www.dns-shop.ru/", "housenumber": "", "street": ""}, "geometry": {"type": "Point", "coordinates": [60.7572486, 56.0784627]}}, {"type": "Feature", "properties": {"id": 4786189522, "name": "Пеплос", "amenity": "", "shop": "clothes", "office": "", "healthcare": "", "craft": "", "tourism": "", "leisure": "", "phone": "", "opening_hours": "", "website": "", "housenumber": "", "street": ""}, "geometry": {"type": "Point", "coordinates": [60.7573014, 56.0783258]}}, {"type": "Feature", "properties": {"id": 4786189621, "name": "ЧП Хотиненко", "amenity": "", "shop": "shoes", "office": "", "healthcare": "", "craft": "", "tourism": "", "leisure": "", "phone": "", "opening_hours": "", "website": "", "housenumber": "", "street": ""}, "geometry": {"type": "Point", "coordinates": [60.7570161, 56.0785304]}}, {"type": "Feature", "properties": {"id": 4786259333, "name": "Одноразовая посуда и упаковка", "amenity": "", "shop": "hardware", "office": "", "healthcare": "", "craft": "", "tourism": "", "leisure": "", "phone": "", "opening_hours": "", "website": "", "housenumber": "", "street": ""}, "geometry": {"type": "Point", "coordinates": [60.7212488, 56.0910926]}}, {"type": "Feature", "properties": {"id": 4786259335, "name": "ЧП Стоматолог", "amenity": "dentist", "shop": "", "office": "", "healthcare": "", "craft": "", "tourism": "", "leisure": "", "phone": "", "opening_hours": "", "website": "", "housenumber": "", "street": ""}, "geometry": {"type": "Point", "coordinates": [60.7350384, 56.0891857]}}, {"type": "Feature", "properties": {"id": 4792136221, "name": "Казанова 69", "amenity": "", "shop": "clothes", "office": "", "healthcare": "", "craft": "", "tourism": "", "leisure": "", "phone": "", "opening_hours": "", "website": "", "housenumber": "", "street": ""}, "geometry": {"type": "Point", "coordinates": [60.7417168, 56.0826438]}}, {"type": "Feature", "properties": {"id": 4792136321, "name": "Рембыттехника", "amenity": "", "shop": "electronics", "office": "", "healthcare": "", "craft": "", "tourism": "", "leisure": "", "phone": "", "opening_hours": "", "website": "", "housenumber": "", "street": ""}, "geometry": {"type": "Point", "coordinates": [60.7391273, 56.0827223]}}, {"type": "Feature", "properties": {"id": 4792136521, "name": "Центр здоровья Санита. Анализы. Оптика.", "amenity": "doctors", "shop": "", "office": "", "healthcare": "", "craft": "", "tourism": "", "leisure": "", "phone": "", "opening_hours": "", "website": "", "housenumber": "", "street": ""}, "geometry": {"type": "Point", "coordinates": [60.7398575, 56.0826934]}}, {"type": "Feature", "properties": {"id": 4792864222, "name": "", "amenity": "", "shop": "confectionery", "office": "", "healthcare": "", "craft": "", "tourism": "", "leisure": "", "phone": "", "opening_hours": "", "website": "", "housenumber": "", "street": ""}, "geometry": {"type": "Point", "coordinates": [60.7259694, 56.0849274]}}, {"type": "Feature", "properties": {"id": 4792864225, "name": "Изготовление ключей", "amenity": "", "shop": "", "office": "", "healthcare": "", "craft": "tailor", "tourism": "", "leisure": "", "phone": "", "opening_hours": "", "website": "", "housenumber": "", "street": ""}, "geometry": {"type": "Point", "coordinates": [60.721699, 56.0827615]}}, {"type": "Feature", "properties": {"id": 4792868022, "name": "", "amenity": "", "shop": "convenience", "office": "", "healthcare": "", "craft": "", "tourism": "", "leisure": "", "phone": "", "opening_hours": "", "website": "", "housenumber": "", "street": ""}, "geometry": {"type": "Point", "coordinates": [60.7168724, 56.086243]}}, {"type": "Feature", "properties": {"id": 4792868024, "name": "Ткани и одежда", "amenity": "", "shop": "clothes", "office": "", "healthcare": "", "craft": "", "tourism": "", "leisure": "", "phone": "", "opening_hours": "", "website": "", "housenumber": "", "street": ""}, "geometry": {"type": "Point", "coordinates": [60.7412194, 56.0847477]}}, {"type": "Feature", "properties": {"id": 4792868323, "name": "", "amenity": "", "shop": "butcher", "office": "", "healthcare": "", "craft": "", "tourism": "", "leisure": "", "phone": "", "opening_hours": "", "website": "", "housenumber": "", "street": ""}, "geometry": {"type": "Point", "coordinates": [60.7260022, 56.0851919]}}, {"type": "Feature", "properties": {"id": 4792868324, "name": "Рыболовный магазин", "amenity": "", "shop": "fishing", "office": "", "healthcare": "", "craft": "", "tourism": "", "leisure": "", "phone": "", "opening_hours": "", "website": "", "housenumber": "", "street": ""}, "geometry": {"type": "Point", "coordinates": [60.7218471, 56.0861772]}}, {"type": "Feature", "properties": {"id": 4792868421, "name": "Диалог", "amenity": "", "shop": "", "office": "", "healthcare": "", "craft": "tailor", "tourism": "", "leisure": "", "phone": "", "opening_hours": "", "website": "", "housenumber": "", "street": ""}, "geometry": {"type": "Point", "coordinates": [60.7361208, 56.0896254]}}, {"type": "Feature", "properties": {"id": 4792868422, "name": "Шторы и жалюзи", "amenity": "", "shop": "curtain", "office": "", "healthcare": "", "craft": "", "tourism": "", "leisure": "", "phone": "", "opening_hours": "", "website": "", "housenumber": "", "street": ""}, "geometry": {"type": "Point", "coordinates": [60.74249, 56.0864878]}}, {"type": "Feature", "properties": {"id": 4792868521, "name": "", "amenity": "", "shop": "clothes", "office": "", "healthcare": "", "craft": "", "tourism": "", "leisure": "", "phone": "", "opening_hours": "", "website": "", "housenumber": "", "street": ""}, "geometry": {"type": "Point", "coordinates": [60.7356639, 56.0890137]}}, {"type": "Feature", "properties": {"id": 4792869121, "name": "Ломбард", "amenity": "", "shop": "", "office": "", "healthcare": "", "craft": "tailor", "tourism": "", "leisure": "", "phone": "", "opening_hours": "", "website": "", "housenumber": "", "street": ""}, "geometry": {"type": "Point", "coordinates": [60.7325112, 56.0892777]}}, {"type": "Feature", "properties": {"id": 4793912421, "name": "Судебный участок 3", "amenity": "courthouse", "shop": "", "office": "", "healthcare": "", "craft": "", "tourism": "", "leisure": "", "phone": "", "opening_hours": "", "website": "", "housenumber": "", "street": ""}, "geometry": {"type": "Point", "coordinates": [60.7428389, 56.0831888]}}, {"type": "Feature", "properties": {"id": 4796849523, "name": "Подстанция", "amenity": "", "shop": "hardware", "office": "", "healthcare": "", "craft": "", "tourism": "", "leisure": "", "phone": "", "opening_hours": "", "website": "", "housenumber": "", "street": ""}, "geometry": {"type": "Point", "coordinates": [60.7564696, 56.073503]}}, {"type": "Feature", "properties": {"id": 4796864821, "name": "Любимая", "amenity": "bar", "shop": "", "office": "", "healthcare": "", "craft": "", "tourism": "", "leisure": "", "phone": "", "opening_hours": "", "website": "", "housenumber": "", "street": ""}, "geometry": {"type": "Point", "coordinates": [60.7392655, 56.0837023]}}, {"type": "Feature", "properties": {"id": 4796864822, "name": "Судебный участок 2", "amenity": "courthouse", "shop": "", "office": "", "healthcare": "", "craft": "", "tourism": "", "leisure": "", "phone": "", "opening_hours": "", "website": "", "housenumber": "", "street": ""}, "geometry": {"type": "Point", "coordinates": [60.7301219, 56.0832697]}}, {"type": "Feature", "properties": {"id": 4796864826, "name": "Хозблок", "amenity": "", "shop": "hardware", "office": "", "healthcare": "", "craft": "", "tourism": "", "leisure": "", "phone": "", "opening_hours": "", "website": "", "housenumber": "", "street": ""}, "geometry": {"type": "Point", "coordinates": [60.728157, 56.0838402]}}, {"type": "Feature", "properties": {"id": 4796874422, "name": "Бассейн \"Школьник\"", "amenity": "school", "shop": "", "office": "", "healthcare": "", "craft": "", "tourism": "", "leisure": "", "phone": "", "opening_hours": "", "website": "", "housenumber": "", "street": ""}, "geometry": {"type": "Point", "coordinates": [60.7486886, 56.0742727]}}, {"type": "Feature", "properties": {"id": 4796920121, "name": "Виктория", "amenity": "doctors", "shop": "", "office": "", "healthcare": "", "craft": "", "tourism": "", "leisure": "", "phone": "", "opening_hours": "", "website": "", "housenumber": "", "street": ""}, "geometry": {"type": "Point", "coordinates": [60.7343199, 56.090771]}}, {"type": "Feature", "properties": {"id": 4796920123, "name": "Бывшая городская библиотека", "amenity": "library", "shop": "", "office": "", "healthcare": "", "craft": "", "tourism": "", "leisure": "", "phone": "", "opening_hours": "", "website": "", "housenumber": "", "street": ""}, "geometry": {"type": "Point", "coordinates": [60.7321105, 56.0886445]}}, {"type": "Feature", "properties": {"id": 4797527429, "name": "Управление градостроительством", "amenity": "", "shop": "", "office": "government", "healthcare": "", "craft": "", "tourism": "", "leisure": "", "phone": "", "opening_hours": "", "website": "", "housenumber": "", "street": ""}, "geometry": {"type": "Point", "coordinates": [60.7379583, 56.0888751]}}, {"type": "Feature", "properties": {"id": 4797545624, "name": "\"Спецавтотранс\"", "amenity": "", "shop": "", "office": "government", "healthcare": "", "craft": "", "tourism": "", "leisure": "", "phone": "", "opening_hours": "", "website": "", "housenumber": "", "street": ""}, "geometry": {"type": "Point", "coordinates": [60.7318429, 56.0687483]}}, {"type": "Feature", "properties": {"id": 4797545625, "name": "Автобусный гараж", "amenity": "", "shop": "", "office": "government", "healthcare": "", "craft": "", "tourism": "", "leisure": "", "phone": "", "opening_hours": "", "website": "", "housenumber": "", "street": ""}, "geometry": {"type": "Point", "coordinates": [60.7293969, 56.0698305]}}, {"type": "Feature", "properties": {"id": 4797545626, "name": "Административное здание,легковой гараж.", "amenity": "", "shop": "", "office": "government", "healthcare": "", "craft": "", "tourism": "", "leisure": "", "phone": "", "opening_hours": "", "website": "", "housenumber": "", "street": ""}, "geometry": {"type": "Point", "coordinates": [60.7309319, 56.0670194]}}, {"type": "Feature", "properties": {"id": 4797582021, "name": "ОАО \"Фортуна\"", "amenity": "", "shop": "", "office": "government", "healthcare": "", "craft": "", "tourism": "", "leisure": "", "phone": "", "opening_hours": "", "website": "", "housenumber": "", "street": ""}, "geometry": {"type": "Point", "coordinates": [60.7346717, 56.0697311]}}, {"type": "Feature", "properties": {"id": 4797582022, "name": "\"Автоэкспресс\"", "amenity": "", "shop": "", "office": "government", "healthcare": "", "craft": "", "tourism": "", "leisure": "", "phone": "", "opening_hours": "", "website": "", "housenumber": "", "street": ""}, "geometry": {"type": "Point", "coordinates": [60.7339466, 56.0698955]}}, {"type": "Feature", "properties": {"id": 4797582023, "name": "\"Чистый город\"", "amenity": "", "shop": "", "office": "government", "healthcare": "", "craft": "", "tourism": "", "leisure": "", "phone": "", "opening_hours": "", "website": "", "housenumber": "", "street": ""}, "geometry": {"type": "Point", "coordinates": [60.7336306, 56.0686334]}}, {"type": "Feature", "properties": {"id": 4797582024, "name": "Линия ТО-2", "amenity": "", "shop": "", "office": "government", "healthcare": "", "craft": "", "tourism": "", "leisure": "", "phone": "", "opening_hours": "", "website": "", "housenumber": "", "street": ""}, "geometry": {"type": "Point", "coordinates": [60.7308616, 56.0683182]}}, {"type": "Feature", "properties": {"id": 4797582121, "name": "Мойка трансэнерго", "amenity": "", "shop": "", "office": "government", "healthcare": "", "craft": "", "tourism": "", "leisure": "", "phone": "", "opening_hours": "", "website": "", "housenumber": "", "street": ""}, "geometry": {"type": "Point", "coordinates": [60.7309832, 56.0675606]}}, {"type": "Feature", "properties": {"id": 4798043621, "name": "Почтовое отделение", "amenity": "post_office", "shop": "", "office": "", "healthcare": "", "craft": "", "tourism": "", "leisure": "", "phone": "", "opening_hours": "", "website": "", "housenumber": "", "street": ""}, "geometry": {"type": "Point", "coordinates": [60.7714742, 56.0700092]}}, {"type": "Feature", "properties": {"id": 4798043821, "name": "Отделение почтовой связи", "amenity": "post_office", "shop": "", "office": "", "healthcare": "", "craft": "", "tourism": "", "leisure": "", "phone": "", "opening_hours": "", "website": "https://www.pochta.ru", "housenumber": "", "street": ""}, "geometry": {"type": "Point", "coordinates": [60.7569989, 56.0782446]}}, {"type": "Feature", "properties": {"id": 4806360521, "name": "Опиум", "amenity": "", "shop": "cosmetics", "office": "", "healthcare": "", "craft": "", "tourism": "", "leisure": "", "phone": "", "opening_hours": "", "website": "", "housenumber": "", "street": ""}, "geometry": {"type": "Point", "coordinates": [60.7570047, 56.0786062]}}, {"type": "Feature", "properties": {"id": 4806360522, "name": "Опиум", "amenity": "", "shop": "cosmetics", "office": "", "healthcare": "", "craft": "", "tourism": "", "leisure": "", "phone": "", "opening_hours": "", "website": "", "housenumber": "", "street": ""}, "geometry": {"type": "Point", "coordinates": [60.7314749, 56.0873087]}}, {"type": "Feature", "properties": {"id": 4814011733, "name": "АО Движение", "amenity": "", "shop": "", "office": "government", "healthcare": "", "craft": "", "tourism": "", "leisure": "", "phone": "", "opening_hours": "", "website": "", "housenumber": "", "street": ""}, "geometry": {"type": "Point", "coordinates": [60.7620738, 56.0780633]}}, {"type": "Feature", "properties": {"id": 4815238221, "name": "Мясоедовъ", "amenity": "", "shop": "butcher", "office": "", "healthcare": "", "craft": "", "tourism": "", "leisure": "", "phone": "", "opening_hours": "", "website": "", "housenumber": "20А", "street": "улица Забабахина"}, "geometry": {"type": "Point", "coordinates": [60.7493993, 56.0772254]}}, {"type": "Feature", "properties": {"id": 4824283621, "name": "52 сады", "amenity": "", "shop": "", "office": "", "healthcare": "", "craft": "", "tourism": "attraction", "leisure": "", "phone": "", "opening_hours": "", "website": "", "housenumber": "", "street": ""}, "geometry": {"type": "Point", "coordinates": [60.7437701, 56.0365119]}}, {"type": "Feature", "properties": {"id": 4825272024, "name": "Приют для животных", "amenity": "animal_shelter", "shop": "", "office": "", "healthcare": "", "craft": "", "tourism": "", "leisure": "", "phone": "", "opening_hours": "Su 13:00-15:00", "website": "https://helpdog-snz.ru", "housenumber": "", "street": ""}, "geometry": {"type": "Point", "coordinates": [60.7732331, 56.059265]}}, {"type": "Feature", "properties": {"id": 4825272026, "name": "Отдел промышленной экологии", "amenity": "", "shop": "", "office": "government", "healthcare": "", "craft": "", "tourism": "", "leisure": "", "phone": "", "opening_hours": "", "website": "", "housenumber": "", "street": ""}, "geometry": {"type": "Point", "coordinates": [60.7699158, 56.0713394]}}, {"type": "Feature", "properties": {"id": 4825272622, "name": "ЦАРМ центральная авторемонтная мастерская", "amenity": "", "shop": "car_parts", "office": "", "healthcare": "", "craft": "", "tourism": "", "leisure": "", "phone": "", "opening_hours": "", "website": "", "housenumber": "", "street": ""}, "geometry": {"type": "Point", "coordinates": [60.775835, 56.0399232]}}, {"type": "Feature", "properties": {"id": 4826745927, "name": "ДЮСШ по гандболу", "amenity": "training", "shop": "", "office": "", "healthcare": "", "craft": "", "tourism": "", "leisure": "", "phone": "", "opening_hours": "", "website": "", "housenumber": "", "street": ""}, "geometry": {"type": "Point", "coordinates": [60.7369518, 56.0909516]}}, {"type": "Feature", "properties": {"id": 4826934221, "name": "Зубная фея", "amenity": "dentist", "shop": "", "office": "", "healthcare": "", "craft": "", "tourism": "", "leisure": "", "phone": "", "opening_hours": "", "website": "", "housenumber": "", "street": ""}, "geometry": {"type": "Point", "coordinates": [60.7491362, 56.0769184]}}, {"type": "Feature", "properties": {"id": 4827565224, "name": "ТЦ Синара", "amenity": "", "shop": "supermarket", "office": "", "healthcare": "", "craft": "", "tourism": "", "leisure": "", "phone": "", "opening_hours": "", "website": "", "housenumber": "", "street": ""}, "geometry": {"type": "Point", "coordinates": [60.7203358, 56.0827748]}}, {"type": "Feature", "properties": {"id": 4827591322, "name": "Разливное пиво", "amenity": "", "shop": "alcohol", "office": "", "healthcare": "", "craft": "", "tourism": "", "leisure": "", "phone": "", "opening_hours": "", "website": "", "housenumber": "", "street": ""}, "geometry": {"type": "Point", "coordinates": [60.7456282, 56.0785761]}}, {"type": "Feature", "properties": {"id": 4827591323, "name": "Нарколог", "amenity": "doctors", "shop": "", "office": "", "healthcare": "", "craft": "", "tourism": "", "leisure": "", "phone": "", "opening_hours": "", "website": "", "housenumber": "", "street": ""}, "geometry": {"type": "Point", "coordinates": [60.7474821, 56.0779807]}}, {"type": "Feature", "properties": {"id": 4828203523, "name": "Империя", "amenity": "", "shop": "furniture", "office": "", "healthcare": "", "craft": "", "tourism": "", "leisure": "", "phone": "", "opening_hours": "", "website": "", "housenumber": "", "street": ""}, "geometry": {"type": "Point", "coordinates": [60.7547587, 56.0774137]}}, {"type": "Feature", "properties": {"id": 4828203524, "name": "Зелёное яблоко", "amenity": "dentist", "shop": "", "office": "", "healthcare": "", "craft": "", "tourism": "", "leisure": "", "phone": "", "opening_hours": "", "website": "", "housenumber": "", "street": ""}, "geometry": {"type": "Point", "coordinates": [60.7550101, 56.0765261]}}, {"type": "Feature", "properties": {"id": 4828205722, "name": "Карусель", "amenity": "", "shop": "toys", "office": "", "healthcare": "", "craft": "", "tourism": "", "leisure": "", "phone": "", "opening_hours": "", "website": "", "housenumber": "", "street": ""}, "geometry": {"type": "Point", "coordinates": [60.7557615, 56.0765085]}}, {"type": "Feature", "properties": {"id": 4829411221, "name": "Полуостров", "amenity": "", "shop": "", "office": "", "healthcare": "", "craft": "", "tourism": "attraction", "leisure": "", "phone": "", "opening_hours": "", "website": "", "housenumber": "", "street": ""}, "geometry": {"type": "Point", "coordinates": [60.7094957, 56.1000987]}}, {"type": "Feature", "properties": {"id": 4836814121, "name": "Фантазия", "amenity": "", "shop": "hairdresser", "office": "", "healthcare": "", "craft": "", "tourism": "", "leisure": "", "phone": "", "opening_hours": "", "website": "", "housenumber": "", "street": ""}, "geometry": {"type": "Point", "coordinates": [60.758615, 56.0782313]}}, {"type": "Feature", "properties": {"id": 4836814221, "name": "Ваше хобби. Багетная мастерская.", "amenity": "", "shop": "gift", "office": "", "healthcare": "", "craft": "", "tourism": "", "leisure": "", "phone": "", "opening_hours": "", "website": "", "housenumber": "", "street": ""}, "geometry": {"type": "Point", "coordinates": [60.7584193, 56.0782297]}}, {"type": "Feature", "properties": {"id": 4841136221, "name": "Резка стекла", "amenity": "", "shop": "hardware", "office": "", "healthcare": "", "craft": "", "tourism": "", "leisure": "", "phone": "", "opening_hours": "", "website": "", "housenumber": "", "street": ""}, "geometry": {"type": "Point", "coordinates": [60.7664112, 56.0739263]}}, {"type": "Feature", "properties": {"id": 4853066022, "name": "Дели Мит", "amenity": "", "shop": "convenience", "office": "", "healthcare": "", "craft": "", "tourism": "", "leisure": "", "phone": "", "opening_hours": "", "website": "", "housenumber": "", "street": ""}, "geometry": {"type": "Point", "coordinates": [60.7272914, 56.0897283]}}, {"type": "Feature", "properties": {"id": 4853066023, "name": "Автомойка H2O", "amenity": "car_wash", "shop": "", "office": "", "healthcare": "", "craft": "", "tourism": "", "leisure": "", "phone": "", "opening_hours": "", "website": "", "housenumber": "", "street": ""}, "geometry": {"type": "Point", "coordinates": [60.732836, 56.0718578]}}, {"type": "Feature", "properties": {"id": 4853066024, "name": "", "amenity": "", "shop": "tyres", "office": "", "healthcare": "", "craft": "", "tourism": "", "leisure": "", "phone": "", "opening_hours": "", "website": "", "housenumber": "", "street": ""}, "geometry": {"type": "Point", "coordinates": [60.7332721, 56.0719814]}}, {"type": "Feature", "properties": {"id": 4853113126, "name": "Пекло", "amenity": "biergarten", "shop": "", "office": "", "healthcare": "", "craft": "", "tourism": "", "leisure": "", "phone": "", "opening_hours": "", "website": "", "housenumber": "", "street": ""}, "geometry": {"type": "Point", "coordinates": [60.7455655, 56.0837623]}}, {"type": "Feature", "properties": {"id": 4853113127, "name": "Дача", "amenity": "restaurant", "shop": "", "office": "", "healthcare": "", "craft": "", "tourism": "", "leisure": "", "phone": "", "opening_hours": "Su-Th 11:00-23:00, Fr,Sa 11:00-03:00", "website": "", "housenumber": "", "street": ""}, "geometry": {"type": "Point", "coordinates": [60.7474338, 56.0836571]}}, {"type": "Feature", "properties": {"id": 4863074021, "name": "Восток-Сервис", "amenity": "", "shop": "car_parts", "office": "", "healthcare": "", "craft": "", "tourism": "", "leisure": "", "phone": "", "opening_hours": "", "website": "", "housenumber": "", "street": ""}, "geometry": {"type": "Point", "coordinates": [60.7335807, 56.0645149]}}, {"type": "Feature", "properties": {"id": 4871830221, "name": "Мавт-Винотека", "amenity": "", "shop": "alcohol", "office": "", "healthcare": "", "craft": "", "tourism": "", "leisure": "", "phone": "+7 800 2224020;+7 922 7306838", "opening_hours": "Mo-Su 10:00-22:55", "website": "https://mavt.ru/", "housenumber": "", "street": ""}, "geometry": {"type": "Point", "coordinates": [60.7435261, 56.0808644]}}, {"type": "Feature", "properties": {"id": 4874791024, "name": "Королева", "amenity": "", "shop": "clothes", "office": "", "healthcare": "", "craft": "", "tourism": "", "leisure": "", "phone": "", "opening_hours": "", "website": "", "housenumber": "", "street": ""}, "geometry": {"type": "Point", "coordinates": [60.7559804, 56.0765058]}}, {"type": "Feature", "properties": {"id": 4874791025, "name": "Копи-центр", "amenity": "", "shop": "copyshop", "office": "", "healthcare": "", "craft": "", "tourism": "", "leisure": "", "phone": "", "opening_hours": "", "website": "", "housenumber": "", "street": ""}, "geometry": {"type": "Point", "coordinates": [60.7565691, 56.0786969]}}, {"type": "Feature", "properties": {"id": 4874795722, "name": "Танцерион", "amenity": "", "shop": "", "office": "company", "healthcare": "", "craft": "", "tourism": "", "leisure": "", "phone": "", "opening_hours": "", "website": "", "housenumber": "", "street": ""}, "geometry": {"type": "Point", "coordinates": [60.7426565, 56.085102]}}, {"type": "Feature", "properties": {"id": 4943516421, "name": "СКБ \"Контур\"", "amenity": "", "shop": "copyshop", "office": "", "healthcare": "", "craft": "", "tourism": "", "leisure": "", "phone": "", "opening_hours": "", "website": "", "housenumber": "", "street": ""}, "geometry": {"type": "Point", "coordinates": [60.7359949, 56.0886232]}}, {"type": "Feature", "properties": {"id": 4952824728, "name": "Крепёжка", "amenity": "", "shop": "hardware", "office": "", "healthcare": "", "craft": "", "tourism": "", "leisure": "", "phone": "", "opening_hours": "", "website": "", "housenumber": "", "street": ""}, "geometry": {"type": "Point", "coordinates": [60.7723276, 56.0702244]}}, {"type": "Feature", "properties": {"id": 4952827432, "name": "", "amenity": "", "shop": "car_repair", "office": "", "healthcare": "", "craft": "", "tourism": "", "leisure": "", "phone": "", "opening_hours": "", "website": "", "housenumber": "", "street": ""}, "geometry": {"type": "Point", "coordinates": [60.7709895, 56.0687053]}}, {"type": "Feature", "properties": {"id": 4952843522, "name": "Лесхоз", "amenity": "", "shop": "", "office": "government", "healthcare": "", "craft": "", "tourism": "", "leisure": "", "phone": "", "opening_hours": "", "website": "", "housenumber": "", "street": ""}, "geometry": {"type": "Point", "coordinates": [60.765881, 56.0688129]}}, {"type": "Feature", "properties": {"id": 4963930729, "name": "Юничел", "amenity": "", "shop": "shoes", "office": "", "healthcare": "", "craft": "", "tourism": "", "leisure": "", "phone": "", "opening_hours": "", "website": "", "housenumber": "", "street": ""}, "geometry": {"type": "Point", "coordinates": [60.7376653, 56.0715446]}}, {"type": "Feature", "properties": {"id": 4963930730, "name": "Аптека", "amenity": "pharmacy", "shop": "", "office": "", "healthcare": "", "craft": "", "tourism": "", "leisure": "", "phone": "", "opening_hours": "", "website": "", "housenumber": "", "street": ""}, "geometry": {"type": "Point", "coordinates": [60.7383097, 56.0720181]}}, {"type": "Feature", "properties": {"id": 4963933322, "name": "", "amenity": "", "shop": "hardware", "office": "", "healthcare": "", "craft": "", "tourism": "", "leisure": "", "phone": "", "opening_hours": "", "website": "", "housenumber": "", "street": ""}, "geometry": {"type": "Point", "coordinates": [60.7382546, 56.0718585]}}, {"type": "Feature", "properties": {"id": 4963951021, "name": "", "amenity": "school", "shop": "", "office": "", "healthcare": "", "craft": "", "tourism": "", "leisure": "", "phone": "", "opening_hours": "", "website": "", "housenumber": "", "street": ""}, "geometry": {"type": "Point", "coordinates": [60.7407313, 56.0828837]}}, {"type": "Feature", "properties": {"id": 4963951022, "name": "Мегафон", "amenity": "", "shop": "mobile_phone", "office": "telecommunication", "healthcare": "", "craft": "", "tourism": "", "leisure": "", "phone": "", "opening_hours": "", "website": "", "housenumber": "", "street": ""}, "geometry": {"type": "Point", "coordinates": [60.738238, 56.0717527]}}, {"type": "Feature", "properties": {"id": 4963951023, "name": "Мир одежды и обуви", "amenity": "", "shop": "clothes", "office": "", "healthcare": "", "craft": "", "tourism": "", "leisure": "", "phone": "", "opening_hours": "", "website": "", "housenumber": "", "street": ""}, "geometry": {"type": "Point", "coordinates": [60.7378145, 56.0718351]}}, {"type": "Feature", "properties": {"id": 4963951122, "name": "Ювелирный магазин", "amenity": "", "shop": "jewelry", "office": "", "healthcare": "", "craft": "", "tourism": "", "leisure": "", "phone": "", "opening_hours": "", "website": "", "housenumber": "", "street": ""}, "geometry": {"type": "Point", "coordinates": [60.738447, 56.0721685]}}, {"type": "Feature", "properties": {"id": 4963951321, "name": "Fix", "amenity": "", "shop": "outdoor", "office": "", "healthcare": "", "craft": "", "tourism": "", "leisure": "", "phone": "", "opening_hours": "", "website": "", "housenumber": "", "street": ""}, "geometry": {"type": "Point", "coordinates": [60.7378036, 56.0719571]}}, {"type": "Feature", "properties": {"id": 5025321021, "name": "Якудза", "amenity": "restaurant", "shop": "", "office": "", "healthcare": "", "craft": "", "tourism": "", "leisure": "", "phone": "+79227007606", "opening_hours": "Mo-Th 10:00-23:00; Fr 10:00-02:00; Sa 12:00-02:00; Su 12:00-23:00", "website": "https://vk.com/yakuza_snz", "housenumber": "", "street": ""}, "geometry": {"type": "Point", "coordinates": [60.7415837, 56.0659038]}}, {"type": "Feature", "properties": {"id": 5048384921, "name": "Остров \"Змеиный\"", "amenity": "", "shop": "", "office": "", "healthcare": "", "craft": "", "tourism": "attraction", "leisure": "", "phone": "", "opening_hours": "", "website": "", "housenumber": "", "street": ""}, "geometry": {"type": "Point", "coordinates": [60.718566, 56.099258]}}, {"type": "Feature", "properties": {"id": 5082036021, "name": "Инвитро", "amenity": "doctors", "shop": "", "office": "", "healthcare": "laboratory", "craft": "", "tourism": "", "leisure": "", "phone": "+7 800 2003630", "opening_hours": "Mo-Fr 07:00-19:30; Sa-Su 08:00-14:00", "website": "https://www.invitro.ru/", "housenumber": "", "street": ""}, "geometry": {"type": "Point", "coordinates": [60.760567, 56.0772012]}}, {"type": "Feature", "properties": {"id": 5172603421, "name": "мегаполис", "amenity": "", "shop": "clothes", "office": "", "healthcare": "", "craft": "", "tourism": "", "leisure": "", "phone": "", "opening_hours": "Mo-Fr 11:00-20:00; Sa-Su 11:00-16:00", "website": "", "housenumber": "", "street": ""}, "geometry": {"type": "Point", "coordinates": [60.7545643, 56.0748853]}}, {"type": "Feature", "properties": {"id": 5325341333, "name": "Ваше хобби", "amenity": "", "shop": "variety_store", "office": "", "healthcare": "", "craft": "", "tourism": "", "leisure": "", "phone": "", "opening_hours": "Mo-Sa 11:00-19:00", "website": "https://vk.com/club34742218", "housenumber": "23", "street": "улица Свердлова"}, "geometry": {"type": "Point", "coordinates": [60.7325636, 56.0892652]}}, {"type": "Feature", "properties": {"id": 5350338223, "name": "Сугомак", "amenity": "fuel", "shop": "", "office": "", "healthcare": "", "craft": "", "tourism": "", "leisure": "", "phone": "", "opening_hours": "", "website": "", "housenumber": "", "street": ""}, "geometry": {"type": "Point", "coordinates": [60.7317739, 56.0713504]}}, {"type": "Feature", "properties": {"id": 5350367125, "name": "", "amenity": "", "shop": "convenience", "office": "", "healthcare": "", "craft": "", "tourism": "", "leisure": "", "phone": "", "opening_hours": "", "website": "", "housenumber": "", "street": ""}, "geometry": {"type": "Point", "coordinates": [60.7366023, 56.0657914]}}, {"type": "Feature", "properties": {"id": 5350367126, "name": "Грузовой шиномонтаж", "amenity": "", "shop": "car_repair", "office": "", "healthcare": "", "craft": "", "tourism": "", "leisure": "", "phone": "", "opening_hours": "", "website": "", "housenumber": "", "street": ""}, "geometry": {"type": "Point", "coordinates": [60.7416765, 56.065526]}}, {"type": "Feature", "properties": {"id": 5350367127, "name": "Продукты в розницу и оптом", "amenity": "", "shop": "convenience", "office": "", "healthcare": "", "craft": "", "tourism": "", "leisure": "", "phone": "", "opening_hours": "", "website": "", "housenumber": "", "street": ""}, "geometry": {"type": "Point", "coordinates": [60.739972, 56.0671884]}}, {"type": "Feature", "properties": {"id": 5350367128, "name": "Автомойка", "amenity": "car_wash", "shop": "", "office": "", "healthcare": "", "craft": "", "tourism": "", "leisure": "", "phone": "", "opening_hours": "", "website": "", "housenumber": "", "street": ""}, "geometry": {"type": "Point", "coordinates": [60.7409365, 56.0809927]}}, {"type": "Feature", "properties": {"id": 5350367129, "name": "Мясной двор", "amenity": "", "shop": "butcher", "office": "", "healthcare": "", "craft": "", "tourism": "", "leisure": "", "phone": "", "opening_hours": "", "website": "", "housenumber": "", "street": ""}, "geometry": {"type": "Point", "coordinates": [60.7369424, 56.0659514]}}, {"type": "Feature", "properties": {"id": 5350395825, "name": "Ремонт автоэлектрики, сигнализации.Тонировка", "amenity": "", "shop": "car_repair", "office": "", "healthcare": "", "craft": "", "tourism": "", "leisure": "", "phone": "", "opening_hours": "", "website": "", "housenumber": "", "street": ""}, "geometry": {"type": "Point", "coordinates": [60.7413424, 56.0655363]}}, {"type": "Feature", "properties": {"id": 5350395826, "name": "СИТИ", "amenity": "car_wash", "shop": "", "office": "", "healthcare": "", "craft": "", "tourism": "", "leisure": "", "phone": "+7 35146 49549", "opening_hours": "Mo-Su 07:30-22:00", "website": "", "housenumber": "", "street": ""}, "geometry": {"type": "Point", "coordinates": [60.7325661, 56.070952]}}, {"type": "Feature", "properties": {"id": 5350491223, "name": "Автошкола", "amenity": "driving_school", "shop": "", "office": "", "healthcare": "", "craft": "", "tourism": "", "leisure": "", "phone": "", "opening_hours": "", "website": "", "housenumber": "", "street": ""}, "geometry": {"type": "Point", "coordinates": [60.7326859, 56.0916571]}}, {"type": "Feature", "properties": {"id": 5353818263, "name": "", "amenity": "atm", "shop": "", "office": "", "healthcare": "", "craft": "", "tourism": "", "leisure": "", "phone": "+7 800 5555550", "opening_hours": "24/7", "website": "https://www.sberbank.ru/", "housenumber": "", "street": ""}, "geometry": {"type": "Point", "coordinates": [60.7571382, 56.078476]}}, {"type": "Feature", "properties": {"id": 5354267222, "name": "Пончик", "amenity": "", "shop": "bakery", "office": "", "healthcare": "", "craft": "", "tourism": "", "leisure": "", "phone": "", "opening_hours": "", "website": "", "housenumber": "", "street": ""}, "geometry": {"type": "Point", "coordinates": [60.7319875, 56.0894707]}}, {"type": "Feature", "properties": {"id": 5354269721, "name": "", "amenity": "", "shop": "convenience", "office": "", "healthcare": "", "craft": "", "tourism": "", "leisure": "", "phone": "", "opening_hours": "", "website": "", "housenumber": "", "street": ""}, "geometry": {"type": "Point", "coordinates": [60.7427236, 56.0828993]}}, {"type": "Feature", "properties": {"id": 5354269722, "name": "Монетка", "amenity": "", "shop": "supermarket", "office": "", "healthcare": "", "craft": "", "tourism": "", "leisure": "", "phone": "+7 800 1008500", "opening_hours": "Mo-Su 09:00-23:00", "website": "http://www.monetka.ru", "housenumber": "", "street": ""}, "geometry": {"type": "Point", "coordinates": [60.7691919, 56.0676416]}}, {"type": "Feature", "properties": {"id": 5354827626, "name": "Школьная теплица", "amenity": "school", "shop": "", "office": "", "healthcare": "", "craft": "", "tourism": "", "leisure": "", "phone": "", "opening_hours": "", "website": "", "housenumber": "", "street": ""}, "geometry": {"type": "Point", "coordinates": [60.7486549, 56.0732311]}}, {"type": "Feature", "properties": {"id": 5354827627, "name": "\"Атмосфера\"", "amenity": "", "shop": "", "office": "", "healthcare": "", "craft": "", "tourism": "", "leisure": "fitness_centre", "phone": "", "opening_hours": "", "website": "", "housenumber": "", "street": ""}, "geometry": {"type": "Point", "coordinates": [60.733687, 56.0864562]}}, {"type": "Feature", "properties": {"id": 5354857321, "name": "Wildberries", "amenity": "", "shop": "outpost", "office": "", "healthcare": "", "craft": "", "tourism": "", "leisure": "", "phone": "", "opening_hours": "", "website": "https://www.wildberries.ru", "housenumber": "", "street": ""}, "geometry": {"type": "Point", "coordinates": [60.7547184, 56.0755273]}}, {"type": "Feature", "properties": {"id": 5354857322, "name": "Ремонт и Т.О. велосипедов", "amenity": "", "shop": "bicycle", "office": "", "healthcare": "", "craft": "", "tourism": "", "leisure": "", "phone": "", "opening_hours": "", "website": "", "housenumber": "", "street": ""}, "geometry": {"type": "Point", "coordinates": [60.7439981, 56.0786705]}}, {"type": "Feature", "properties": {"id": 5371150321, "name": "Гараж ИП. КОТЕГОВ", "amenity": "", "shop": "", "office": "company", "healthcare": "", "craft": "", "tourism": "", "leisure": "", "phone": "89222361736", "opening_hours": "24/7", "website": "", "housenumber": "24А", "street": "Транспортная улица"}, "geometry": {"type": "Point", "coordinates": [60.7309647, 56.0737419]}}, {"type": "Feature", "properties": {"id": 5371933023, "name": "", "amenity": "doctors", "shop": "", "office": "", "healthcare": "", "craft": "", "tourism": "", "leisure": "", "phone": "", "opening_hours": "", "website": "", "housenumber": "", "street": ""}, "geometry": {"type": "Point", "coordinates": [60.7341087, 56.0699681]}}, {"type": "Feature", "properties": {"id": 5371933123, "name": "", "amenity": "doctors", "shop": "", "office": "", "healthcare": "", "craft": "", "tourism": "", "leisure": "", "phone": "", "opening_hours": "", "website": "", "housenumber": "", "street": ""}, "geometry": {"type": "Point", "coordinates": [60.733364, 56.0656516]}}, {"type": "Feature", "properties": {"id": 5398499723, "name": "Кулинария", "amenity": "", "shop": "convenience", "office": "", "healthcare": "", "craft": "", "tourism": "", "leisure": "", "phone": "", "opening_hours": "", "website": "", "housenumber": "", "street": ""}, "geometry": {"type": "Point", "coordinates": [60.7209625, 56.0826532]}}, {"type": "Feature", "properties": {"id": 5398507024, "name": "Шиномонтаж", "amenity": "", "shop": "car_repair", "office": "", "healthcare": "", "craft": "", "tourism": "", "leisure": "", "phone": "", "opening_hours": "", "website": "", "housenumber": "", "street": ""}, "geometry": {"type": "Point", "coordinates": [60.7240753, 56.078325]}}, {"type": "Feature", "properties": {"id": 5419669021, "name": "Ситилинк", "amenity": "", "shop": "mobile_phone", "office": "", "healthcare": "", "craft": "", "tourism": "", "leisure": "", "phone": "", "opening_hours": "", "website": "", "housenumber": "", "street": ""}, "geometry": {"type": "Point", "coordinates": [60.7610484, 56.0772993]}}, {"type": "Feature", "properties": {"id": 5595091122, "name": "Beauty_Room", "amenity": "", "shop": "beauty", "office": "", "healthcare": "", "craft": "", "tourism": "", "leisure": "", "phone": "83514649809", "opening_hours": "", "website": "", "housenumber": "1А", "street": "улица Ломинского"}, "geometry": {"type": "Point", "coordinates": [60.7440339, 56.0816578]}}, {"type": "Feature", "properties": {"id": 5595099821, "name": "УралАвтоСаунд", "amenity": "", "shop": "car_parts", "office": "", "healthcare": "", "craft": "", "tourism": "", "leisure": "", "phone": "89823552525", "opening_hours": "Mo-Sa 09:00-19:00", "website": "", "housenumber": "1А", "street": "улица Ломинского"}, "geometry": {"type": "Point", "coordinates": [60.7439689, 56.0816349]}}, {"type": "Feature", "properties": {"id": 5630903422, "name": "Хижина Чудес", "amenity": "", "shop": "gift", "office": "", "healthcare": "", "craft": "", "tourism": "", "leisure": "", "phone": "+79823623394", "opening_hours": "Mo-Fr 10:00-14:00, 15:00-19:00; Sa 10:00-15:00", "website": "https://vk.com/hizhina_chudes_snezhinsk", "housenumber": "", "street": ""}, "geometry": {"type": "Point", "coordinates": [60.741152, 56.0847576]}}, {"type": "Feature", "properties": {"id": 5810865507, "name": "РеалСтрой", "amenity": "", "shop": "", "office": "company", "healthcare": "", "craft": "", "tourism": "", "leisure": "", "phone": "+7 922 0174657", "opening_hours": "", "website": "", "housenumber": "", "street": ""}, "geometry": {"type": "Point", "coordinates": [60.7679102, 56.0754202]}}, {"type": "Feature", "properties": {"id": 5845971350, "name": "ЗАГС", "amenity": "", "shop": "", "office": "government", "healthcare": "", "craft": "", "tourism": "", "leisure": "", "phone": "", "opening_hours": "Tu,We 09:00-12:00, Tu 16:00-18:00, Th,Fr 09:00-12:00, Sa 09:00-11:00; Su off", "website": "", "housenumber": "", "street": ""}, "geometry": {"type": "Point", "coordinates": [60.7352661, 56.0897741]}}, {"type": "Feature", "properties": {"id": 5845971352, "name": "Рембыттехника", "amenity": "", "shop": "electronics", "office": "", "healthcare": "", "craft": "", "tourism": "", "leisure": "", "phone": "", "opening_hours": "", "website": "", "housenumber": "", "street": ""}, "geometry": {"type": "Point", "coordinates": [60.7454064, 56.0793869]}}, {"type": "Feature", "properties": {"id": 5868199988, "name": "Автомасла и расходники", "amenity": "", "shop": "car_parts", "office": "", "healthcare": "", "craft": "", "tourism": "", "leisure": "", "phone": "", "opening_hours": "", "website": "", "housenumber": "", "street": ""}, "geometry": {"type": "Point", "coordinates": [60.738244, 56.0714887]}}, {"type": "Feature", "properties": {"id": 6001023288, "name": "Ткани", "amenity": "", "shop": "fabric", "office": "", "healthcare": "", "craft": "", "tourism": "", "leisure": "", "phone": "", "opening_hours": "", "website": "", "housenumber": "", "street": ""}, "geometry": {"type": "Point", "coordinates": [60.7545479, 56.0745989]}}, {"type": "Feature", "properties": {"id": 6001023289, "name": "", "amenity": "atm", "shop": "", "office": "", "healthcare": "", "craft": "", "tourism": "", "leisure": "", "phone": "+7 800 1002424", "opening_hours": "24/7", "website": "https://www.vtb.ru/", "housenumber": "", "street": ""}, "geometry": {"type": "Point", "coordinates": [60.7545366, 56.0751715]}}, {"type": "Feature", "properties": {"id": 6001085087, "name": "ВТБ", "amenity": "bank", "shop": "", "office": "", "healthcare": "", "craft": "", "tourism": "", "leisure": "", "phone": "+7 800 1002424", "opening_hours": "Mo-Fr 10:00-19:00", "website": "https://www.vtb.ru", "housenumber": "", "street": ""}, "geometry": {"type": "Point", "coordinates": [60.7545629, 56.0751996]}}, {"type": "Feature", "properties": {"id": 6001085185, "name": "Звёздный", "amenity": "", "shop": "convenience", "office": "", "healthcare": "", "craft": "", "tourism": "", "leisure": "", "phone": "", "opening_hours": "Mo-Fr 07:00-21:00; PH,Sa,Su 09:00-19:00", "website": "", "housenumber": "", "street": ""}, "geometry": {"type": "Point", "coordinates": [60.7600102, 56.0816891]}}, {"type": "Feature", "properties": {"id": 6209387285, "name": "Автомойка \"Чистый город\"", "amenity": "car_wash", "shop": "", "office": "", "healthcare": "", "craft": "", "tourism": "", "leisure": "", "phone": "", "opening_hours": "", "website": "", "housenumber": "", "street": ""}, "geometry": {"type": "Point", "coordinates": [60.7338924, 56.0695617]}}, {"type": "Feature", "properties": {"id": 6215062585, "name": "Автомаркет+", "amenity": "", "shop": "car_parts", "office": "", "healthcare": "", "craft": "", "tourism": "", "leisure": "", "phone": "", "opening_hours": "", "website": "", "housenumber": "", "street": ""}, "geometry": {"type": "Point", "coordinates": [60.7363627, 56.0758501]}}, {"type": "Feature", "properties": {"id": 6215069786, "name": "Изготовление памятников", "amenity": "", "shop": "funeral_directors", "office": "", "healthcare": "", "craft": "", "tourism": "", "leisure": "", "phone": "", "opening_hours": "", "website": "", "housenumber": "", "street": ""}, "geometry": {"type": "Point", "coordinates": [60.7380992, 56.0654907]}}, {"type": "Feature", "properties": {"id": 6218867085, "name": "Спортклуб бокса", "amenity": "", "shop": "", "office": "", "healthcare": "", "craft": "", "tourism": "", "leisure": "fitness_centre", "phone": "", "opening_hours": "", "website": "", "housenumber": "", "street": ""}, "geometry": {"type": "Point", "coordinates": [60.7318503, 56.0918264]}}, {"type": "Feature", "properties": {"id": 6273806785, "name": "КТП ц.354", "amenity": "", "shop": "car", "office": "", "healthcare": "", "craft": "", "tourism": "", "leisure": "", "phone": "", "opening_hours": "", "website": "", "housenumber": "", "street": ""}, "geometry": {"type": "Point", "coordinates": [60.7334403, 56.065775]}}, {"type": "Feature", "properties": {"id": 6292647686, "name": "Склад оборудования Института", "amenity": "", "shop": "outdoor", "office": "", "healthcare": "", "craft": "", "tourism": "", "leisure": "", "phone": "", "opening_hours": "", "website": "", "housenumber": "", "street": ""}, "geometry": {"type": "Point", "coordinates": [60.748525, 56.0493533]}}, {"type": "Feature", "properties": {"id": 6292649985, "name": "Ж/Д Депо", "amenity": "", "shop": "", "office": "government", "healthcare": "", "craft": "", "tourism": "", "leisure": "", "phone": "", "opening_hours": "", "website": "", "housenumber": "", "street": ""}, "geometry": {"type": "Point", "coordinates": [60.7487306, 56.0479631]}}, {"type": "Feature", "properties": {"id": 6355840788, "name": "Три медведя", "amenity": "cafe", "shop": "", "office": "", "healthcare": "", "craft": "", "tourism": "", "leisure": "", "phone": "", "opening_hours": "", "website": "", "housenumber": "", "street": ""}, "geometry": {"type": "Point", "coordinates": [60.7250182, 56.0803014]}}, {"type": "Feature", "properties": {"id": 6355847585, "name": "Apex", "amenity": "", "shop": "car_parts", "office": "", "healthcare": "", "craft": "", "tourism": "", "leisure": "", "phone": "", "opening_hours": "", "website": "", "housenumber": "", "street": ""}, "geometry": {"type": "Point", "coordinates": [60.7363338, 56.0588378]}}, {"type": "Feature", "properties": {"id": 6355847586, "name": "Автомастерская", "amenity": "", "shop": "car_repair", "office": "", "healthcare": "", "craft": "", "tourism": "", "leisure": "", "phone": "", "opening_hours": "", "website": "", "housenumber": "", "street": ""}, "geometry": {"type": "Point", "coordinates": [60.7369778, 56.0602024]}}, {"type": "Feature", "properties": {"id": 6360826486, "name": "УК Самоцвет", "amenity": "", "shop": "", "office": "company", "healthcare": "", "craft": "", "tourism": "", "leisure": "", "phone": "", "opening_hours": "", "website": "", "housenumber": "", "street": ""}, "geometry": {"type": "Point", "coordinates": [60.7459591, 56.0726473]}}, {"type": "Feature", "properties": {"id": 6360826487, "name": "Татнефть", "amenity": "fuel", "shop": "", "office": "", "healthcare": "", "craft": "", "tourism": "", "leisure": "", "phone": "+7 800 5555911", "opening_hours": "24/7", "website": "https://azs.tatneft.ru/", "housenumber": "", "street": ""}, "geometry": {"type": "Point", "coordinates": [60.7413339, 56.072858]}}, {"type": "Feature", "properties": {"id": 6360826488, "name": "Кулинар", "amenity": "", "shop": "bakery", "office": "", "healthcare": "", "craft": "", "tourism": "", "leisure": "", "phone": "", "opening_hours": "", "website": "", "housenumber": "", "street": ""}, "geometry": {"type": "Point", "coordinates": [60.7435657, 56.0806963]}}, {"type": "Feature", "properties": {"id": 6419264585, "name": "Связной", "amenity": "", "shop": "electronics", "office": "", "healthcare": "", "craft": "", "tourism": "", "leisure": "", "phone": "", "opening_hours": "", "website": "", "housenumber": "", "street": ""}, "geometry": {"type": "Point", "coordinates": [60.7383447, 56.0717963]}}, {"type": "Feature", "properties": {"id": 6423330186, "name": "Транспортная компания \"Луч\"", "amenity": "post_office", "shop": "", "office": "", "healthcare": "", "craft": "", "tourism": "", "leisure": "", "phone": "", "opening_hours": "", "website": "", "housenumber": "", "street": ""}, "geometry": {"type": "Point", "coordinates": [60.7263618, 56.0863057]}}, {"type": "Feature", "properties": {"id": 6518666886, "name": "Автомойка", "amenity": "car_wash", "shop": "", "office": "", "healthcare": "", "craft": "", "tourism": "", "leisure": "", "phone": "", "opening_hours": "", "website": "", "housenumber": "", "street": ""}, "geometry": {"type": "Point", "coordinates": [60.7343621, 56.0627665]}}, {"type": "Feature", "properties": {"id": 6518679986, "name": "Автомойка", "amenity": "car_wash", "shop": "", "office": "", "healthcare": "", "craft": "", "tourism": "", "leisure": "", "phone": "", "opening_hours": "", "website": "", "housenumber": "", "street": ""}, "geometry": {"type": "Point", "coordinates": [60.7341023, 56.0664099]}}, {"type": "Feature", "properties": {"id": 7252162986, "name": "Пошив и ремонт одежды", "amenity": "", "shop": "clothes", "office": "", "healthcare": "", "craft": "", "tourism": "", "leisure": "", "phone": "", "opening_hours": "", "website": "", "housenumber": "", "street": ""}, "geometry": {"type": "Point", "coordinates": [60.7214407, 56.0838277]}}, {"type": "Feature", "properties": {"id": 7740351485, "name": "Первый Гипермаркет Мебели", "amenity": "", "shop": "furniture", "office": "", "healthcare": "", "craft": "", "tourism": "", "leisure": "", "phone": "+79823573252", "opening_hours": "Mo-Fr 11:00-19:00; Sa-Su 11:00-15:00", "website": "https://hypermarketmebel.ru/", "housenumber": "39/1", "street": ""}, "geometry": {"type": "Point", "coordinates": [60.7216972, 56.082722]}}, {"type": "Feature", "properties": {"id": 7740360685, "name": "Первый Гипермаркет Мебели", "amenity": "", "shop": "furniture", "office": "", "healthcare": "", "craft": "", "tourism": "", "leisure": "", "phone": "+79512569900", "opening_hours": "Mo-Su 11:00-20:00", "website": "https://hypermarketmebel.ru/", "housenumber": "", "street": ""}, "geometry": {"type": "Point", "coordinates": [60.7382626, 56.0719318]}}, {"type": "Feature", "properties": {"id": 8356982428, "name": "Городская библиотека филиал №1", "amenity": "library", "shop": "", "office": "", "healthcare": "", "craft": "", "tourism": "", "leisure": "", "phone": "", "opening_hours": "Mo-Fr 11:00-19:00; Su 10:00-18:00; Th[-1] off", "website": "", "housenumber": "", "street": ""}, "geometry": {"type": "Point", "coordinates": [60.7714628, 56.0700862]}}, {"type": "Feature", "properties": {"id": 8695266745, "name": "Wildberries", "amenity": "", "shop": "variety_store", "office": "", "healthcare": "", "craft": "", "tourism": "", "leisure": "", "phone": "", "opening_hours": "Mo-Su 10:00-21:00", "website": "", "housenumber": "36", "street": "улица Свердлова"}, "geometry": {"type": "Point", "coordinates": [60.7334785, 56.089222]}}, {"type": "Feature", "properties": {"id": 8839211928, "name": "Наше Золото", "amenity": "", "shop": "jewelry", "office": "", "healthcare": "", "craft": "", "tourism": "", "leisure": "", "phone": "+7 800 7759557", "opening_hours": "Mo-Su 10:00-20:00", "website": "https://ourgold.ru/", "housenumber": "", "street": ""}, "geometry": {"type": "Point", "coordinates": [60.751519, 56.07205]}}, {"type": "Feature", "properties": {"id": 8839218774, "name": "Ингосстрах", "amenity": "", "shop": "", "office": "insurance", "healthcare": "", "craft": "", "tourism": "", "leisure": "", "phone": "+7 351 4621580", "opening_hours": "Mo-Fr 09:00-18:00", "website": "https://www.ingos.ru/", "housenumber": "", "street": ""}, "geometry": {"type": "Point", "coordinates": [60.739857, 56.08004]}}, {"type": "Feature", "properties": {"id": 8938927850, "name": "Галамарт", "amenity": "", "shop": "hardware", "office": "", "healthcare": "", "craft": "", "tourism": "", "leisure": "", "phone": "+7 982 3694659", "opening_hours": "Mo-Su 09:00-19:00", "website": "https://galamart.ru/", "housenumber": "", "street": ""}, "geometry": {"type": "Point", "coordinates": [60.7572216, 56.0785158]}}, {"type": "Feature", "properties": {"id": 8971722312, "name": "Культура Кофе", "amenity": "cafe", "shop": "", "office": "", "healthcare": "", "craft": "", "tourism": "", "leisure": "", "phone": "", "opening_hours": "Mo-Fr 09:00-21:00; PH,Sa,Su 10:00-20:00", "website": "", "housenumber": "", "street": ""}, "geometry": {"type": "Point", "coordinates": [60.7430237, 56.0850358]}}, {"type": "Feature", "properties": {"id": 9076608620, "name": "Ozon", "amenity": "", "shop": "outpost", "office": "", "healthcare": "", "craft": "", "tourism": "", "leisure": "", "phone": "+7 495 2321000", "opening_hours": "Mo-Su 09:00-21:00", "website": "https://www.ozon.ru/", "housenumber": "", "street": ""}, "geometry": {"type": "Point", "coordinates": [60.7216877, 56.0852284]}}, {"type": "Feature", "properties": {"id": 9076611807, "name": "Ozon", "amenity": "", "shop": "outpost", "office": "", "healthcare": "", "craft": "", "tourism": "", "leisure": "", "phone": "+7 495 2321000", "opening_hours": "Mo-Su 09:00-21:00", "website": "https://www.ozon.ru/", "housenumber": "", "street": ""}, "geometry": {"type": "Point", "coordinates": [60.754653, 56.07475]}}, {"type": "Feature", "properties": {"id": 9076611886, "name": "Ozon", "amenity": "", "shop": "outpost", "office": "", "healthcare": "", "craft": "", "tourism": "", "leisure": "", "phone": "+7 495 2321000", "opening_hours": "Mo-Su 09:00-21:00", "website": "https://www.ozon.ru/", "housenumber": "", "street": ""}, "geometry": {"type": "Point", "coordinates": [60.7377139, 56.0848169]}}, {"type": "Feature", "properties": {"id": 9279679500, "name": "СДЭК", "amenity": "post_office", "shop": "", "office": "", "healthcare": "", "craft": "", "tourism": "", "leisure": "", "phone": "+7 351 4666090;+7 351 4692555", "opening_hours": "Mo-Fr 09:00-20:00; Sa-Su 10:00-16:00", "website": "https://www.cdek.ru/", "housenumber": "", "street": ""}, "geometry": {"type": "Point", "coordinates": [60.7440627, 56.0817757]}}, {"type": "Feature", "properties": {"id": 9612450360, "name": "МТС", "amenity": "", "shop": "mobile_phone", "office": "telecommunication", "healthcare": "", "craft": "", "tourism": "", "leisure": "", "phone": "+7 800 2500890", "opening_hours": "Mo-Su 10:00-20:00", "website": "https://chel.mts.ru/", "housenumber": "", "street": ""}, "geometry": {"type": "Point", "coordinates": [60.7377997, 56.085191]}}, {"type": "Feature", "properties": {"id": 9680539042, "name": "Росгосстрах", "amenity": "", "shop": "", "office": "insurance", "healthcare": "", "craft": "", "tourism": "", "leisure": "", "phone": "+7 351 2147400", "opening_hours": "Mo-Fr 09:00-13:00,14:00-18:00", "website": "https://www.rgs.ru/", "housenumber": "", "street": ""}, "geometry": {"type": "Point", "coordinates": [60.7350022, 56.0893916]}}, {"type": "Feature", "properties": {"id": 9719863367, "name": "Ozon", "amenity": "", "shop": "outpost", "office": "", "healthcare": "", "craft": "", "tourism": "", "leisure": "", "phone": "+7 495 2321000", "opening_hours": "Mo-Su 09:00-21:00", "website": "https://www.ozon.ru/", "housenumber": "", "street": ""}, "geometry": {"type": "Point", "coordinates": [60.745621, 56.07479]}}, {"type": "Feature", "properties": {"id": 9740697586, "name": "Пивко", "amenity": "", "shop": "alcohol", "office": "", "healthcare": "", "craft": "", "tourism": "", "leisure": "", "phone": "", "opening_hours": "", "website": "", "housenumber": "", "street": ""}, "geometry": {"type": "Point", "coordinates": [60.754533, 56.0751319]}}, {"type": "Feature", "properties": {"id": 9740697587, "name": "Красное&Белое", "amenity": "", "shop": "alcohol", "office": "", "healthcare": "", "craft": "", "tourism": "", "leisure": "", "phone": "", "opening_hours": "", "website": "", "housenumber": "", "street": ""}, "geometry": {"type": "Point", "coordinates": [60.7546676, 56.075204]}}, {"type": "Feature", "properties": {"id": 9817891670, "name": "", "amenity": "", "shop": "clothes", "office": "", "healthcare": "", "craft": "", "tourism": "", "leisure": "", "phone": "", "opening_hours": "", "website": "", "housenumber": "", "street": ""}, "geometry": {"type": "Point", "coordinates": [60.73426, 56.0898818]}}, {"type": "Feature", "properties": {"id": 9830998044, "name": "Ветпрактика", "amenity": "", "shop": "pet", "office": "", "healthcare": "", "craft": "", "tourism": "", "leisure": "", "phone": "", "opening_hours": "Mo-Su 10:00-20:00", "website": "", "housenumber": "", "street": ""}, "geometry": {"type": "Point", "coordinates": [60.7528051, 56.0748349]}}, {"type": "Feature", "properties": {"id": 9875808432, "name": "В своё удовольствие", "amenity": "cafe", "shop": "", "office": "", "healthcare": "", "craft": "", "tourism": "", "leisure": "", "phone": "", "opening_hours": "Mo-Sa 11:00-22:00; Su 12:00-18:00", "website": "", "housenumber": "", "street": ""}, "geometry": {"type": "Point", "coordinates": [60.7336121, 56.0866967]}}, {"type": "Feature", "properties": {"id": 9895257783, "name": "Зоотовары", "amenity": "", "shop": "pet", "office": "", "healthcare": "", "craft": "", "tourism": "", "leisure": "", "phone": "", "opening_hours": "", "website": "", "housenumber": "", "street": ""}, "geometry": {"type": "Point", "coordinates": [60.7544907, 56.0748142]}}, {"type": "Feature", "properties": {"id": 9897880152, "name": "Батарейка", "amenity": "", "shop": "electrical", "office": "", "healthcare": "", "craft": "", "tourism": "", "leisure": "", "phone": "", "opening_hours": "", "website": "", "housenumber": "", "street": ""}, "geometry": {"type": "Point", "coordinates": [60.7544664, 56.074477]}}, {"type": "Feature", "properties": {"id": 9897880153, "name": "Автошкола", "amenity": "driving_school", "shop": "", "office": "", "healthcare": "", "craft": "", "tourism": "", "leisure": "", "phone": "", "opening_hours": "", "website": "", "housenumber": "", "street": ""}, "geometry": {"type": "Point", "coordinates": [60.7544414, 56.0743013]}}, {"type": "Feature", "properties": {"id": 9901275269, "name": "Андромеда", "amenity": "", "shop": "optician", "office": "", "healthcare": "", "craft": "", "tourism": "", "leisure": "", "phone": "", "opening_hours": "Mo-Fr 10:00-19:00; Sa 10:00-15:00", "website": "", "housenumber": "", "street": ""}, "geometry": {"type": "Point", "coordinates": [60.7526313, 56.073462]}}, {"type": "Feature", "properties": {"id": 9901314579, "name": "Халва", "amenity": "", "shop": "confectionery", "office": "", "healthcare": "", "craft": "", "tourism": "", "leisure": "", "phone": "+7 922 733-03-30", "opening_hours": "Tu-Fr 10:00-18:00; Sa 10:00-16:00", "website": "", "housenumber": "", "street": ""}, "geometry": {"type": "Point", "coordinates": [60.7250316, 56.0802476]}}, {"type": "Feature", "properties": {"id": 9906086702, "name": "33 пингвина", "amenity": "cafe", "shop": "", "office": "", "healthcare": "", "craft": "", "tourism": "", "leisure": "", "phone": "", "opening_hours": "Mo-Fr 10:00-21:00; Sa-Su 12:00-21:00", "website": "", "housenumber": "", "street": ""}, "geometry": {"type": "Point", "coordinates": [60.75461, 56.0714476]}}, {"type": "Feature", "properties": {"id": 9907214177, "name": "Кулинар", "amenity": "", "shop": "convenience", "office": "", "healthcare": "", "craft": "", "tourism": "", "leisure": "", "phone": "", "opening_hours": "", "website": "", "housenumber": "", "street": ""}, "geometry": {"type": "Point", "coordinates": [60.7336083, 56.0866471]}}, {"type": "Feature", "properties": {"id": 9907214178, "name": "Пивко", "amenity": "", "shop": "beverages", "office": "", "healthcare": "", "craft": "", "tourism": "", "leisure": "", "phone": "", "opening_hours": "", "website": "", "housenumber": "", "street": ""}, "geometry": {"type": "Point", "coordinates": [60.7336063, 56.0866162]}}, {"type": "Feature", "properties": {"id": 9916798062, "name": "", "amenity": "atm", "shop": "", "office": "", "healthcare": "", "craft": "", "tourism": "", "leisure": "", "phone": "+7 800 7550505", "opening_hours": "", "website": "https://www.snbank.ru/", "housenumber": "", "street": ""}, "geometry": {"type": "Point", "coordinates": [60.742721, 56.0820287]}}, {"type": "Feature", "properties": {"id": 9929079942, "name": "Nashe", "amenity": "", "shop": "clothes", "office": "", "healthcare": "", "craft": "", "tourism": "", "leisure": "", "phone": "", "opening_hours": "Mo-Sa 12:00-19:00", "website": "", "housenumber": "", "street": ""}, "geometry": {"type": "Point", "coordinates": [60.7327707, 56.084344]}}, {"type": "Feature", "properties": {"id": 9944316540, "name": "Фасоль", "amenity": "", "shop": "convenience", "office": "", "healthcare": "", "craft": "", "tourism": "", "leisure": "", "phone": "+7 800 7001077", "opening_hours": "Mo-Su 09:00-23:00", "website": "https://myfasol.ru", "housenumber": "", "street": ""}, "geometry": {"type": "Point", "coordinates": [60.7212, 56.091301]}}, {"type": "Feature", "properties": {"id": 9944316541, "name": "Фасоль", "amenity": "", "shop": "convenience", "office": "", "healthcare": "", "craft": "", "tourism": "", "leisure": "", "phone": "+7 800 7001077", "opening_hours": "24/7", "website": "https://myfasol.ru", "housenumber": "", "street": ""}, "geometry": {"type": "Point", "coordinates": [60.720508, 56.082833]}}, {"type": "Feature", "properties": {"id": 10061291229, "name": "Ozon", "amenity": "", "shop": "outpost", "office": "", "healthcare": "", "craft": "", "tourism": "", "leisure": "", "phone": "+7 495 2321000", "opening_hours": "Mo-Su 09:00-21:00", "website": "https://www.ozon.ru/", "housenumber": "", "street": ""}, "geometry": {"type": "Point", "coordinates": [60.7582194, 56.0785322]}}, {"type": "Feature", "properties": {"id": 10061291246, "name": "Ozon", "amenity": "", "shop": "outpost", "office": "", "healthcare": "", "craft": "", "tourism": "", "leisure": "", "phone": "+7 495 2321000", "opening_hours": "Mo-Su 09:00-21:00", "website": "https://www.ozon.ru/", "housenumber": "", "street": ""}, "geometry": {"type": "Point", "coordinates": [60.7336289, 56.0892076]}}, {"type": "Feature", "properties": {"id": 10225120903, "name": "585 Золотой", "amenity": "", "shop": "jewelry", "office": "", "healthcare": "", "craft": "", "tourism": "", "leisure": "", "phone": "+7 800 5555585", "opening_hours": "Mo-Su 10:00-21:00", "website": "https://www.585zolotoy.ru", "housenumber": "", "street": ""}, "geometry": {"type": "Point", "coordinates": [60.7384327, 56.0718498]}}, {"type": "Feature", "properties": {"id": 10301934343, "name": "Прозрение", "amenity": "", "shop": "optician", "office": "", "healthcare": "", "craft": "", "tourism": "", "leisure": "", "phone": "", "opening_hours": "", "website": "", "housenumber": "", "street": ""}, "geometry": {"type": "Point", "coordinates": [60.7507559, 56.0784101]}}, {"type": "Feature", "properties": {"id": 10301937340, "name": "", "amenity": "pharmacy", "shop": "", "office": "", "healthcare": "pharmacy", "craft": "", "tourism": "", "leisure": "", "phone": "", "opening_hours": "", "website": "", "housenumber": "", "street": ""}, "geometry": {"type": "Point", "coordinates": [60.7493965, 56.077771]}}, {"type": "Feature", "properties": {"id": 10669996718, "name": "Мавт-Винотека", "amenity": "", "shop": "alcohol", "office": "", "healthcare": "", "craft": "", "tourism": "", "leisure": "", "phone": "+7 800 2224020;+7 922 7246939", "opening_hours": "Mo-Su 10:00-22:55", "website": "https://mavt.ru", "housenumber": "", "street": ""}, "geometry": {"type": "Point", "coordinates": [60.7724127, 56.0779534]}}, {"type": "Feature", "properties": {"id": 10856032993, "name": "Тет-а-тет", "amenity": "cafe", "shop": "", "office": "", "healthcare": "", "craft": "", "tourism": "", "leisure": "", "phone": "", "opening_hours": "", "website": "", "housenumber": "", "street": ""}, "geometry": {"type": "Point", "coordinates": [60.7527153, 56.0741675]}}, {"type": "Feature", "properties": {"id": 11067254667, "name": "Lecar Store", "amenity": "", "shop": "car_parts", "office": "", "healthcare": "", "craft": "", "tourism": "", "leisure": "", "phone": "+7 351 4630038;+7 351 4630042", "opening_hours": "Mo-Su 00:00-00:00", "website": "https://lecar.ru", "housenumber": "", "street": ""}, "geometry": {"type": "Point", "coordinates": [60.738723, 56.068021]}}, {"type": "Feature", "properties": {"id": 11104659867, "name": "Ozon", "amenity": "", "shop": "outpost", "office": "", "healthcare": "", "craft": "", "tourism": "", "leisure": "", "phone": "+7 495 2321000", "opening_hours": "Mo-Su 09:00-21:00", "website": "https://www.ozon.ru/", "housenumber": "", "street": ""}, "geometry": {"type": "Point", "coordinates": [60.7711128, 56.0675051]}}, {"type": "Feature", "properties": {"id": 11104659916, "name": "Ozon", "amenity": "", "shop": "outpost", "office": "", "healthcare": "", "craft": "", "tourism": "", "leisure": "", "phone": "+7 495 2321000", "opening_hours": "Mo-Su 09:00-21:00", "website": "https://www.ozon.ru/", "housenumber": "", "street": ""}, "geometry": {"type": "Point", "coordinates": [60.7258773, 56.0893976]}}, {"type": "Feature", "properties": {"id": 11104659945, "name": "Ozon", "amenity": "", "shop": "outpost", "office": "", "healthcare": "", "craft": "", "tourism": "", "leisure": "", "phone": "+7 495 2321000", "opening_hours": "Mo-Su 09:00-21:00", "website": "https://www.ozon.ru/", "housenumber": "", "street": ""}, "geometry": {"type": "Point", "coordinates": [60.735265, 56.0858661]}}, {"type": "Feature", "properties": {"id": 11169588704, "name": "Ozon", "amenity": "", "shop": "outpost", "office": "", "healthcare": "", "craft": "", "tourism": "", "leisure": "", "phone": "+7 495 2321000", "opening_hours": "Mo-Fr 08:00-20:00; Sa 09:00-18:00; Su 10:00-18:00", "website": "https://www.ozon.ru", "housenumber": "", "street": ""}, "geometry": {"type": "Point", "coordinates": [60.731011, 56.0868597]}}, {"type": "Feature", "properties": {"id": 11377553701, "name": "Халва", "amenity": "", "shop": "confectionery", "office": "", "healthcare": "", "craft": "", "tourism": "", "leisure": "", "phone": "", "opening_hours": "", "website": "", "housenumber": "", "street": ""}, "geometry": {"type": "Point", "coordinates": [60.7378986, 56.0849049]}}, {"type": "Feature", "properties": {"id": 11594121684, "name": "Ситилаб", "amenity": "doctors", "shop": "", "office": "", "healthcare": "laboratory", "craft": "", "tourism": "", "leisure": "", "phone": "+7 343 2144800;+7 351 4624000;+7 800 3330915", "opening_hours": "Mo-Fr 07:00-19:00; Sa-Su 08:00-16:00", "website": "https://citilab.ru", "housenumber": "", "street": ""}, "geometry": {"type": "Point", "coordinates": [60.7262667, 56.088891]}}, {"type": "Feature", "properties": {"id": 11649060513, "name": "Доброцен", "amenity": "", "shop": "supermarket", "office": "", "healthcare": "", "craft": "", "tourism": "", "leisure": "", "phone": "88005501651", "opening_hours": "Mo-Su 09:00-21:00", "website": "https://dobrotsen.ru", "housenumber": "", "street": ""}, "geometry": {"type": "Point", "coordinates": [60.7377825, 56.0669875]}}, {"type": "Feature", "properties": {"id": 11873602590, "name": "Ozon", "amenity": "", "shop": "outpost", "office": "", "healthcare": "", "craft": "", "tourism": "", "leisure": "", "phone": "+7 495 2321000", "opening_hours": "Mo-Su 09:00-21:00", "website": "https://www.ozon.ru", "housenumber": "", "street": ""}, "geometry": {"type": "Point", "coordinates": [60.7548993, 56.077543]}}, {"type": "Feature", "properties": {"id": 11873602630, "name": "Ozon", "amenity": "", "shop": "outpost", "office": "", "healthcare": "", "craft": "", "tourism": "", "leisure": "", "phone": "+7 495 2321000", "opening_hours": "Mo-Su 09:00-21:00", "website": "https://www.ozon.ru", "housenumber": "", "street": ""}, "geometry": {"type": "Point", "coordinates": [60.7218443, 56.0827183]}}, {"type": "Feature", "properties": {"id": 11873602656, "name": "Ozon", "amenity": "", "shop": "outpost", "office": "", "healthcare": "", "craft": "", "tourism": "", "leisure": "", "phone": "+7 495 2321000", "opening_hours": "Mo-Su 09:00-21:00", "website": "https://www.ozon.ru", "housenumber": "", "street": ""}, "geometry": {"type": "Point", "coordinates": [60.7460035, 56.0701064]}}, {"type": "Feature", "properties": {"id": 11915785669, "name": "Цветочная Затея", "amenity": "", "shop": "florist", "office": "", "healthcare": "", "craft": "", "tourism": "", "leisure": "", "phone": "+ 7 912 475 98 73", "opening_hours": "", "website": "https://vk.com/24cvzateya", "housenumber": "", "street": ""}, "geometry": {"type": "Point", "coordinates": [60.7310456, 56.0865456]}}, {"type": "Feature", "properties": {"id": 12298949080, "name": "Boxberry", "amenity": "", "shop": "outpost", "office": "", "healthcare": "", "craft": "", "tourism": "", "leisure": "", "phone": "+7 800 2348000", "opening_hours": "Mo-Su 09:00-21:00", "website": "https://boxberry.ru", "housenumber": "", "street": ""}, "geometry": {"type": "Point", "coordinates": [60.7525079, 56.0748908]}}, {"type": "Feature", "properties": {"id": 12298949081, "name": "Boxberry", "amenity": "", "shop": "outpost", "office": "", "healthcare": "", "craft": "", "tourism": "", "leisure": "", "phone": "+7 800 2348000", "opening_hours": "Mo-Su 09:00-21:00", "website": "https://boxberry.ru", "housenumber": "", "street": ""}, "geometry": {"type": "Point", "coordinates": [60.7376334, 56.0848193]}}, {"type": "Feature", "properties": {"id": 12369440562, "name": "Аско", "amenity": "", "shop": "", "office": "insurance", "healthcare": "", "craft": "", "tourism": "", "leisure": "", "phone": "", "opening_hours": "", "website": "", "housenumber": "", "street": ""}, "geometry": {"type": "Point", "coordinates": [60.7422897, 56.0846358]}}, {"type": "Feature", "properties": {"id": 12520961354, "name": "Вафли", "amenity": "cafe", "shop": "", "office": "", "healthcare": "", "craft": "", "tourism": "", "leisure": "", "phone": "", "opening_hours": "", "website": "", "housenumber": "", "street": ""}, "geometry": {"type": "Point", "coordinates": [60.736698, 56.088503]}}, {"type": "Feature", "properties": {"id": 12522423094, "name": "", "amenity": "", "shop": "baby_goods", "office": "", "healthcare": "", "craft": "", "tourism": "", "leisure": "", "phone": "", "opening_hours": "", "website": "", "housenumber": "", "street": ""}, "geometry": {"type": "Point", "coordinates": [60.7332763, 56.0879054]}}, {"type": "Feature", "properties": {"id": 12522423095, "name": "", "amenity": "", "shop": "clothes", "office": "", "healthcare": "", "craft": "", "tourism": "", "leisure": "", "phone": "", "opening_hours": "", "website": "", "housenumber": "", "street": ""}, "geometry": {"type": "Point", "coordinates": [60.7332905, 56.0881089]}}, {"type": "Feature", "properties": {"id": 12522450014, "name": "", "amenity": "", "shop": "gift", "office": "", "healthcare": "", "craft": "", "tourism": "", "leisure": "", "phone": "", "opening_hours": "", "website": "", "housenumber": "", "street": ""}, "geometry": {"type": "Point", "coordinates": [60.7393476, 56.0877053]}}, {"type": "Feature", "properties": {"id": 12522450024, "name": "Я люблю Снежинск", "amenity": "", "shop": "", "office": "", "healthcare": "", "craft": "", "tourism": "attraction", "leisure": "", "phone": "", "opening_hours": "", "website": "", "housenumber": "", "street": ""}, "geometry": {"type": "Point", "coordinates": [60.7420938, 56.0893192]}}, {"type": "Feature", "properties": {"id": 12525932352, "name": "", "amenity": "", "shop": "ticket", "office": "", "healthcare": "", "craft": "", "tourism": "", "leisure": "", "phone": "", "opening_hours": "", "website": "", "housenumber": "", "street": ""}, "geometry": {"type": "Point", "coordinates": [60.7426305, 56.0818802]}}, {"type": "Feature", "properties": {"id": 12638703739, "name": "Суши-Маркет", "amenity": "fast_food", "shop": "", "office": "", "healthcare": "", "craft": "", "tourism": "", "leisure": "", "phone": "+7 800 7006776", "opening_hours": "Mo-Su 10:00-21:00", "website": "https://sushi-market.com", "housenumber": "", "street": ""}, "geometry": {"type": "Point", "coordinates": [60.7384987, 56.0722775]}}, {"type": "Feature", "properties": {"id": 12638703740, "name": "Суши-Маркет", "amenity": "fast_food", "shop": "", "office": "", "healthcare": "", "craft": "", "tourism": "", "leisure": "", "phone": "+7 800 7006776", "opening_hours": "Mo-Su 10:00-21:00", "website": "https://sushi-market.com", "housenumber": "", "street": ""}, "geometry": {"type": "Point", "coordinates": [60.7574619, 56.0785352]}}, {"type": "Feature", "properties": {"id": 12744181560, "name": "SafronTech", "amenity": "", "shop": "", "office": "", "healthcare": "", "craft": "electronics_repair", "tourism": "", "leisure": "", "phone": "+7 905 8329464", "opening_hours": "Mo-Fr 10:00-20:00; Sa 12:00-18:00", "website": "", "housenumber": "", "street": ""}, "geometry": {"type": "Point", "coordinates": [60.739181, 56.083547]}}, {"type": "Feature", "properties": {"id": 13028132103, "name": "Пятерочка", "amenity": "", "shop": "supermarket", "office": "", "healthcare": "", "craft": "", "tourism": "", "leisure": "", "phone": "", "opening_hours": "", "website": "", "housenumber": "6", "street": "улица Пищерова"}, "geometry": {"type": "Point", "coordinates": [60.7276171, 56.0910921]}}, {"type": "Feature", "properties": {"id": 13028164301, "name": "Чижик", "amenity": "", "shop": "supermarket", "office": "", "healthcare": "", "craft": "", "tourism": "", "leisure": "", "phone": "", "opening_hours": "", "website": "", "housenumber": "35", "street": "улица Васильева"}, "geometry": {"type": "Point", "coordinates": [60.7259875, 56.0895228]}}, {"type": "Feature", "properties": {"id": 13028164302, "name": "Wildberries", "amenity": "", "shop": "outpost", "office": "", "healthcare": "", "craft": "", "tourism": "", "leisure": "", "phone": "", "opening_hours": "", "website": "", "housenumber": "35", "street": "улица Васильева"}, "geometry": {"type": "Point", "coordinates": [60.726076, 56.0893707]}}, {"type": "Feature", "properties": {"id": 13434232059, "name": "Монетка", "amenity": "", "shop": "convenience", "office": "", "healthcare": "", "craft": "", "tourism": "", "leisure": "", "phone": "", "opening_hours": "", "website": "", "housenumber": "", "street": ""}, "geometry": {"type": "Point", "coordinates": [60.7726156, 56.0780433]}}]}