{"type": "FeatureCollection", "features": [{"type": "Feature", "properties": {"id": 35630807, "highway": "secondary", "name": "улица Широкая", "ref": "", "oneway": "", "surface": ""}, "geometry": {"type": "LineString", "coordinates": [[60.7795582, 56.0638327], [60.7783893, 56.0638162], [60.7776801, 56.063834], [60.7763046, 56.0638685], [60.7761624, 56.0638784], [60.7726086, 56.0640311], [60.7696739, 56.0641463]]}}, {"type": "Feature", "properties": {"id": 35630827, "highway": "tertiary", "name": "проспект Щёлкина", "ref": "", "oneway": "yes", "surface": ""}, "geometry": {"type": "LineString", "coordinates": [[60.719351, 56.0830494], [60.7194879, 56.0828079], [60.719589, 56.08262], [60.7196023, 56.0824885], [60.7195804, 56.08235], [60.7191124, 56.0788389]]}}, {"type": "Feature", "properties": {"id": 39949814, "highway": "tertiary", "name": "", "ref": "75К-411", "oneway": "", "surface": "asphalt"}, "geometry": {"type": "LineString", "coordinates": [[60.8333207, 56.0769182], [60.8327923, 56.0774094], [60.8310156, 56.0792312], [60.8292685, 56.0810181], [60.8289649, 56.0813034], [60.8286089, 56.0816372], [60.8284181, 56.0818375], [60.8283036, 56.0820166], [60.828243, 56.082182], [60.8279179, 56.0831222], [60.8270055, 56.0866553], [60.8269779, 56.086762], [60.8261401, 56.0900056], [60.8259269, 56.0905154], [60.8257001, 56.0909509], [60.8253836, 56.0912509], [60.8249827, 56.091564], [60.8200801, 56.0952045], [60.8196436, 56.0955623], [60.819412, 56.0956865], [60.8190468, 56.0958605], [60.8185166, 56.0960384], [60.8169267, 56.0965313], [60.8094075, 56.0988444], [60.8056102, 56.1000029], [60.8037386, 56.1005822], [60.8032858, 56.1007411], [60.8030284, 56.1008315], [60.8029021, 56.1008758], [60.8021163, 56.1011515], [60.8015835, 56.1014406], [60.8012718, 56.1016108], [60.8010446, 56.1017511], [60.8002656, 56.1023399], [60.7995534, 56.1028408], [60.7962622, 56.1051556], [60.795549, 56.1057951], [60.7953693, 56.1060854], [60.7951641, 56.1064169], [60.7951162, 56.1070137], [60.7952677, 56.1079126], [60.7953572, 56.10881], [60.7952352, 56.1093544], [60.7949648, 56.1098853], [60.7943221, 56.1108522], [60.794081, 56.1112149], [60.7929309, 56.1128833], [60.7927341, 56.1133734], [60.792626, 56.1138463], [60.792611, 56.1143243], [60.7926239, 56.1145623], [60.7926303, 56.1146796], [60.792637, 56.114803], [60.7927242, 56.1155144], [60.7927728, 56.1157709], [60.7927917, 56.1163966], [60.7928183, 56.1171419]]}}, {"type": "Feature", "properties": {"id": 48368876, "highway": "tertiary", "name": "улица Васильева", "ref": "", "oneway": "yes", "surface": "asphalt"}, "geometry": {"type": "LineString", "coordinates": [[60.7383969, 56.082639], [60.7384034, 56.0826932], [60.738502, 56.0835103], [60.738533, 56.0837673], [60.7385364, 56.083798], [60.7386879, 56.0849417], [60.7386989, 56.0850243], [60.7387375, 56.0853814], [60.7388101, 56.0859252], [60.7388225, 56.0860665], [60.7387743, 56.086221], [60.7386772, 56.0863624], [60.7385689, 56.0864784], [60.7379283, 56.0871152], [60.7374058, 56.0876176], [60.7373813, 56.0876412], [60.7373466, 56.0876762]]}}, {"type": "Feature", "properties": {"id": 48368879, "highway": "tertiary", "name": "Берёзовая улица", "ref": "", "oneway": "", "surface": ""}, "geometry": {"type": "LineString", "coordinates": [[60.7653593, 56.075237], [60.7658344, 56.0752217], [60.7708807, 56.0750586]]}}, {"type": "Feature", "properties": {"id": 48368880, "highway": "tertiary", "name": "улица Феоктистова", "ref": "", "oneway": "", "surface": ""}, "geometry": {"type": "LineString", "coordinates": [[60.7379608, 56.0793036], [60.7427414, 56.0791333]]}}, {"type": "Feature", "properties": {"id": 48368881, "highway": "tertiary", "name": "улица Феоктистова", "ref": "", "oneway": "", "surface": ""}, "geometry": {"type": "LineString", "coordinates": [[60.7191124, 56.0788389], [60.7193195, 56.0788298]]}}, {"type": "Feature", "properties": {"id": 48374810, "highway": "service", "name": "", "ref": "", "oneway": "", "surface": ""}, "geometry": {"type": "LineString", "coordinates": [[60.7536965, 56.0603705], [60.7537076, 56.0614138], [60.7537635, 56.0623182], [60.753864, 56.0632435], [60.7586448, 56.0631353], [60.7622402, 56.063036], [60.7627439, 56.0629483]]}}, {"type": "Feature", "properties": {"id": 48374811, "highway": "service", "name": "", "ref": "", "oneway": "", "surface": ""}, "geometry": {"type": "LineString", "coordinates": [[60.75866, 56.0635385], [60.7586448, 56.0631353], [60.7585319, 56.0622043], [60.7584552, 56.0613124], [60.7583744, 56.060791], [60.7581827, 56.0602621]]}}, {"type": "Feature", "properties": {"id": 48374812, "highway": "residential", "name": "Сосновая улица", "ref": "", "oneway": "", "surface": ""}, "geometry": {"type": "LineString", "coordinates": [[60.7749523, 56.0682169], [60.774908, 56.0678637], [60.774836, 56.0670347], [60.7747992, 56.0665059], [60.7747046, 56.0661062], [60.7746719, 56.0658428]]}}, {"type": "Feature", "properties": {"id": 48374813, "highway": "service", "name": "", "ref": "", "oneway": "", "surface": ""}, "geometry": {"type": "LineString", "coordinates": [[60.7537076, 56.0614138], [60.7584552, 56.0613124], [60.7620317, 56.0612132], [60.7623711, 56.0612044]]}}, {"type": "Feature", "properties": {"id": 48374814, "highway": "service", "name": "", "ref": "", "oneway": "", "surface": ""}, "geometry": {"type": "LineString", "coordinates": [[60.7519895, 56.0623751], [60.7537635, 56.0623182], [60.7585319, 56.0622043], [60.7621281, 56.0621239], [60.762497, 56.0621095]]}}, {"type": "Feature", "properties": {"id": 48374817, "highway": "tertiary", "name": "улица Ленина", "ref": "", "oneway": "", "surface": "asphalt"}, "geometry": {"type": "LineString", "coordinates": [[60.7435351, 56.0848253], [60.7427501, 56.0848973], [60.7414978, 56.0849492], [60.7406221, 56.0849693], [60.7391952, 56.085001], [60.7386989, 56.0850243], [60.7372082, 56.085089], [60.7367468, 56.0851149], [60.7358477, 56.0851556], [60.7351419, 56.0851793], [60.7342932, 56.0852093], [60.7330581, 56.0852574], [60.7327138, 56.0852756], [60.7322122, 56.0852918], [60.7318598, 56.0853175], [60.7316682, 56.0853267], [60.7309019, 56.0853533], [60.7303835, 56.0853782], [60.7295738, 56.0854102], [60.7280539, 56.0854727], [60.7278955, 56.0854789], [60.7269221, 56.0855127], [60.7266029, 56.0855251], [60.7261408, 56.0855561], [60.7242717, 56.0856288], [60.7241755, 56.0856319], [60.7241124, 56.085634], [60.7221215, 56.0857159]]}}, {"type": "Feature", "properties": {"id": 48374818, "highway": "tertiary_link", "name": "", "ref": "", "oneway": "yes", "surface": ""}, "geometry": {"type": "LineString", "coordinates": [[60.72127, 56.086244], [60.7211114, 56.0860622], [60.7208152, 56.0858532]]}}, {"type": "Feature", "properties": {"id": 48374820, "highway": "service", "name": "", "ref": "", "oneway": "", "surface": ""}, "geometry": {"type": "LineString", "coordinates": [[60.7376122, 56.0802651], [60.7367987, 56.0799265], [60.7368192, 56.080288], [60.7376122, 56.0802651], [60.7380759, 56.0802473], [60.7384408, 56.0802358], [60.7392709, 56.0802095], [60.7394114, 56.0802051], [60.7397745, 56.0801936], [60.7400251, 56.0801857], [60.7406702, 56.0801653], [60.7408154, 56.0801607], [60.7412595, 56.0801467], [60.7414156, 56.0801418], [60.7417215, 56.0801321], [60.74215, 56.0801186], [60.7427494, 56.0800996], [60.7428835, 56.0800954]]}}, {"type": "Feature", "properties": {"id": 48379766, "highway": "tertiary", "name": "проспект Щёлкина", "ref": "", "oneway": "yes", "surface": ""}, "geometry": {"type": "LineString", "coordinates": [[60.7176223, 56.0656415], [60.7188757, 56.0754236], [60.7191994, 56.0778931], [60.7193195, 56.0788298]]}}, {"type": "Feature", "properties": {"id": 48379767, "highway": "service", "name": "", "ref": "", "oneway": "", "surface": ""}, "geometry": {"type": "LineString", "coordinates": [[60.7311386, 56.0746933], [60.7311149, 56.0738536]]}}, {"type": "Feature", "properties": {"id": 48379769, "highway": "tertiary", "name": "улица Ломинского", "ref": "", "oneway": "", "surface": "asphalt"}, "geometry": {"type": "LineString", "coordinates": [[60.7427414, 56.0791333], [60.7427032, 56.0787307], [60.7426963, 56.0786514], [60.7426874, 56.0785167], [60.7427032, 56.078206], [60.7427504, 56.0779451], [60.7429028, 56.0775757], [60.7430674, 56.0773413], [60.7432758, 56.077048], [60.7436645, 56.0764763], [60.7437386, 56.076349], [60.7438011, 56.0762036], [60.7438956, 56.0759046], [60.7439457, 56.0755228], [60.7439074, 56.0751244], [60.7438931, 56.0749752], [60.7438303, 56.0743215], [60.7438147, 56.0741588], [60.7437333, 56.0733114], [60.7437137, 56.0731095]]}}, {"type": "Feature", "properties": {"id": 48379770, "highway": "tertiary", "name": "Еловая улица", "ref": "", "oneway": "", "surface": "asphalt"}, "geometry": {"type": "LineString", "coordinates": [[60.7653593, 56.075237], [60.7653557, 56.0750352], [60.765282, 56.0743917], [60.765267, 56.0742613]]}}, {"type": "Feature", "properties": {"id": 48379771, "highway": "tertiary", "name": "Чкаловская улица", "ref": "", "oneway": "", "surface": ""}, "geometry": {"type": "LineString", "coordinates": [[60.7531334, 56.0728228], [60.7533641, 56.0728157], [60.7548025, 56.0727716], [60.7553306, 56.0727554], [60.7571476, 56.0726998], [60.7571578, 56.0727951], [60.757208, 56.0732664], [60.7572304, 56.0735168], [60.7572733, 56.073605], [60.7573759, 56.0737132], [60.7575474, 56.0738177], [60.7586893, 56.0743568], [60.758843, 56.0744179], [60.7591105, 56.0744727], [60.7594074, 56.074497], [60.7614172, 56.074412], [60.7620183, 56.0743929], [60.7629267, 56.0743628], [60.7651098, 56.0742856], [60.765267, 56.0742613]]}}, {"type": "Feature", "properties": {"id": 48379773, "highway": "tertiary", "name": "улица Строителей", "ref": "", "oneway": "", "surface": "asphalt"}, "geometry": {"type": "LineString", "coordinates": [[60.7708807, 56.0750586], [60.7707956, 56.0742672], [60.7707609, 56.073945], [60.7706241, 56.0727993], [60.7704754, 56.071703], [60.7703598, 56.070666], [60.77035, 56.0705782], [60.7703079, 56.0702226], [60.7701848, 56.0694999], [60.7701185, 56.0687324], [60.770082, 56.068373], [60.7699997, 56.0676423], [60.7699769, 56.0674545], [60.7698644, 56.0663028], [60.7698239, 56.0659785], [60.7697253, 56.0650663], [60.7696739, 56.0641463]]}}, {"type": "Feature", "properties": {"id": 48379775, "highway": "service", "name": "", "ref": "", "oneway": "", "surface": ""}, "geometry": {"type": "LineString", "coordinates": [[60.7532833, 56.072014], [60.7535993, 56.0720081], [60.7538549, 56.072007], [60.755049, 56.0719761], [60.7549894, 56.0713056], [60.754865, 56.0712512], [60.7542869, 56.0712668], [60.7542837, 56.0711568], [60.7542803, 56.0710371], [60.7539206, 56.0710413], [60.7536658, 56.0710453], [60.7531807, 56.0710429]]}}, {"type": "Feature", "properties": {"id": 48379776, "highway": "service", "name": "", "ref": "", "oneway": "", "surface": ""}, "geometry": {"type": "LineString", "coordinates": [[60.7654333, 56.0642445], [60.7655125, 56.0619566]]}}, {"type": "Feature", "properties": {"id": 48379777, "highway": "service", "name": "", "ref": "", "oneway": "", "surface": ""}, "geometry": {"type": "LineString", "coordinates": [[60.7696739, 56.0641463], [60.7695384, 56.0636152], [60.7695031, 56.0634798], [60.7694403, 56.0631883], [60.7694089, 56.0628457], [60.7693762, 56.0619011], [60.7693722, 56.0610887]]}}, {"type": "Feature", "properties": {"id": 48379778, "highway": "tertiary_link", "name": "", "ref": "", "oneway": "yes", "surface": ""}, "geometry": {"type": "LineString", "coordinates": [[60.753032, 56.0713562], [60.7532127, 56.0713521]]}}, {"type": "Feature", "properties": {"id": 48379779, "highway": "tertiary", "name": "проспект Мира", "ref": "", "oneway": "yes", "surface": "asphalt"}, "geometry": {"type": "LineString", "coordinates": [[60.7535543, 56.074994], [60.7536166, 56.0757128], [60.7536239, 56.0757967], [60.7536955, 56.0766179], [60.7536981, 56.0766476], [60.7537983, 56.0778109], [60.7538128, 56.0779529]]}}, {"type": "Feature", "properties": {"id": 48379785, "highway": "service", "name": "", "ref": "", "oneway": "", "surface": ""}, "geometry": {"type": "LineString", "coordinates": [[60.7372105, 56.073793], [60.7386812, 56.0737559], [60.7388873, 56.0737334], [60.7390752, 56.073681], [60.7392226, 56.0735553], [60.7391619, 56.0730862], [60.739244, 56.0730587], [60.7392178, 56.0728536], [60.7394532, 56.072843], [60.73948, 56.0731955], [60.7392226, 56.0735553]]}}, {"type": "Feature", "properties": {"id": 48379788, "highway": "tertiary", "name": "улица Нечая", "ref": "", "oneway": "", "surface": ""}, "geometry": {"type": "LineString", "coordinates": [[60.7437137, 56.0731095], [60.7439292, 56.073103], [60.7440425, 56.0730988], [60.7442766, 56.073094], [60.7458223, 56.0730467], [60.7464824, 56.0730265], [60.7478743, 56.0729842], [60.7479209, 56.0729828], [60.7506095, 56.0729019], [60.751142, 56.0728861], [60.7517386, 56.0728671], [60.7529542, 56.0728274], [60.7531334, 56.0728228]]}}, {"type": "Feature", "properties": {"id": 48379789, "highway": "service", "name": "", "ref": "", "oneway": "", "surface": ""}, "geometry": {"type": "LineString", "coordinates": [[60.7644882, 56.0619681], [60.7655125, 56.0619566], [60.7693762, 56.0619011], [60.7711642, 56.0618938], [60.771972, 56.0618617], [60.7720984, 56.0628238], [60.7694089, 56.0628457], [60.7672692, 56.0628694]]}}, {"type": "Feature", "properties": {"id": 48379792, "highway": "service", "name": "", "ref": "", "oneway": "", "surface": ""}, "geometry": {"type": "LineString", "coordinates": [[60.7586852, 56.0638986], [60.75866, 56.0635385], [60.7579008, 56.0635638], [60.757908, 56.0639155], [60.7586852, 56.0638986]]}}, {"type": "Feature", "properties": {"id": 48379795, "highway": "tertiary", "name": "улица Свердлова", "ref": "", "oneway": "yes", "surface": "asphalt"}, "geometry": {"type": "LineString", "coordinates": [[60.7330935, 56.0919801], [60.7330687, 56.0918429], [60.7329623, 56.0912534], [60.7329616, 56.0908543], [60.7328381, 56.0899329], [60.732824, 56.0898308], [60.7328143, 56.0896959], [60.732692, 56.0889002], [60.7326632, 56.0886756], [60.7325026, 56.0876198], [60.7324851, 56.0874812], [60.7323295, 56.087264]]}}, {"type": "Feature", "properties": {"id": 48379796, "highway": "tertiary", "name": "улица Победы", "ref": "", "oneway": "", "surface": ""}, "geometry": {"type": "LineString", "coordinates": [[60.72127, 56.086244], [60.7212962, 56.0864282], [60.7213145, 56.0865847], [60.7213668, 56.0869403], [60.7214142, 56.0872381], [60.7214722, 56.0877335], [60.7215407, 56.0883261], [60.7216696, 56.0891584], [60.7216779, 56.0892246], [60.7217218, 56.0895971], [60.7217971, 56.090115], [60.721822, 56.0902863]]}}, {"type": "Feature", "properties": {"id": 48379799, "highway": "service", "name": "", "ref": "", "oneway": "", "surface": ""}, "geometry": {"type": "LineString", "coordinates": [[60.7373216, 56.0745837], [60.7371124, 56.0745677], [60.7359513, 56.0745495], [60.7347549, 56.0745307], [60.7332279, 56.0745068], [60.7327955, 56.0745], [60.7327231, 56.0744989], [60.7325334, 56.0744959], [60.7321367, 56.0745433], [60.7314553, 56.07459], [60.7311386, 56.0746933], [60.7310166, 56.0747831], [60.7308508, 56.0748302], [60.7302728, 56.0748486], [60.7301536, 56.0748487], [60.7300458, 56.0748499], [60.7274881, 56.0748074], [60.7267633, 56.0747968], [60.7259699, 56.0747739], [60.7252023, 56.0747628], [60.7245064, 56.0747488], [60.7236893, 56.0747234], [60.7230106, 56.0747131]]}}, {"type": "Feature", "properties": {"id": 48379801, "highway": "tertiary_link", "name": "", "ref": "", "oneway": "yes", "surface": ""}, "geometry": {"type": "LineString", "coordinates": [[60.7205998, 56.0833802], [60.7202923, 56.0834088], [60.7201298, 56.0834242], [60.7199703, 56.0834483], [60.7197789, 56.0834988], [60.7196531, 56.0835511], [60.7194828, 56.0837053], [60.7193635, 56.0838758], [60.7193187, 56.0840045], [60.7193202, 56.0841342], [60.7193973, 56.084288], [60.7197032, 56.0845449], [60.7200461, 56.0847841], [60.7205041, 56.0851053], [60.720662, 56.0852162], [60.720822, 56.0853295], [60.7209882, 56.0854263], [60.7211287, 56.0854709], [60.7212323, 56.0854978]]}}, {"type": "Feature", "properties": {"id": 48379802, "highway": "tertiary", "name": "бульвар Свердлова", "ref": "", "oneway": "yes", "surface": ""}, "geometry": {"type": "LineString", "coordinates": [[60.7322122, 56.0852918], [60.7321983, 56.0851938], [60.7320226, 56.0839635], [60.7318819, 56.0830615], [60.7318551, 56.0828896]]}}, {"type": "Feature", "properties": {"id": 48379806, "highway": "tertiary", "name": "", "ref": "", "oneway": "yes", "surface": ""}, "geometry": {"type": "LineString", "coordinates": [[60.7198426, 56.0830993], [60.7198336, 56.0831932], [60.7197898, 56.0833372], [60.7196531, 56.0835511]]}}, {"type": "Feature", "properties": {"id": 48379807, "highway": "tertiary_link", "name": "", "ref": "", "oneway": "yes", "surface": ""}, "geometry": {"type": "LineString", "coordinates": [[60.719351, 56.0830494], [60.7194815, 56.0829832], [60.7195638, 56.0829703], [60.719642, 56.0829756], [60.719706, 56.0829956], [60.719766, 56.0830223], [60.7198426, 56.0830993]]}}, {"type": "Feature", "properties": {"id": 48379808, "highway": "service", "name": "", "ref": "", "oneway": "yes", "surface": ""}, "geometry": {"type": "LineString", "coordinates": [[60.7209429, 56.0833631], [60.7209587, 56.0834898]]}}, {"type": "Feature", "properties": {"id": 48379809, "highway": "service", "name": "", "ref": "", "oneway": "", "surface": ""}, "geometry": {"type": "LineString", "coordinates": [[60.721118, 56.0847402], [60.7205041, 56.0851053]]}}, {"type": "Feature", "properties": {"id": 48379815, "highway": "tertiary", "name": "", "ref": "", "oneway": "yes", "surface": ""}, "geometry": {"type": "LineString", "coordinates": [[60.7189894, 56.077903], [60.7191994, 56.0778931]]}}, {"type": "Feature", "properties": {"id": 48379819, "highway": "tertiary", "name": "", "ref": "", "oneway": "yes", "surface": ""}, "geometry": {"type": "LineString", "coordinates": [[60.7208152, 56.0858532], [60.7207033, 56.0857635]]}}, {"type": "Feature", "properties": {"id": 48379825, "highway": "service", "name": "", "ref": "", "oneway": "", "surface": "asphalt"}, "geometry": {"type": "LineString", "coordinates": [[60.728424, 56.0867192], [60.7305158, 56.0866358]]}}, {"type": "Feature", "properties": {"id": 48379826, "highway": "service", "name": "", "ref": "", "oneway": "", "surface": "asphalt"}, "geometry": {"type": "LineString", "coordinates": [[60.7283887, 56.0862569], [60.7304555, 56.0861745]]}}, {"type": "Feature", "properties": {"id": 48379827, "highway": "service", "name": "", "ref": "", "oneway": "", "surface": "asphalt"}, "geometry": {"type": "LineString", "coordinates": [[60.7285955, 56.08718], [60.7307056, 56.0871021], [60.7306937, 56.0870211], [60.7306542, 56.0866326], [60.7305158, 56.0866358], [60.730469, 56.0862774], [60.7304555, 56.0861745], [60.730436, 56.085926], [60.7304226, 56.0857626], [60.730424, 56.0857358], [60.7303935, 56.0854906], [60.7303835, 56.0853782]]}}, {"type": "Feature", "properties": {"id": 48379832, "highway": "tertiary", "name": "бульвар Свердлова", "ref": "", "oneway": "yes", "surface": ""}, "geometry": {"type": "LineString", "coordinates": [[60.7323396, 56.0828711], [60.7323566, 56.0830386], [60.7323925, 56.0833916], [60.7324996, 56.0842484], [60.7326938, 56.0851796], [60.7327138, 56.0852756]]}}, {"type": "Feature", "properties": {"id": 48379833, "highway": "tertiary", "name": "улица Забабахина", "ref": "", "oneway": "", "surface": "asphalt"}, "geometry": {"type": "LineString", "coordinates": [[60.7656239, 56.0776262], [60.7654247, 56.0776293], [60.7653562, 56.0776298], [60.7639169, 56.0776642], [60.7637976, 56.0776667], [60.7624802, 56.0776946], [60.7617374, 56.0777104], [60.7608774, 56.0777286], [60.7606791, 56.0777334], [60.7588301, 56.0777826], [60.7586775, 56.0777867], [60.7553011, 56.0778958], [60.7551008, 56.0779019], [60.7540567, 56.0779416], [60.7538128, 56.0779529]]}}, {"type": "Feature", "properties": {"id": 48379834, "highway": "tertiary", "name": "улица Транспортная", "ref": "", "oneway": "", "surface": ""}, "geometry": {"type": "LineString", "coordinates": [[60.7383969, 56.082639], [60.7382181, 56.0812968], [60.7380759, 56.0802473], [60.7380614, 56.0800556], [60.7380154, 56.0797819], [60.7379608, 56.0793036]]}}, {"type": "Feature", "properties": {"id": 48379840, "highway": "service", "name": "", "ref": "", "oneway": "", "surface": ""}, "geometry": {"type": "LineString", "coordinates": [[60.7499264, 56.0780388], [60.7499048, 56.0779008], [60.7498932, 56.0778269], [60.749874, 56.0776028], [60.7497825, 56.0769062], [60.7494787, 56.0769171], [60.749296, 56.0770117], [60.7486942, 56.0770329], [60.7486166, 56.0770741], [60.7476124, 56.0771107]]}}, {"type": "Feature", "properties": {"id": 48379841, "highway": "service", "name": "", "ref": "", "oneway": "", "surface": ""}, "geometry": {"type": "LineString", "coordinates": [[60.7494787, 56.0769171], [60.7493255, 56.0767837], [60.7489247, 56.0767971], [60.7485232, 56.0768064], [60.7483909, 56.0768652], [60.7479081, 56.0768801], [60.7476673, 56.0768922], [60.7475876, 56.0769583], [60.7476124, 56.0771107], [60.7476971, 56.0778246], [60.7477265, 56.0780665], [60.7476728, 56.0781311], [60.7476716, 56.0783322]]}}, {"type": "Feature", "properties": {"id": 48379869, "highway": "tertiary", "name": "Еловая улица", "ref": "", "oneway": "", "surface": "asphalt"}, "geometry": {"type": "LineString", "coordinates": [[60.7656239, 56.0776262], [60.7656241, 56.0774553], [60.7654895, 56.0764048], [60.7654892, 56.076324], [60.7654562, 56.0761077], [60.7654238, 56.0757052], [60.7654076, 56.0756067], [60.7653877, 56.0754538], [60.7653593, 56.075237]]}}, {"type": "Feature", "properties": {"id": 48379870, "highway": "tertiary", "name": "улица Строителей", "ref": "", "oneway": "", "surface": "asphalt"}, "geometry": {"type": "LineString", "coordinates": [[60.7708807, 56.0750586], [60.7710055, 56.0761761], [60.7710256, 56.0763581], [60.7711475, 56.0772618], [60.7711597, 56.077387], [60.7711613, 56.0774351]]}}, {"type": "Feature", "properties": {"id": 48380237, "highway": "tertiary", "name": "улица Дзержинского", "ref": "", "oneway": "", "surface": ""}, "geometry": {"type": "LineString", "coordinates": [[60.7205998, 56.0833802], [60.7209429, 56.0833631], [60.7211451, 56.083354], [60.7231897, 56.0832881], [60.72381, 56.0832625], [60.7240147, 56.0832541], [60.7245549, 56.0832274], [60.7254978, 56.0831844], [60.7257489, 56.0831736], [60.7273171, 56.0831093], [60.7278224, 56.083097], [60.7297668, 56.0829785], [60.7310065, 56.0829257], [60.7318551, 56.0828896]]}}, {"type": "Feature", "properties": {"id": 48380239, "highway": "tertiary_link", "name": "", "ref": "", "oneway": "yes", "surface": ""}, "geometry": {"type": "LineString", "coordinates": [[60.7198426, 56.0830993], [60.7199624, 56.0832045], [60.7200714, 56.0832725], [60.7202328, 56.0833306], [60.7203773, 56.0833613], [60.7205998, 56.0833802]]}}, {"type": "Feature", "properties": {"id": 48380240, "highway": "tertiary_link", "name": "", "ref": "", "oneway": "yes", "surface": ""}, "geometry": {"type": "LineString", "coordinates": [[60.7197032, 56.0845449], [60.7197127, 56.0846267], [60.7196097, 56.0847152], [60.7194518, 56.0847424], [60.719274, 56.0847329]]}}, {"type": "Feature", "properties": {"id": 48380791, "highway": "tertiary", "name": "улица 40 лет Октября", "ref": "", "oneway": "", "surface": "asphalt"}, "geometry": {"type": "LineString", "coordinates": [[60.743219, 56.0824446], [60.7433732, 56.0836111], [60.7434774, 56.0844016], [60.7435351, 56.0848253], [60.7435486, 56.0849123], [60.7435839, 56.0851391], [60.7436378, 56.085485], [60.7436512, 56.0856247], [60.7435931, 56.085762], [60.7434637, 56.085892], [60.7428812, 56.0864493], [60.7421566, 56.087155], [60.7414112, 56.0879284], [60.74069, 56.0886234], [60.7406212, 56.088685], [60.7401657, 56.0891174], [60.7401407, 56.089144], [60.738816, 56.0905562], [60.7386445, 56.0907136], [60.7385138, 56.0908326], [60.7383975, 56.0909257], [60.738208, 56.091063], [60.7379729, 56.0912101], [60.7377874, 56.0913125], [60.7375148, 56.0914309], [60.737316, 56.0915091], [60.73708, 56.0916088], [60.7367919, 56.0916697], [60.7364915, 56.091741], [60.7358965, 56.0918448], [60.7350422, 56.0918955], [60.7335841, 56.091959]]}}, {"type": "Feature", "properties": {"id": 48380792, "highway": "tertiary", "name": "улица Васильева", "ref": "", "oneway": "", "surface": "asphalt"}, "geometry": {"type": "LineString", "coordinates": [[60.7332816, 56.0898108], [60.732824, 56.0898308], [60.732665, 56.0898363], [60.731362, 56.0898938], [60.7306873, 56.0899184], [60.7304728, 56.0899262], [60.7286528, 56.0899927], [60.7284466, 56.0900011], [60.7274994, 56.0900463], [60.7273308, 56.0900554], [60.7272302, 56.0900609]]}}, {"type": "Feature", "properties": {"id": 48380797, "highway": "service", "name": "", "ref": "", "oneway": "", "surface": "asphalt"}, "geometry": {"type": "LineString", "coordinates": [[60.7412431, 56.0825344], [60.7412376, 56.0824675], [60.7411586, 56.0817504]]}}, {"type": "Feature", "properties": {"id": 48380798, "highway": "service", "name": "", "ref": "", "oneway": "", "surface": ""}, "geometry": {"type": "LineString", "coordinates": [[60.7419289, 56.0825092], [60.7419225, 56.0824426], [60.7419173, 56.0824156], [60.7418732, 56.0820595], [60.7419385, 56.081917], [60.7417215, 56.0801321], [60.7416143, 56.0793342]]}}, {"type": "Feature", "properties": {"id": 48380803, "highway": "service", "name": "", "ref": "", "oneway": "", "surface": ""}, "geometry": {"type": "LineString", "coordinates": [[60.7380614, 56.0800556], [60.7382842, 56.0800493], [60.7382537, 56.0797714], [60.7380154, 56.0797819]]}}, {"type": "Feature", "properties": {"id": 48380807, "highway": "service", "name": "", "ref": "", "oneway": "", "surface": ""}, "geometry": {"type": "LineString", "coordinates": [[60.742042, 56.0793104], [60.74215, 56.0801186], [60.7423365, 56.0816518]]}}, {"type": "Feature", "properties": {"id": 48380808, "highway": "service", "name": "", "ref": "", "oneway": "", "surface": ""}, "geometry": {"type": "LineString", "coordinates": [[60.7392709, 56.0802095], [60.7392589, 56.0800346], [60.7392325, 56.0798255], [60.7390374, 56.0798331], [60.7390637, 56.0800423], [60.7392589, 56.0800346]]}}, {"type": "Feature", "properties": {"id": 48380813, "highway": "tertiary", "name": "бульвар Свердлова", "ref": "", "oneway": "yes", "surface": ""}, "geometry": {"type": "LineString", "coordinates": [[60.7330581, 56.0852574], [60.7331177, 56.0857488], [60.733151, 56.0860475], [60.7332614, 56.0867675], [60.7332643, 56.0867961], [60.7332704, 56.086857], [60.733123, 56.0871417]]}}, {"type": "Feature", "properties": {"id": 48417455, "highway": "service", "name": "", "ref": "", "oneway": "", "surface": ""}, "geometry": {"type": "LineString", "coordinates": [[60.7279812, 56.0842358], [60.7279572, 56.0840145], [60.7278733, 56.0834963], [60.7278387, 56.0832245], [60.7278224, 56.083097]]}}, {"type": "Feature", "properties": {"id": 48417456, "highway": "service", "name": "", "ref": "", "oneway": "", "surface": ""}, "geometry": {"type": "LineString", "coordinates": [[60.7279812, 56.0842358], [60.7277272, 56.0842637], [60.7261159, 56.0843321], [60.7261159, 56.0846842], [60.7242105, 56.0847828], [60.7242323, 56.0851685], [60.7242577, 56.0854659], [60.7242717, 56.0856288]]}}, {"type": "Feature", "properties": {"id": 48417457, "highway": "service", "name": "", "ref": "", "oneway": "", "surface": ""}, "geometry": {"type": "LineString", "coordinates": [[60.7249429, 56.0853254], [60.7245211, 56.0853135], [60.7244629, 56.0851936], [60.7243169, 56.0851656], [60.7242323, 56.0851685]]}}, {"type": "Feature", "properties": {"id": 48417460, "highway": "service", "name": "", "ref": "", "oneway": "", "surface": ""}, "geometry": {"type": "LineString", "coordinates": [[60.7185682, 56.0854475], [60.7185212, 56.0850355], [60.7183967, 56.0849857], [60.7175205, 56.0850236]]}}, {"type": "Feature", "properties": {"id": 48417461, "highway": "service", "name": "", "ref": "", "oneway": "", "surface": ""}, "geometry": {"type": "LineString", "coordinates": [[60.7174432, 56.0843305], [60.7174657, 56.0845698], [60.7175024, 56.0848819], [60.7175205, 56.0850236], [60.7175723, 56.0857162]]}}, {"type": "Feature", "properties": {"id": 48417465, "highway": "service", "name": "", "ref": "", "oneway": "", "surface": ""}, "geometry": {"type": "LineString", "coordinates": [[60.7231897, 56.0832881], [60.7231714, 56.083175], [60.7231478, 56.0830291], [60.7227954, 56.0828218], [60.7227674, 56.0826327], [60.7227616, 56.0825938], [60.7227236, 56.0823112], [60.7227139, 56.0822439], [60.7226805, 56.0820132], [60.722132, 56.0819264], [60.7220793, 56.0815076], [60.7220666, 56.0814067], [60.7219223, 56.0813284], [60.7210308, 56.0813681], [60.7210357, 56.0815118], [60.7210209, 56.0815358], [60.720817, 56.0818677], [60.720511, 56.0822424], [60.7202624, 56.0822498], [60.7201548, 56.082253], [60.7199189, 56.08226], [60.7197481, 56.082265]]}}, {"type": "Feature", "properties": {"id": 48417466, "highway": "service", "name": "", "ref": "", "oneway": "", "surface": ""}, "geometry": {"type": "LineString", "coordinates": [[60.7227616, 56.0825938], [60.7213717, 56.0826422], [60.7208677, 56.0823836], [60.7206791, 56.0823089], [60.720511, 56.0822424]]}}, {"type": "Feature", "properties": {"id": 48417467, "highway": "service", "name": "", "ref": "", "oneway": "", "surface": ""}, "geometry": {"type": "LineString", "coordinates": [[60.7227236, 56.0823112], [60.7208677, 56.0823836]]}}, {"type": "Feature", "properties": {"id": 48417474, "highway": "residential", "name": "", "ref": "", "oneway": "yes", "surface": ""}, "geometry": {"type": "LineString", "coordinates": [[60.7189106, 56.0844364], [60.7187625, 56.0843739], [60.7186693, 56.0843468], [60.7185941, 56.084325], [60.7183136, 56.0842888]]}}, {"type": "Feature", "properties": {"id": 48417475, "highway": "service", "name": "", "ref": "", "oneway": "", "surface": ""}, "geometry": {"type": "LineString", "coordinates": [[60.7174657, 56.0845698], [60.7176443, 56.0845665], [60.7176818, 56.0848779]]}}, {"type": "Feature", "properties": {"id": 48417485, "highway": "service", "name": "", "ref": "", "oneway": "", "surface": ""}, "geometry": {"type": "LineString", "coordinates": [[60.7253516, 56.0819741], [60.7258049, 56.0819069], [60.7259274, 56.0818395], [60.7262183, 56.0818197], [60.7263607, 56.0829123], [60.727288, 56.0828608], [60.727308, 56.0830317], [60.7273171, 56.0831093]]}}, {"type": "Feature", "properties": {"id": 48417486, "highway": "service", "name": "", "ref": "", "oneway": "", "surface": ""}, "geometry": {"type": "LineString", "coordinates": [[60.7263607, 56.0829123], [60.7254701, 56.0829459], [60.7253516, 56.0819741], [60.724703, 56.0820012], [60.7246477, 56.0820262], [60.7243014, 56.0820327], [60.7242063, 56.0821997], [60.7242371, 56.0823531], [60.7245956, 56.0823398], [60.7246811, 56.0822633], [60.7246477, 56.0820262]]}}, {"type": "Feature", "properties": {"id": 48417487, "highway": "service", "name": "", "ref": "", "oneway": "", "surface": ""}, "geometry": {"type": "LineString", "coordinates": [[60.7273093, 56.0811599], [60.7273509, 56.0815216], [60.727166, 56.0816385], [60.727288, 56.0828608]]}}, {"type": "Feature", "properties": {"id": 48417500, "highway": "service", "name": "", "ref": "", "oneway": "", "surface": ""}, "geometry": {"type": "LineString", "coordinates": [[60.7231478, 56.0830291], [60.7234099, 56.0830131], [60.7235242, 56.0830061], [60.7251009, 56.0829573], [60.7254701, 56.0829459], [60.7254875, 56.0830961], [60.7254978, 56.0831844]]}}, {"type": "Feature", "properties": {"id": 48417501, "highway": "service", "name": "", "ref": "", "oneway": "", "surface": ""}, "geometry": {"type": "LineString", "coordinates": [[60.721118, 56.0847402], [60.7213154, 56.0847338], [60.7218539, 56.0847047], [60.7219366, 56.0845336], [60.7219893, 56.0845008], [60.7239975, 56.0844121], [60.724132, 56.0843807], [60.7241281, 56.0843492], [60.7240382, 56.083626], [60.7240227, 56.0833811], [60.7240147, 56.0832541]]}}, {"type": "Feature", "properties": {"id": 48417502, "highway": "service", "name": "", "ref": "", "oneway": "", "surface": ""}, "geometry": {"type": "LineString", "coordinates": [[60.7210213, 56.0839697], [60.7212282, 56.0839612], [60.721781, 56.0839365], [60.7218442, 56.0837578], [60.7240382, 56.083626]]}}, {"type": "Feature", "properties": {"id": 48417518, "highway": "service", "name": "", "ref": "", "oneway": "", "surface": ""}, "geometry": {"type": "LineString", "coordinates": [[60.729306, 56.0848371], [60.7293099, 56.0847869], [60.7295369, 56.0845535], [60.7295362, 56.0843704], [60.7294475, 56.084284], [60.7289862, 56.0839825], [60.728006, 56.084013], [60.7279572, 56.0840145]]}}, {"type": "Feature", "properties": {"id": 48417519, "highway": "service", "name": "", "ref": "", "oneway": "", "surface": ""}, "geometry": {"type": "LineString", "coordinates": [[60.7294475, 56.084284], [60.7296075, 56.0842486], [60.7299508, 56.0842306], [60.730111, 56.0841636], [60.7304629, 56.0840302], [60.7309657, 56.0840058], [60.7320226, 56.0839635]]}}, {"type": "Feature", "properties": {"id": 48417520, "highway": "service", "name": "", "ref": "", "oneway": "", "surface": ""}, "geometry": {"type": "LineString", "coordinates": [[60.7309657, 56.0840058], [60.7309025, 56.0834784]]}}, {"type": "Feature", "properties": {"id": 48417521, "highway": "service", "name": "", "ref": "", "oneway": "", "surface": ""}, "geometry": {"type": "LineString", "coordinates": [[60.7185804, 56.0878531], [60.7192404, 56.0878254], [60.7209035, 56.0877579], [60.7212412, 56.0877434], [60.7214722, 56.0877335]]}}, {"type": "Feature", "properties": {"id": 48417524, "highway": "service", "name": "", "ref": "", "oneway": "", "surface": ""}, "geometry": {"type": "LineString", "coordinates": [[60.7182216, 56.0866351], [60.7183613, 56.087575], [60.7185804, 56.0878531], [60.7186572, 56.0884123], [60.7193237, 56.0884106], [60.7207986, 56.0883545], [60.720986, 56.0883489], [60.7209035, 56.0877579], [60.7208249, 56.0872304], [60.7208155, 56.0871673], [60.7207522, 56.086643], [60.7207484, 56.0866118]]}}, {"type": "Feature", "properties": {"id": 48417538, "highway": "service", "name": "", "ref": "", "oneway": "", "surface": ""}, "geometry": {"type": "LineString", "coordinates": [[60.7267227, 56.0871252], [60.7269997, 56.0871141], [60.726988, 56.0868802], [60.7268152, 56.0867811], [60.7267773, 56.0864536], [60.7267866, 56.0862156], [60.7268108, 56.0861217], [60.7269859, 56.085899], [60.7269636, 56.085768], [60.7269461, 56.0856656], [60.7269397, 56.0856279], [60.7269221, 56.0855127]]}}, {"type": "Feature", "properties": {"id": 48417539, "highway": "service", "name": "", "ref": "", "oneway": "", "surface": ""}, "geometry": {"type": "LineString", "coordinates": [[60.7273865, 56.0871833], [60.7273865, 56.0870906], [60.7274521, 56.0870272], [60.7274259, 56.0864465], [60.7268108, 56.0861217]]}}, {"type": "Feature", "properties": {"id": 48417555, "highway": "service", "name": "", "ref": "", "oneway": "", "surface": ""}, "geometry": {"type": "LineString", "coordinates": [[60.7269859, 56.085899], [60.7280916, 56.085849], [60.7304226, 56.0857626]]}}, {"type": "Feature", "properties": {"id": 48420717, "highway": "service", "name": "", "ref": "", "oneway": "", "surface": ""}, "geometry": {"type": "LineString", "coordinates": [[60.7209587, 56.0834898], [60.7210213, 56.0839697], [60.721118, 56.0847402], [60.7211691, 56.0851868]]}}, {"type": "Feature", "properties": {"id": 48444377, "highway": "residential", "name": "улица Фурманова", "ref": "", "oneway": "", "surface": ""}, "geometry": {"type": "LineString", "coordinates": [[60.7780918, 56.0680997], [60.7782214, 56.0691984], [60.7783354, 56.0703], [60.7784107, 56.0714144], [60.7785314, 56.0725113], [60.7786615, 56.0736287], [60.7788296, 56.0747139], [60.778945, 56.0759355]]}}, {"type": "Feature", "properties": {"id": 48444378, "highway": "residential", "name": "Северная улица", "ref": "", "oneway": "", "surface": "ground"}, "geometry": {"type": "LineString", "coordinates": [[60.7654892, 56.076324], [60.7710055, 56.0761761], [60.7753545, 56.0760399], [60.778945, 56.0759355], [60.7804386, 56.0758868], [60.7806095, 56.0758814], [60.7807519, 56.0758635]]}}, {"type": "Feature", "properties": {"id": 48444379, "highway": "residential", "name": "Школьная улица", "ref": "", "oneway": "", "surface": ""}, "geometry": {"type": "LineString", "coordinates": [[60.7753545, 56.0760399], [60.7752528, 56.0748732], [60.7751491, 56.0737756]]}}, {"type": "Feature", "properties": {"id": 48444380, "highway": "residential", "name": "Уральская улица", "ref": "", "oneway": "", "surface": "asphalt"}, "geometry": {"type": "LineString", "coordinates": [[60.765267, 56.0742613], [60.7654693, 56.0741845], [60.7656437, 56.0741238], [60.7658435, 56.0740992], [60.7660749, 56.0740791], [60.7662581, 56.0740696], [60.7667407, 56.0740608], [60.7707609, 56.073945], [60.7747363, 56.0737908], [60.7751491, 56.0737756], [60.7786615, 56.0736287], [60.7812353, 56.073544], [60.7814512, 56.0735378], [60.7825213, 56.0735154]]}}, {"type": "Feature", "properties": {"id": 48444381, "highway": "residential", "name": "улица Чапаева", "ref": "", "oneway": "", "surface": ""}, "geometry": {"type": "LineString", "coordinates": [[60.7634023, 56.0686196], [60.7653184, 56.0685377], [60.7670022, 56.0684695], [60.7687165, 56.0684064], [60.770082, 56.068373], [60.7714672, 56.0683516], [60.7741173, 56.068258], [60.7749523, 56.0682169], [60.776737, 56.0681632], [60.7778221, 56.0681063], [60.7780918, 56.0680997]]}}, {"type": "Feature", "properties": {"id": 48444382, "highway": "residential", "name": "Лесная улица", "ref": "", "oneway": "", "surface": "asphalt"}, "geometry": {"type": "LineString", "coordinates": [[60.7656251, 56.0695886], [60.7658087, 56.069634], [60.766273, 56.0696394], [60.7701848, 56.0694999], [60.771735, 56.0694533], [60.7742591, 56.0693739], [60.7782214, 56.0691984]]}}, {"type": "Feature", "properties": {"id": 48444383, "highway": "residential", "name": "улица Пушкина", "ref": "", "oneway": "", "surface": ""}, "geometry": {"type": "LineString", "coordinates": [[60.7745111, 56.0715942], [60.7784107, 56.0714144], [60.7825836, 56.0712523]]}}, {"type": "Feature", "properties": {"id": 48444385, "highway": "residential", "name": "Пионерская улица", "ref": "", "oneway": "", "surface": "asphalt"}, "geometry": {"type": "LineString", "coordinates": [[60.7824489, 56.072356], [60.7785314, 56.0725113]]}}, {"type": "Feature", "properties": {"id": 48444386, "highway": "residential", "name": "Сиреневая улица", "ref": "", "oneway": "", "surface": ""}, "geometry": {"type": "LineString", "coordinates": [[60.7644486, 56.0707659], [60.7663887, 56.0707333], [60.769167, 56.0706166], [60.77035, 56.0705782], [60.7710312, 56.0705521], [60.7719606, 56.0705165], [60.7726, 56.0704952], [60.77437, 56.0704658], [60.7783354, 56.0703]]}}, {"type": "Feature", "properties": {"id": 48444387, "highway": "residential", "name": "Южная улица", "ref": "", "oneway": "", "surface": "asphalt"}, "geometry": {"type": "LineString", "coordinates": [[60.7746719, 56.0658428], [60.7733522, 56.0658787], [60.771024, 56.0659476], [60.7709235, 56.0659502], [60.7698239, 56.0659785], [60.768554, 56.0660282], [60.7680535, 56.0660483], [60.7663196, 56.0661182], [60.7651343, 56.0661659], [60.7631526, 56.0662054]]}}, {"type": "Feature", "properties": {"id": 48444388, "highway": "residential", "name": "Молодёжная улица", "ref": "", "oneway": "", "surface": ""}, "geometry": {"type": "LineString", "coordinates": [[60.7631526, 56.0662054], [60.7632255, 56.0669146], [60.7634023, 56.0686196], [60.7634806, 56.0696784], [60.7635517, 56.070189], [60.7637595, 56.0702208], [60.7639816, 56.0702399], [60.7641951, 56.0703606], [60.7643176, 56.070518], [60.7643347, 56.0706404], [60.7643404, 56.0707262], [60.7644486, 56.0707659]]}}, {"type": "Feature", "properties": {"id": 48444389, "highway": "residential", "name": "Зелёная улица", "ref": "", "oneway": "", "surface": ""}, "geometry": {"type": "LineString", "coordinates": [[60.7651343, 56.0661659], [60.7651983, 56.0668641], [60.7652437, 56.0673608], [60.7652874, 56.067838], [60.7653209, 56.0682233], [60.7653184, 56.0685377], [60.7655106, 56.0694978], [60.7656251, 56.0695886]]}}, {"type": "Feature", "properties": {"id": 48444390, "highway": "residential", "name": "Школьная улица", "ref": "", "oneway": "", "surface": ""}, "geometry": {"type": "LineString", "coordinates": [[60.7747363, 56.0737908], [60.7746265, 56.072677], [60.7745111, 56.0715942], [60.77437, 56.0704658], [60.7742591, 56.0693739], [60.7741173, 56.068258]]}}, {"type": "Feature", "properties": {"id": 48444398, "highway": "service", "name": "", "ref": "", "oneway": "", "surface": ""}, "geometry": {"type": "LineString", "coordinates": [[60.769467, 56.0682552], [60.7694355, 56.0680626], [60.7693776, 56.0674701], [60.7698274, 56.0674443], [60.7699769, 56.0674545]]}}, {"type": "Feature", "properties": {"id": 48444403, "highway": "service", "name": "", "ref": "", "oneway": "", "surface": ""}, "geometry": {"type": "LineString", "coordinates": [[60.7726, 56.0704952], [60.7725691, 56.0701674], [60.7723665, 56.0701762], [60.7723719, 56.070226], [60.7719369, 56.0702432], [60.7719509, 56.0704233], [60.7719606, 56.0705165]]}}, {"type": "Feature", "properties": {"id": 48444405, "highway": "residential", "name": "Первомайская улица", "ref": "", "oneway": "", "surface": "asphalt"}, "geometry": {"type": "LineString", "coordinates": [[60.7667407, 56.0740608], [60.7667122, 56.0737914], [60.7666841, 56.0735255], [60.7666398, 56.0731068], [60.7666269, 56.072985], [60.7665085, 56.0718657], [60.7663887, 56.0707333], [60.766273, 56.0696394]]}}, {"type": "Feature", "properties": {"id": 48444406, "highway": "residential", "name": "улица Пушкина", "ref": "", "oneway": "", "surface": ""}, "geometry": {"type": "LineString", "coordinates": [[60.7665085, 56.0718657], [60.7697618, 56.0717323], [60.7704754, 56.071703]]}}, {"type": "Feature", "properties": {"id": 48444407, "highway": "residential", "name": "Берёзовая улица", "ref": "", "oneway": "", "surface": ""}, "geometry": {"type": "LineString", "coordinates": [[60.7708807, 56.0750586], [60.7752528, 56.0748732], [60.7767413, 56.0748061], [60.7788296, 56.0747139], [60.7791984, 56.0747035], [60.7796555, 56.0746909], [60.7804503, 56.0746613], [60.7807217, 56.0746508], [60.781317, 56.0746225], [60.7817875, 56.0745997]]}}, {"type": "Feature", "properties": {"id": 48444408, "highway": "tertiary", "name": "улица Забабахина", "ref": "", "oneway": "yes", "surface": "asphalt"}, "geometry": {"type": "LineString", "coordinates": [[60.7711613, 56.0774351], [60.7708903, 56.0774451], [60.767186, 56.0775917], [60.7664559, 56.0776104], [60.7657391, 56.0776157], [60.7656239, 56.0776262]]}}, {"type": "Feature", "properties": {"id": 48445887, "highway": "service", "name": "", "ref": "", "oneway": "", "surface": ""}, "geometry": {"type": "LineString", "coordinates": [[60.7219216, 56.0856778], [60.7219105, 56.0855637], [60.7219013, 56.0854868], [60.7219971, 56.0854279], [60.7220358, 56.0852763], [60.722172, 56.0852443], [60.7242323, 56.0851685]]}}, {"type": "Feature", "properties": {"id": 48489864, "highway": "service", "name": "", "ref": "", "oneway": "", "surface": ""}, "geometry": {"type": "LineString", "coordinates": [[60.7433897, 56.0751651], [60.7433104, 56.074331], [60.7432526, 56.0733839]]}}, {"type": "Feature", "properties": {"id": 48489865, "highway": "service", "name": "", "ref": "", "oneway": "", "surface": ""}, "geometry": {"type": "LineString", "coordinates": [[60.7461199, 56.0749065], [60.7461243, 56.0745554], [60.7460511, 56.0736723], [60.7459669, 56.0735903], [60.7457041, 56.0736014], [60.7456006, 56.0735674], [60.7448728, 56.073593], [60.7449129, 56.0740996], [60.7449578, 56.0741945], [60.7449908, 56.0745924], [60.7450014, 56.0747958], [60.7450137, 56.0749399]]}}, {"type": "Feature", "properties": {"id": 48489866, "highway": "service", "name": "", "ref": "", "oneway": "", "surface": ""}, "geometry": {"type": "LineString", "coordinates": [[60.7490199, 56.0754947], [60.748899, 56.0754969], [60.7484928, 56.0755005], [60.7481989, 56.0753731], [60.7480954, 56.0744828], [60.7480913, 56.0744535], [60.7480851, 56.0743943], [60.7479921, 56.0735946], [60.747939, 56.0731379], [60.7479209, 56.0729828]]}}, {"type": "Feature", "properties": {"id": 48489876, "highway": "service", "name": "", "ref": "", "oneway": "", "surface": ""}, "geometry": {"type": "LineString", "coordinates": [[60.7449129, 56.0740996], [60.7443426, 56.0741303], [60.7438147, 56.0741588]]}}, {"type": "Feature", "properties": {"id": 48489877, "highway": "service", "name": "", "ref": "", "oneway": "", "surface": ""}, "geometry": {"type": "LineString", "coordinates": [[60.7474078, 56.0736059], [60.7474035, 56.0735343], [60.7465276, 56.0735562], [60.7464937, 56.0731797], [60.7464824, 56.0730265]]}}, {"type": "Feature", "properties": {"id": 48489878, "highway": "service", "name": "", "ref": "", "oneway": "", "surface": ""}, "geometry": {"type": "LineString", "coordinates": [[60.7464777, 56.0741933], [60.747446, 56.0741652], [60.7474078, 56.0736059], [60.7479921, 56.0735946]]}}, {"type": "Feature", "properties": {"id": 48489885, "highway": "service", "name": "", "ref": "", "oneway": "", "surface": ""}, "geometry": {"type": "LineString", "coordinates": [[60.7445471, 56.0771908], [60.7445279, 56.0768295], [60.7453447, 56.0768119], [60.74536, 56.0771771], [60.7445471, 56.0771908], [60.7445456, 56.0772688], [60.7444796, 56.077339], [60.74403, 56.0773431], [60.7438728, 56.0773468], [60.7435374, 56.0773535], [60.7433668, 56.0773491], [60.7430674, 56.0773413]]}}, {"type": "Feature", "properties": {"id": 48489887, "highway": "service", "name": "", "ref": "", "oneway": "", "surface": ""}, "geometry": {"type": "LineString", "coordinates": [[60.7433104, 56.074331], [60.7434158, 56.0743306], [60.7438303, 56.0743215]]}}, {"type": "Feature", "properties": {"id": 48489888, "highway": "service", "name": "", "ref": "", "oneway": "", "surface": "asphalt"}, "geometry": {"type": "LineString", "coordinates": [[60.7430722, 56.0786422], [60.7430776, 56.0787154], [60.7436024, 56.0786979], [60.7436316, 56.0786378], [60.7438442, 56.07863], [60.7438418, 56.0786084], [60.7438391, 56.0785842], [60.743749, 56.0785868], [60.743739, 56.0785404], [60.7430672, 56.0785658], [60.7430722, 56.0786422]]}}, {"type": "Feature", "properties": {"id": 48489897, "highway": "service", "name": "", "ref": "", "oneway": "", "surface": ""}, "geometry": {"type": "LineString", "coordinates": [[60.7498932, 56.0778269], [60.7494163, 56.0778439], [60.7477265, 56.0780665]]}}, {"type": "Feature", "properties": {"id": 48489899, "highway": "service", "name": "", "ref": "", "oneway": "", "surface": ""}, "geometry": {"type": "LineString", "coordinates": [[60.749874, 56.0776028], [60.7503633, 56.077586], [60.7504146, 56.0774511], [60.751276, 56.0774259], [60.751389, 56.0773284], [60.7513581, 56.0770089], [60.7514936, 56.0769776], [60.7515493, 56.0769647], [60.7516241, 56.0768524], [60.7525941, 56.0768025], [60.7525812, 56.0767197], [60.7525738, 56.0766627], [60.7525713, 56.0766431], [60.7525166, 56.0762203], [60.7519372, 56.0759057], [60.7516009, 56.0759065]]}}, {"type": "Feature", "properties": {"id": 48489901, "highway": "service", "name": "", "ref": "", "oneway": "", "surface": ""}, "geometry": {"type": "LineString", "coordinates": [[60.7531664, 56.0774001], [60.7531274, 56.0767281], [60.7531, 56.0763242]]}}, {"type": "Feature", "properties": {"id": 48489902, "highway": "service", "name": "", "ref": "", "oneway": "", "surface": ""}, "geometry": {"type": "LineString", "coordinates": [[60.7438931, 56.0749752], [60.7444121, 56.0749587], [60.7447276, 56.0749481], [60.7450137, 56.0749399], [60.7461199, 56.0749065], [60.7466702, 56.0745847]]}}, {"type": "Feature", "properties": {"id": 48489909, "highway": "service", "name": "", "ref": "", "oneway": "", "surface": ""}, "geometry": {"type": "LineString", "coordinates": [[60.7437386, 56.076349], [60.7440209, 56.0763454], [60.7441594, 56.0763428], [60.7443689, 56.0763389], [60.7445864, 56.076289], [60.7455124, 56.0762625], [60.7456711, 56.0762069], [60.745653, 56.0759129], [60.744788, 56.0759882], [60.7447556, 56.0753227], [60.7447458, 56.0750872], [60.7447276, 56.0749481]]}}, {"type": "Feature", "properties": {"id": 48489926, "highway": "service", "name": "", "ref": "", "oneway": "", "surface": ""}, "geometry": {"type": "LineString", "coordinates": [[60.7435374, 56.0773535], [60.7435735, 56.0779228], [60.7433973, 56.0779927], [60.7434392, 56.0782646], [60.7436655, 56.0783847], [60.7440316, 56.0783753], [60.7441371, 56.0783226], [60.7441117, 56.0779667], [60.7438978, 56.0779193], [60.7438728, 56.0773468]]}}, {"type": "Feature", "properties": {"id": 48489927, "highway": "service", "name": "", "ref": "", "oneway": "", "surface": "asphalt"}, "geometry": {"type": "LineString", "coordinates": [[60.7435735, 56.0779228], [60.7438978, 56.0779193]]}}, {"type": "Feature", "properties": {"id": 48489928, "highway": "service", "name": "", "ref": "", "oneway": "", "surface": ""}, "geometry": {"type": "LineString", "coordinates": [[60.7444796, 56.077339], [60.74443, 56.0774595], [60.7444601, 56.0780363], [60.7441117, 56.0779667]]}}, {"type": "Feature", "properties": {"id": 48489930, "highway": "service", "name": "", "ref": "", "oneway": "", "surface": ""}, "geometry": {"type": "LineString", "coordinates": [[60.7525812, 56.0767197], [60.7531274, 56.0767281], [60.7532962, 56.0767251], [60.7535162, 56.0767217]]}}, {"type": "Feature", "properties": {"id": 48504336, "highway": "tertiary", "name": "", "ref": "", "oneway": "", "surface": ""}, "geometry": {"type": "LineString", "coordinates": [[60.7175118, 56.0656449], [60.7173037, 56.065652], [60.71672, 56.0656719], [60.7156124, 56.0657139], [60.7152068, 56.0657248], [60.710306, 56.0658795], [60.700953, 56.0661673], [60.7003747, 56.0661872], [60.6843678, 56.0668435], [60.6839487, 56.0668925], [60.6835073, 56.0668842], [60.6674953, 56.0673636], [60.6596043, 56.0676783], [60.6409703, 56.0683006], [60.6152271, 56.0691941]]}}, {"type": "Feature", "properties": {"id": 48504337, "highway": "residential", "name": "", "ref": "", "oneway": "", "surface": ""}, "geometry": {"type": "LineString", "coordinates": [[60.6839487, 56.0668925], [60.6843231, 56.0705196], [60.6844256, 56.0705959], [60.6844975, 56.0706284], [60.6846318, 56.0706393], [60.6852394, 56.0706515], [60.6859205, 56.0706533]]}}, {"type": "Feature", "properties": {"id": 48504338, "highway": "tertiary", "name": "проспект Мира", "ref": "", "oneway": "", "surface": ""}, "geometry": {"type": "LineString", "coordinates": [[60.7529401, 56.0703529], [60.7523316, 56.0645824]]}}, {"type": "Feature", "properties": {"id": 48504339, "highway": "tertiary", "name": "улица Ломинского", "ref": "", "oneway": "", "surface": "asphalt"}, "geometry": {"type": "LineString", "coordinates": [[60.743219, 56.0824446], [60.7432087, 56.0823759], [60.7431172, 56.0817313], [60.7431131, 56.0817027], [60.7431024, 56.0816281], [60.743079, 56.081464], [60.7429541, 56.0805891], [60.7428948, 56.0801743], [60.7428835, 56.0800954], [60.7428243, 56.0796948], [60.7427545, 56.0792221], [60.7427414, 56.0791333]]}}, {"type": "Feature", "properties": {"id": 48504340, "highway": "tertiary", "name": "", "ref": "", "oneway": "yes", "surface": ""}, "geometry": {"type": "LineString", "coordinates": [[60.7537774, 56.0797918], [60.7539946, 56.0797881]]}}, {"type": "Feature", "properties": {"id": 48504341, "highway": "service", "name": "", "ref": "", "oneway": "", "surface": ""}, "geometry": {"type": "LineString", "coordinates": [[60.7357784, 56.0884227], [60.7355038, 56.0883332], [60.7354232, 56.088029], [60.7359885, 56.0882073], [60.7357784, 56.0884227]]}}, {"type": "Feature", "properties": {"id": 48504342, "highway": "service", "name": "", "ref": "", "oneway": "", "surface": ""}, "geometry": {"type": "LineString", "coordinates": [[60.7363696, 56.0886153], [60.7358549, 56.0884476], [60.7357784, 56.0884227]]}}, {"type": "Feature", "properties": {"id": 48504343, "highway": "tertiary", "name": "бульвар Циолковского", "ref": "", "oneway": "yes", "surface": ""}, "geometry": {"type": "LineString", "coordinates": [[60.7401657, 56.0891174], [60.7395338, 56.0889019], [60.7384554, 56.0885605], [60.7374161, 56.0882103], [60.7369831, 56.0880666], [60.7369419, 56.0880533]]}}, {"type": "Feature", "properties": {"id": 48504344, "highway": "tertiary", "name": "бульвар Циолковского", "ref": "", "oneway": "yes", "surface": ""}, "geometry": {"type": "LineString", "coordinates": [[60.7373466, 56.0876762], [60.7388944, 56.0881572], [60.7406212, 56.088685]]}}, {"type": "Feature", "properties": {"id": 48524695, "highway": "tertiary", "name": "проспект Щёлкина", "ref": "", "oneway": "yes", "surface": ""}, "geometry": {"type": "LineString", "coordinates": [[60.7191124, 56.0788389], [60.7189894, 56.077903], [60.718663, 56.0754351], [60.7175316, 56.0659597], [60.7175118, 56.0656449]]}}, {"type": "Feature", "properties": {"id": 48538952, "highway": "residential", "name": "", "ref": "", "oneway": "yes", "surface": ""}, "geometry": {"type": "LineString", "coordinates": [[60.7183136, 56.0842888], [60.7184693, 56.0842408], [60.7185803, 56.084177], [60.718768, 56.0840276]]}}, {"type": "Feature", "properties": {"id": 48539255, "highway": "track", "name": "на Лысую гору", "ref": "", "oneway": "", "surface": ""}, "geometry": {"type": "LineString", "coordinates": [[60.6958781, 56.0950593], [60.6940558, 56.0951239], [60.6928181, 56.0951864], [60.6902439, 56.0953163], [60.6895872, 56.0953495], [60.6887005, 56.0953929], [60.6877327, 56.0954681], [60.6866419, 56.0955802], [60.6861825, 56.0957404], [60.6858093, 56.0958364], [60.684173, 56.0960446], [60.6825367, 56.0962207], [60.6813341, 56.0963409], [60.6798382, 56.096509], [60.6792087, 56.0965557], [60.6787632, 56.0967165], [60.6784791, 56.096819], [60.6744236, 56.0976329]]}}, {"type": "Feature", "properties": {"id": 48539257, "highway": "track", "name": "в сады", "ref": "", "oneway": "", "surface": "ground"}, "geometry": {"type": "LineString", "coordinates": [[60.7002428, 56.0908823], [60.7007914, 56.091021], [60.701198, 56.0912365], [60.7023532, 56.0916844], [60.7028682, 56.0919736], [60.7031596, 56.0920038], [60.7034712, 56.0921701], [60.70381, 56.0922363], [60.7042539, 56.0925935]]}}, {"type": "Feature", "properties": {"id": 48539259, "highway": "residential", "name": "улица Пищерова", "ref": "", "oneway": "", "surface": ""}, "geometry": {"type": "LineString", "coordinates": [[60.7275147, 56.0922045], [60.7275029, 56.0920797], [60.7274523, 56.0916898], [60.7273856, 56.091246], [60.7273438, 56.0907953], [60.7272378, 56.0901243]]}}, {"type": "Feature", "properties": {"id": 48539260, "highway": "service", "name": "", "ref": "", "oneway": "", "surface": ""}, "geometry": {"type": "LineString", "coordinates": [[60.7218901, 56.0908522], [60.7216424, 56.090864], [60.7215142, 56.0908671], [60.7212995, 56.0908722], [60.7211242, 56.0908765], [60.7204238, 56.0909308], [60.7189293, 56.0909411], [60.7190441, 56.0916264], [60.7191139, 56.0920431]]}}, {"type": "Feature", "properties": {"id": 48539261, "highway": "service", "name": "", "ref": "", "oneway": "", "surface": ""}, "geometry": {"type": "LineString", "coordinates": [[60.7204238, 56.0909308], [60.7203321, 56.0903771], [60.7202617, 56.089835], [60.7202559, 56.0896513], [60.7209629, 56.0896353], [60.7211177, 56.0896275], [60.7214873, 56.0896089], [60.7217218, 56.0895971]]}}, {"type": "Feature", "properties": {"id": 48539262, "highway": "service", "name": "", "ref": "", "oneway": "", "surface": ""}, "geometry": {"type": "LineString", "coordinates": [[60.7211242, 56.0908765], [60.7209713, 56.0896978], [60.7209629, 56.0896353], [60.7207986, 56.0883545]]}}, {"type": "Feature", "properties": {"id": 48543016, "highway": "service", "name": "", "ref": "", "oneway": "", "surface": ""}, "geometry": {"type": "LineString", "coordinates": [[60.7529881, 56.0750081], [60.7528655, 56.0740173], [60.7527891, 56.0733207]]}}, {"type": "Feature", "properties": {"id": 48543017, "highway": "service", "name": "", "ref": "", "oneway": "", "surface": ""}, "geometry": {"type": "LineString", "coordinates": [[60.7572304, 56.0735168], [60.7566009, 56.0735423], [60.7566218, 56.0739737], [60.7581983, 56.0747545], [60.7586421, 56.0747468], [60.7588153, 56.0747082], [60.758843, 56.0744179]]}}, {"type": "Feature", "properties": {"id": 48543018, "highway": "service", "name": "", "ref": "", "oneway": "", "surface": ""}, "geometry": {"type": "LineString", "coordinates": [[60.7571476, 56.0726998], [60.7571324, 56.0725471], [60.7553128, 56.0726017], [60.754512, 56.0726277], [60.7535607, 56.0726542], [60.7535288, 56.0722771], [60.7544669, 56.0722553], [60.754512, 56.0726277]]}}, {"type": "Feature", "properties": {"id": 48543019, "highway": "service", "name": "", "ref": "", "oneway": "", "surface": ""}, "geometry": {"type": "LineString", "coordinates": [[60.7517906, 56.0604393], [60.7536965, 56.0603705], [60.7581827, 56.0602621]]}}, {"type": "Feature", "properties": {"id": 48543020, "highway": "service", "name": "", "ref": "", "oneway": "", "surface": ""}, "geometry": {"type": "LineString", "coordinates": [[60.7622402, 56.063036], [60.7621281, 56.0621239], [60.7620317, 56.0612132]]}}, {"type": "Feature", "properties": {"id": 48543021, "highway": "service", "name": "", "ref": "", "oneway": "", "surface": ""}, "geometry": {"type": "LineString", "coordinates": [[60.7553306, 56.0727554], [60.7553128, 56.0726017]]}}, {"type": "Feature", "properties": {"id": 48543022, "highway": "service", "name": "", "ref": "", "oneway": "", "surface": ""}, "geometry": {"type": "LineString", "coordinates": [[60.7514428, 56.0750485], [60.7523653, 56.0750247], [60.7529881, 56.0750081], [60.75314, 56.0750046], [60.7533659, 56.0749993]]}}, {"type": "Feature", "properties": {"id": 48543023, "highway": "tertiary", "name": "", "ref": "", "oneway": "yes", "surface": ""}, "geometry": {"type": "LineString", "coordinates": [[60.7541277, 56.0810443], [60.7539421, 56.0810467]]}}, {"type": "Feature", "properties": {"id": 48546059, "highway": "service", "name": "", "ref": "", "oneway": "", "surface": ""}, "geometry": {"type": "LineString", "coordinates": [[60.7269041, 56.0887833], [60.726919, 56.0890608], [60.7270096, 56.0896131], [60.7270148, 56.0896906], [60.7270236, 56.0898214], [60.727029, 56.0899008], [60.7270404, 56.0900691]]}}, {"type": "Feature", "properties": {"id": 48560698, "highway": "tertiary", "name": "проспект Мира", "ref": "", "oneway": "yes", "surface": "asphalt"}, "geometry": {"type": "LineString", "coordinates": [[60.7539421, 56.0810467], [60.7538172, 56.0800857], [60.7537774, 56.0797918], [60.7537644, 56.0796247], [60.7537012, 56.079042]]}}, {"type": "Feature", "properties": {"id": 48560699, "highway": "tertiary", "name": "улица Феоктистова", "ref": "", "oneway": "", "surface": ""}, "geometry": {"type": "LineString", "coordinates": [[60.7193195, 56.0788298], [60.7214049, 56.078738], [60.7222931, 56.0786978], [60.7242094, 56.078611], [60.7250024, 56.0785687], [60.7255266, 56.0785448], [60.7258804, 56.0785511], [60.7259808, 56.0785529], [60.7263135, 56.0785816], [60.7265904, 56.078651], [60.7287464, 56.0794392], [60.7289752, 56.0795138], [60.7290708, 56.079532], [60.7293524, 56.0795857], [60.7297688, 56.0796266], [60.7302015, 56.0796178], [60.7314742, 56.079566], [60.7320644, 56.0795422]]}}, {"type": "Feature", "properties": {"id": 48560700, "highway": "tertiary", "name": "проспект Щёлкина", "ref": "", "oneway": "yes", "surface": ""}, "geometry": {"type": "LineString", "coordinates": [[60.7193303, 56.0789169], [60.7195543, 56.0808588], [60.7197481, 56.082265], [60.7198017, 56.0828127], [60.7198426, 56.0830993]]}}, {"type": "Feature", "properties": {"id": 48560701, "highway": "tertiary", "name": "проспект Щёлкина", "ref": "", "oneway": "yes", "surface": ""}, "geometry": {"type": "LineString", "coordinates": [[60.7193195, 56.0788298], [60.7193303, 56.0789169]]}}, {"type": "Feature", "properties": {"id": 48560702, "highway": "tertiary", "name": "проспект Мира", "ref": "", "oneway": "yes", "surface": "asphalt"}, "geometry": {"type": "LineString", "coordinates": [[60.7539946, 56.0797881], [60.7540197, 56.0800821], [60.7541276, 56.0810436], [60.7541277, 56.0810443], [60.7542107, 56.0818282], [60.7542278, 56.0819899]]}}, {"type": "Feature", "properties": {"id": 48560703, "highway": "tertiary", "name": "улица Васильева", "ref": "", "oneway": "yes", "surface": "asphalt"}, "geometry": {"type": "LineString", "coordinates": [[60.7373466, 56.0876762], [60.7370021, 56.0879969], [60.7369419, 56.0880533], [60.7363696, 56.0886153], [60.7357129, 56.0891578], [60.7355619, 56.0893033], [60.7354681, 56.0893683], [60.7353423, 56.0894462], [60.7352074, 56.0895036], [60.7350834, 56.0896455], [60.7349245, 56.0897019], [60.7347077, 56.0897369], [60.7342993, 56.0897573], [60.7334464, 56.0897923], [60.7332816, 56.0898108]]}}, {"type": "Feature", "properties": {"id": 48560704, "highway": "service", "name": "", "ref": "", "oneway": "yes", "surface": "asphalt"}, "geometry": {"type": "LineString", "coordinates": [[60.7364362, 56.0879114], [60.7369419, 56.0880533]]}}, {"type": "Feature", "properties": {"id": 48580256, "highway": "service", "name": "", "ref": "", "oneway": "", "surface": ""}, "geometry": {"type": "LineString", "coordinates": [[60.7354342, 56.0572344], [60.7322344, 56.0573398], [60.7311772, 56.0573684], [60.7308681, 56.0573768], [60.7307915, 56.0575011], [60.7308062, 56.057633], [60.730816, 56.0577215], [60.7312221, 56.0577066], [60.7321502, 56.0576727], [60.7321709, 56.0575906], [60.7322003, 56.0574745], [60.7322344, 56.0573398]]}}, {"type": "Feature", "properties": {"id": 48580258, "highway": "residential", "name": "улица Транспортная", "ref": "", "oneway": "", "surface": ""}, "geometry": {"type": "LineString", "coordinates": [[60.7162997, 56.0390424], [60.7154633, 56.0398674], [60.7153898, 56.0399746], [60.7153491, 56.0401444], [60.7158365, 56.0463061], [60.7158599, 56.0464475], [60.7159382, 56.0465253], [60.7162125, 56.0466517], [60.7172124, 56.0466063], [60.7186992, 56.046529], [60.719621, 56.0464633], [60.7224908, 56.0463131], [60.7342031, 56.0459322], [60.7343736, 56.046056], [60.73462, 56.0486369], [60.7350944, 56.0536056], [60.7351137, 56.05381], [60.7353474, 56.0562834], [60.7354111, 56.0569581], [60.7354342, 56.0572344]]}}, {"type": "Feature", "properties": {"id": 48580260, "highway": "residential", "name": "", "ref": "", "oneway": "", "surface": ""}, "geometry": {"type": "LineString", "coordinates": [[60.7162997, 56.0390424], [60.7162396, 56.0389546], [60.7164112, 56.0388331], [60.7165342, 56.0388922], [60.7162997, 56.0390424]]}}, {"type": "Feature", "properties": {"id": 48580261, "highway": "residential", "name": "", "ref": "", "oneway": "", "surface": ""}, "geometry": {"type": "LineString", "coordinates": [[60.7137091, 56.0470713], [60.7137026, 56.046878], [60.7138185, 56.0467474], [60.7141346, 56.0466887], [60.7147246, 56.0466715], [60.7162125, 56.0466517]]}}, {"type": "Feature", "properties": {"id": 48580263, "highway": "residential", "name": "", "ref": "", "oneway": "", "surface": ""}, "geometry": {"type": "LineString", "coordinates": [[60.7137091, 56.0470713], [60.7137654, 56.0473461], [60.7139129, 56.0483955]]}}, {"type": "Feature", "properties": {"id": 48580266, "highway": "service", "name": "", "ref": "", "oneway": "", "surface": ""}, "geometry": {"type": "LineString", "coordinates": [[60.7157278, 56.0492002], [60.7155347, 56.0492769], [60.7154489, 56.0493788], [60.7154167, 56.0494926], [60.7155132, 56.0495825], [60.7156849, 56.0495825], [60.7157493, 56.0495106], [60.71576, 56.0493128], [60.7157278, 56.0492002], [60.715524, 56.048486], [60.715642, 56.0483122], [60.716114, 56.0481744], [60.7166183, 56.0481564], [60.7168972, 56.0481744], [60.7175404, 56.0480992], [60.7188538, 56.0480278], [60.7189377, 56.0478511], [60.7187863, 56.04722], [60.7186992, 56.046529]]}}, {"type": "Feature", "properties": {"id": 48580268, "highway": "residential", "name": "", "ref": "", "oneway": "", "surface": ""}, "geometry": {"type": "LineString", "coordinates": [[60.7354342, 56.0572344], [60.7377577, 56.0571421], [60.7401824, 56.0570882], [60.7411266, 56.0570343], [60.7418025, 56.0569743], [60.7422102, 56.0568485], [60.742414, 56.0567527], [60.7426393, 56.0565969], [60.7428325, 56.0563453], [60.7428539, 56.0560638], [60.7428834, 56.0556355], [60.7431268, 56.0534612], [60.7433422, 56.0530238], [60.7439217, 56.0524511], [60.7445035, 56.0519476], [60.7490536, 56.0484365], [60.74922, 56.0483428]]}}, {"type": "Feature", "properties": {"id": 48580269, "highway": "service", "name": "", "ref": "", "oneway": "yes", "surface": ""}, "geometry": {"type": "LineString", "coordinates": [[60.735958, 56.0636039], [60.7356831, 56.0634819], [60.7353187, 56.0633406], [60.7353148, 56.0632236], [60.7354961, 56.0631423]]}}, {"type": "Feature", "properties": {"id": 48580270, "highway": "service", "name": "", "ref": "", "oneway": "yes", "surface": ""}, "geometry": {"type": "LineString", "coordinates": [[60.7356831, 56.0634819], [60.7354961, 56.0631423]]}}, {"type": "Feature", "properties": {"id": 48580272, "highway": "tertiary", "name": "улица Транспортная", "ref": "", "oneway": "", "surface": ""}, "geometry": {"type": "LineString", "coordinates": [[60.7354342, 56.0572344], [60.735587, 56.0586555], [60.735608, 56.0588566], [60.735634, 56.0591061], [60.7357136, 56.0599534], [60.7357795, 56.0604994], [60.7357507, 56.0614352], [60.7358187, 56.0621039], [60.7358437, 56.0625095], [60.7358802, 56.0628436], [60.735958, 56.0636039], [60.7359802, 56.0638557], [60.7360305, 56.0643377], [60.7360854, 56.065058]]}}, {"type": "Feature", "properties": {"id": 48580273, "highway": "service", "name": "", "ref": "", "oneway": "yes", "surface": ""}, "geometry": {"type": "LineString", "coordinates": [[60.7358187, 56.0621039], [60.7349366, 56.0621264], [60.7347071, 56.061988], [60.7346835, 56.0615383], [60.7347897, 56.061453], [60.7357507, 56.0614352]]}}, {"type": "Feature", "properties": {"id": 48580277, "highway": "service", "name": "", "ref": "", "oneway": "", "surface": ""}, "geometry": {"type": "LineString", "coordinates": [[60.7368215, 56.0595923], [60.7368473, 56.0599268]]}}, {"type": "Feature", "properties": {"id": 48580278, "highway": "service", "name": "", "ref": "", "oneway": "", "surface": ""}, "geometry": {"type": "LineString", "coordinates": [[60.7357795, 56.0604994], [60.7360138, 56.0604937], [60.7359569, 56.0599456]]}}, {"type": "Feature", "properties": {"id": 48580279, "highway": "service", "name": "", "ref": "", "oneway": "", "surface": ""}, "geometry": {"type": "LineString", "coordinates": [[60.7371376, 56.0602476], [60.737144, 56.0603781], [60.7369668, 56.0603866], [60.7369557, 56.0602841], [60.7368796, 56.0602421], [60.7368473, 56.0599268], [60.7359569, 56.0599456], [60.7357136, 56.0599534]]}}, {"type": "Feature", "properties": {"id": 48580280, "highway": "service", "name": "", "ref": "", "oneway": "", "surface": ""}, "geometry": {"type": "LineString", "coordinates": [[60.7460511, 56.0736723], [60.746539, 56.0736539], [60.7465276, 56.0735562]]}}, {"type": "Feature", "properties": {"id": 48580281, "highway": "service", "name": "", "ref": "", "oneway": "", "surface": ""}, "geometry": {"type": "LineString", "coordinates": [[60.7590151, 56.0672652], [60.7595715, 56.0672451], [60.7603748, 56.067216], [60.7611567, 56.0671848], [60.7613267, 56.067256], [60.7613655, 56.0676925], [60.7613903, 56.0679701], [60.7614141, 56.0682381], [60.7614456, 56.0685914], [60.7613734, 56.0687124], [60.7611694, 56.0687812], [60.7604721, 56.0688142], [60.7598016, 56.068846], [60.7595164, 56.0688595], [60.7593082, 56.0688452], [60.7591765, 56.0687812], [60.7591098, 56.0681261], [60.7590151, 56.0672652], [60.759001, 56.0671374], [60.7589872, 56.0670115], [60.7589677, 56.0669028], [60.758933, 56.0664006], [60.7589294, 56.066349]]}}, {"type": "Feature", "properties": {"id": 48596569, "highway": "residential", "name": "", "ref": "", "oneway": "", "surface": ""}, "geometry": {"type": "LineString", "coordinates": [[60.7481794, 56.0276702], [60.7482243, 56.0279871], [60.7482778, 56.0285312], [60.7483209, 56.0289107], [60.7483724, 56.029353], [60.7483999, 56.0296407], [60.748463, 56.0302126], [60.7484933, 56.0305038], [60.7485361, 56.0309146], [60.7490527, 56.0351677], [60.7492011, 56.0366159], [60.7494649, 56.0393201], [60.7495823, 56.0405644], [60.7496272, 56.0410535], [60.7499411, 56.0424881], [60.7500006, 56.0428445], [60.7500865, 56.0430868], [60.7503402, 56.0432578], [60.750695, 56.0433352], [60.7533302, 56.0433089], [60.7535486, 56.0433381], [60.7536973, 56.0433835], [60.7537798, 56.0434072], [60.7544731, 56.0436412]]}}, {"type": "Feature", "properties": {"id": 48634770, "highway": "residential", "name": "", "ref": "", "oneway": "", "surface": ""}, "geometry": {"type": "LineString", "coordinates": [[60.7718464, 56.0718916], [60.7714843, 56.0719022], [60.7712633, 56.0719087], [60.7704754, 56.071703]]}}, {"type": "Feature", "properties": {"id": 48634771, "highway": "residential", "name": "", "ref": "", "oneway": "", "surface": ""}, "geometry": {"type": "LineString", "coordinates": [[60.7714996, 56.0721383], [60.7714843, 56.0719022]]}}, {"type": "Feature", "properties": {"id": 48805024, "highway": "service", "name": "", "ref": "", "oneway": "", "surface": ""}, "geometry": {"type": "LineString", "coordinates": [[60.7187566, 56.0903905], [60.7203321, 56.0903771]]}}, {"type": "Feature", "properties": {"id": 48805025, "highway": "service", "name": "", "ref": "", "oneway": "", "surface": ""}, "geometry": {"type": "LineString", "coordinates": [[60.7186594, 56.0898575], [60.7202617, 56.089835]]}}, {"type": "Feature", "properties": {"id": 48811043, "highway": "unclassified", "name": "", "ref": "", "oneway": "", "surface": ""}, "geometry": {"type": "LineString", "coordinates": [[60.7824316, 56.0447304], [60.7822257, 56.0443707], [60.7813302, 56.0428062], [60.7810959, 56.0425444], [60.7807883, 56.0424135], [60.7803489, 56.0423971], [60.7791816, 56.0425835], [60.7787131, 56.0426629], [60.778532, 56.0426695], [60.778292, 56.0426318], [60.778112, 56.0424852], [60.7779189, 56.0420821], [60.7775528, 56.0413177], [60.7773426, 56.0408359], [60.7773061, 56.0407523], [60.7768845, 56.0397857], [60.7766488, 56.0392455], [60.7765229, 56.0389569], [60.7764011, 56.0386776], [60.7759655, 56.037679], [60.7757979, 56.0372949]]}}, {"type": "Feature", "properties": {"id": 48816986, "highway": "service", "name": "", "ref": "", "oneway": "", "surface": ""}, "geometry": {"type": "LineString", "coordinates": [[60.7693776, 56.0674701], [60.7693477, 56.0672794], [60.7698058, 56.0672681], [60.7698274, 56.0674443]]}}, {"type": "Feature", "properties": {"id": 48817872, "highway": "residential", "name": "", "ref": "", "oneway": "", "surface": ""}, "geometry": {"type": "LineString", "coordinates": [[60.710306, 56.0658795], [60.710211, 56.0651681], [60.7101196, 56.0643448], [60.7101232, 56.0642644], [60.710217, 56.0641973], [60.710379, 56.0641567], [60.7106607, 56.0641293], [60.71355, 56.0640062], [60.7140952, 56.0639926]]}}, {"type": "Feature", "properties": {"id": 48817873, "highway": "service", "name": "", "ref": "", "oneway": "yes", "surface": ""}, "geometry": {"type": "LineString", "coordinates": [[60.7156124, 56.0657139], [60.7156307, 56.0659915], [60.7156431, 56.0661796], [60.7152761, 56.0661933], [60.7152479, 56.066003], [60.7152068, 56.0657248]]}}, {"type": "Feature", "properties": {"id": 48817874, "highway": "service", "name": "", "ref": "", "oneway": "", "surface": ""}, "geometry": {"type": "LineString", "coordinates": [[60.7157992, 56.0661846], [60.7156431, 56.0661796]]}}, {"type": "Feature", "properties": {"id": 48868192, "highway": "service", "name": "", "ref": "", "oneway": "", "surface": ""}, "geometry": {"type": "LineString", "coordinates": [[60.7259189, 56.0835717], [60.7278733, 56.0834963]]}}, {"type": "Feature", "properties": {"id": 49246763, "highway": "service", "name": "", "ref": "", "oneway": "", "surface": ""}, "geometry": {"type": "LineString", "coordinates": [[60.730424, 56.0857358], [60.7311357, 56.0857067], [60.7312181, 56.0858203], [60.7314238, 56.0858829], [60.7316733, 56.0858752], [60.7316548, 56.0856172]]}}, {"type": "Feature", "properties": {"id": 49246764, "highway": "service", "name": "", "ref": "", "oneway": "", "surface": ""}, "geometry": {"type": "LineString", "coordinates": [[60.730436, 56.085926], [60.7310922, 56.085911], [60.7315065, 56.085989], [60.7317303, 56.0859854], [60.7318097, 56.085985]]}}, {"type": "Feature", "properties": {"id": 49276714, "highway": "service", "name": "", "ref": "", "oneway": "", "surface": ""}, "geometry": {"type": "LineString", "coordinates": [[60.7314241, 56.0920362], [60.7314121, 56.091923], [60.731409, 56.0918942], [60.7315741, 56.0918881], [60.7315516, 56.0916799], [60.7318029, 56.0916612], [60.7317666, 56.0913065], [60.7323657, 56.0912758], [60.7328574, 56.0912573], [60.7329623, 56.0912534]]}}, {"type": "Feature", "properties": {"id": 49276716, "highway": "service", "name": "", "ref": "", "oneway": "", "surface": ""}, "geometry": {"type": "LineString", "coordinates": [[60.7317666, 56.0913065], [60.7317261, 56.0907383], [60.7316537, 56.0901899], [60.7313897, 56.0901166], [60.7313701, 56.0899594], [60.731362, 56.0898938]]}}, {"type": "Feature", "properties": {"id": 49276717, "highway": "service", "name": "", "ref": "", "oneway": "", "surface": ""}, "geometry": {"type": "LineString", "coordinates": [[60.7253015, 56.0901317], [60.7252815, 56.0899842], [60.7252488, 56.0897433], [60.7251189, 56.0897007], [60.7250673, 56.0891616], [60.7251844, 56.0891562], [60.7254466, 56.0891439], [60.7258627, 56.0891227], [60.726919, 56.0890608]]}}, {"type": "Feature", "properties": {"id": 49276719, "highway": "service", "name": "", "ref": "", "oneway": "", "surface": ""}, "geometry": {"type": "LineString", "coordinates": [[60.7316537, 56.0901899], [60.7323325, 56.0901593], [60.732384, 56.0904677]]}}, {"type": "Feature", "properties": {"id": 49363763, "highway": "unclassified", "name": "", "ref": "", "oneway": "", "surface": "gravel"}, "geometry": {"type": "LineString", "coordinates": [[60.7003747, 56.0661872], [60.6995587, 56.0591366], [60.6995389, 56.0588514], [60.6994115, 56.0585974], [60.699096, 56.0583264], [60.6986774, 56.0581401], [60.6962872, 56.0572425], [60.6953529, 56.0568665], [60.6947159, 56.0565548], [60.6906823, 56.0543249], [60.6880478, 56.0528683], [60.6873965, 56.052497], [60.6872727, 56.0524348], [60.6870157, 56.0523149], [60.6866472, 56.0521955], [60.6862892, 56.0521266], [60.6858737, 56.0520888], [60.6853045, 56.0521015], [60.6838098, 56.0521811], [60.6829023, 56.0522226], [60.6824487, 56.0522376], [60.6820567, 56.0522176], [60.681662, 56.0521349], [60.6811669, 56.051973], [60.6794863, 56.0514012], [60.6791062, 56.0512842], [60.6785659, 56.0512291], [60.6780268, 56.0512644], [60.677059, 56.0513974], [60.675667, 56.0515262], [60.6754476, 56.0515226], [60.6751944, 56.0514735], [60.6749048, 56.0513153], [60.6733206, 56.0501419], [60.672976, 56.0499115], [60.6725587, 56.0497083], [60.6719199, 56.0494804], [60.670684, 56.048954], [60.6693257, 56.0484447], [60.6688472, 56.048273], [60.6685398, 56.0482005], [60.668278, 56.0481927], [60.6674272, 56.0482104], [60.6627818, 56.0482763], [60.6622508, 56.0482956], [60.6617764, 56.0483104], [60.6471978, 56.0487659], [60.6367714, 56.0491906], [60.6367157, 56.0494198], [60.6367519, 56.0502038], [60.6367874, 56.0510128], [60.6367148, 56.051161], [60.6365293, 56.051219], [60.6358269, 56.0512178], [60.6327947, 56.0513296], [60.6324284, 56.0513816], [60.6321902, 56.0515325], [60.6320702, 56.0516954], [60.6316335, 56.0525614], [60.6314209, 56.0528554], [60.631037, 56.0532238], [60.6308965, 56.0533274], [60.6306344, 56.0534271], [60.6301211, 56.0535505], [60.6290128, 56.0537579], [60.6273897, 56.0540821], [60.6266595, 56.0542726], [60.6256796, 56.0545549], [60.6254737, 56.0546065], [60.6251649, 56.0546475], [60.6246509, 56.0546439], [60.6218935, 56.0547295], [60.6191674, 56.0548251]]}}, {"type": "Feature", "properties": {"id": 49526147, "highway": "service", "name": "", "ref": "", "oneway": "", "surface": ""}, "geometry": {"type": "LineString", "coordinates": [[60.7418732, 56.0820595], [60.7414963, 56.0820763], [60.7414327, 56.081676]]}}, {"type": "Feature", "properties": {"id": 49600715, "highway": "secondary", "name": "", "ref": "", "oneway": "no", "surface": "asphalt"}, "geometry": {"type": "LineString", "coordinates": [[60.7941795, 56.0671641], [60.7938383, 56.0671316], [60.792663, 56.0669523]]}}, {"type": "Feature", "properties": {"id": 49674149, "highway": "service", "name": "", "ref": "", "oneway": "", "surface": ""}, "geometry": {"type": "LineString", "coordinates": [[60.7354606, 56.0879292], [60.7349488, 56.0877694]]}}, {"type": "Feature", "properties": {"id": 49676570, "highway": "service", "name": "", "ref": "", "oneway": "", "surface": ""}, "geometry": {"type": "LineString", "coordinates": [[60.7322219, 56.0860804], [60.733022, 56.0860537], [60.7330722, 56.0860506], [60.733151, 56.0860475]]}}, {"type": "Feature", "properties": {"id": 49676571, "highway": "service", "name": "", "ref": "", "oneway": "", "surface": ""}, "geometry": {"type": "LineString", "coordinates": [[60.7339295, 56.0867479], [60.7338276, 56.0857178], [60.733809, 56.0854938], [60.7348786, 56.0854487], [60.7351637, 56.0854394], [60.7351419, 56.0851793]]}}, {"type": "Feature", "properties": {"id": 49676572, "highway": "service", "name": "", "ref": "", "oneway": "", "surface": ""}, "geometry": {"type": "LineString", "coordinates": [[60.7373211, 56.0869181], [60.7370588, 56.0865897], [60.7370027, 56.0860314], [60.7369365, 56.085373], [60.7367596, 56.0853765], [60.7367468, 56.0851149]]}}, {"type": "Feature", "properties": {"id": 49676573, "highway": "service", "name": "", "ref": "", "oneway": "", "surface": ""}, "geometry": {"type": "LineString", "coordinates": [[60.7388944, 56.0881572], [60.7389575, 56.088102], [60.7391659, 56.0879034], [60.7392793, 56.0877942], [60.738841, 56.087652]]}}, {"type": "Feature", "properties": {"id": 49676574, "highway": "service", "name": "", "ref": "", "oneway": "", "surface": ""}, "geometry": {"type": "LineString", "coordinates": [[60.739474, 56.0869735], [60.740065, 56.087164], [60.7397695, 56.0874539], [60.7398285, 56.0874727], [60.7408179, 56.0877401], [60.7414112, 56.0879284]]}}, {"type": "Feature", "properties": {"id": 49676575, "highway": "service", "name": "", "ref": "", "oneway": "", "surface": ""}, "geometry": {"type": "LineString", "coordinates": [[60.7357818, 56.0896551], [60.7364369, 56.0898604], [60.7369594, 56.0900396], [60.7380703, 56.0903818], [60.7381922, 56.0903412], [60.7388177, 56.0897114], [60.7393713, 56.0891807]]}}, {"type": "Feature", "properties": {"id": 49676576, "highway": "service", "name": "", "ref": "", "oneway": "", "surface": ""}, "geometry": {"type": "LineString", "coordinates": [[60.7386772, 56.0863624], [60.7390466, 56.0864818], [60.7389909, 56.0865356], [60.7385041, 56.0870056], [60.7384566, 56.0870516], [60.7379622, 56.0875289], [60.73872, 56.08777], [60.7391659, 56.0879034], [60.7402752, 56.0882466], [60.7408179, 56.0877401], [60.7416004, 56.0869746], [60.742394, 56.0862688], [60.7429678, 56.0857091], [60.7428968, 56.0851903], [60.7427899, 56.0851743], [60.7415405, 56.0852229], [60.7392013, 56.0853053], [60.7392093, 56.0853632], [60.7392997, 56.0860502], [60.7388225, 56.0860665]]}}, {"type": "Feature", "properties": {"id": 49676577, "highway": "service", "name": "", "ref": "", "oneway": "", "surface": "asphalt"}, "geometry": {"type": "LineString", "coordinates": [[60.7332614, 56.0867675], [60.7333808, 56.086764], [60.7339295, 56.0867479], [60.734425, 56.0867326], [60.7350003, 56.0867149], [60.7355288, 56.0866989], [60.7362549, 56.0869512]]}}, {"type": "Feature", "properties": {"id": 49676578, "highway": "service", "name": "", "ref": "", "oneway": "", "surface": "asphalt"}, "geometry": {"type": "LineString", "coordinates": [[60.7350003, 56.0867149], [60.734898, 56.0856501], [60.7348786, 56.0854487]]}}, {"type": "Feature", "properties": {"id": 49676579, "highway": "service", "name": "", "ref": "", "oneway": "", "surface": ""}, "geometry": {"type": "LineString", "coordinates": [[60.7373813, 56.0876412], [60.7372385, 56.0875954], [60.7361557, 56.0872546], [60.7361826, 56.0872279], [60.7363279, 56.0870836], [60.7363906, 56.0870247], [60.7369857, 56.0872195], [60.7373211, 56.0869181], [60.7379942, 56.0863039]]}}, {"type": "Feature", "properties": {"id": 49676580, "highway": "service", "name": "", "ref": "", "oneway": "", "surface": ""}, "geometry": {"type": "LineString", "coordinates": [[60.7338276, 56.0857178], [60.7332305, 56.0857439], [60.7331177, 56.0857488]]}}, {"type": "Feature", "properties": {"id": 49676581, "highway": "service", "name": "", "ref": "", "oneway": "", "surface": ""}, "geometry": {"type": "LineString", "coordinates": [[60.7373211, 56.0869181], [60.7379283, 56.0871152]]}}, {"type": "Feature", "properties": {"id": 49676582, "highway": "service", "name": "", "ref": "", "oneway": "", "surface": ""}, "geometry": {"type": "LineString", "coordinates": [[60.7333141, 56.0900811], [60.733487, 56.0900725], [60.7338614, 56.0900541], [60.7345813, 56.0900085], [60.7347634, 56.0899926], [60.7351268, 56.0899418], [60.7356828, 56.0897492], [60.7357818, 56.0896551], [60.7356078, 56.0896148], [60.7355231, 56.0895477], [60.7353423, 56.0894462]]}}, {"type": "Feature", "properties": {"id": 49676583, "highway": "service", "name": "", "ref": "", "oneway": "", "surface": ""}, "geometry": {"type": "LineString", "coordinates": [[60.7346097, 56.0903471], [60.7345813, 56.0900085]]}}, {"type": "Feature", "properties": {"id": 49676584, "highway": "service", "name": "", "ref": "", "oneway": "", "surface": ""}, "geometry": {"type": "LineString", "coordinates": [[60.7392793, 56.0877942], [60.7394421, 56.0878458], [60.7398285, 56.0874727]]}}, {"type": "Feature", "properties": {"id": 49676585, "highway": "service", "name": "", "ref": "", "oneway": "", "surface": ""}, "geometry": {"type": "LineString", "coordinates": [[60.7381922, 56.0903412], [60.738816, 56.0905562]]}}, {"type": "Feature", "properties": {"id": 49676586, "highway": "service", "name": "", "ref": "", "oneway": "", "surface": ""}, "geometry": {"type": "LineString", "coordinates": [[60.7335247, 56.091623], [60.733678, 56.0916001], [60.7340276, 56.091573], [60.734851, 56.0915447], [60.7351308, 56.0915436], [60.7362392, 56.0914317], [60.7363024, 56.0915091], [60.7364915, 56.091741]]}}, {"type": "Feature", "properties": {"id": 49677142, "highway": "service", "name": "", "ref": "", "oneway": "", "surface": ""}, "geometry": {"type": "LineString", "coordinates": [[60.7307056, 56.0871021], [60.7307429, 56.0874585], [60.7307566, 56.0875902], [60.7310255, 56.0875808], [60.7314232, 56.0875712], [60.7314496, 56.0877696], [60.7322377, 56.0877444]]}}, {"type": "Feature", "properties": {"id": 49684484, "highway": "service", "name": "", "ref": "", "oneway": "", "surface": ""}, "geometry": {"type": "LineString", "coordinates": [[60.7531945, 56.0796341], [60.7519504, 56.0796556], [60.7519608, 56.0798435], [60.7532079, 56.0798231], [60.7531945, 56.0796341]]}}, {"type": "Feature", "properties": {"id": 49684493, "highway": "service", "name": "", "ref": "", "oneway": "", "surface": ""}, "geometry": {"type": "LineString", "coordinates": [[60.7531945, 56.0796341], [60.7529731, 56.0795115], [60.751953, 56.0795334], [60.7519504, 56.0796556]]}}, {"type": "Feature", "properties": {"id": 49684494, "highway": "service", "name": "", "ref": "", "oneway": "", "surface": ""}, "geometry": {"type": "LineString", "coordinates": [[60.7537644, 56.0796247], [60.753488, 56.0796289], [60.7531945, 56.0796341]]}}, {"type": "Feature", "properties": {"id": 49684495, "highway": "service", "name": "", "ref": "", "oneway": "", "surface": ""}, "geometry": {"type": "LineString", "coordinates": [[60.7455424, 56.0823282], [60.7455737, 56.0825758], [60.7454008, 56.0825848]]}}, {"type": "Feature", "properties": {"id": 49684496, "highway": "service", "name": "", "ref": "", "oneway": "", "surface": ""}, "geometry": {"type": "LineString", "coordinates": [[60.74392, 56.0824095], [60.7438832, 56.0821798], [60.7436368, 56.0820049]]}}, {"type": "Feature", "properties": {"id": 49684502, "highway": "service", "name": "", "ref": "", "oneway": "", "surface": ""}, "geometry": {"type": "LineString", "coordinates": [[60.7508502, 56.0807061], [60.7508555, 56.0808683], [60.7508656, 56.0811768], [60.7508175, 56.0811776], [60.7504025, 56.0811837], [60.7498525, 56.0811919], [60.7498333, 56.0809576], [60.7486374, 56.0809857], [60.7479842, 56.0810011], [60.7475191, 56.081012], [60.7469982, 56.0810242], [60.7462679, 56.0814604], [60.746151, 56.0819195], [60.7456939, 56.0819357], [60.7457247, 56.0823207]]}}, {"type": "Feature", "properties": {"id": 49684503, "highway": "service", "name": "", "ref": "", "oneway": "", "surface": ""}, "geometry": {"type": "LineString", "coordinates": [[60.7438832, 56.0821798], [60.7442114, 56.0820096], [60.7442027, 56.0818824]]}}, {"type": "Feature", "properties": {"id": 49708837, "highway": "tertiary", "name": "улица Комсомольская", "ref": "", "oneway": "", "surface": "asphalt"}, "geometry": {"type": "LineString", "coordinates": [[60.743219, 56.0824446], [60.74392, 56.0824095], [60.7455424, 56.0823282], [60.7457247, 56.0823207], [60.7479788, 56.0822276], [60.7496297, 56.0821594], [60.7511107, 56.0820982], [60.7515922, 56.0820816], [60.7525307, 56.0820487], [60.7537338, 56.0820065], [60.7540307, 56.0820018]]}}, {"type": "Feature", "properties": {"id": 49708838, "highway": "tertiary", "name": "улица Чуйкова", "ref": "", "oneway": "", "surface": "asphalt"}, "geometry": {"type": "LineString", "coordinates": [[60.764803, 56.0811652], [60.7650877, 56.0809868], [60.7653861, 56.0807998], [60.7655051, 56.0806982], [60.7656043, 56.0805759], [60.765675, 56.080422], [60.7656931, 56.0802458], [60.7656779, 56.0797302], [60.7655738, 56.0781431], [60.7655704, 56.0780907], [60.7656112, 56.0778407], [60.7656239, 56.0776262]]}}, {"type": "Feature", "properties": {"id": 49710504, "highway": "service", "name": "", "ref": "", "oneway": "", "surface": ""}, "geometry": {"type": "LineString", "coordinates": [[60.7388913, 56.0679526], [60.7381317, 56.06797], [60.7380689, 56.0673205], [60.7378424, 56.0649757]]}}, {"type": "Feature", "properties": {"id": 49710507, "highway": "service", "name": "", "ref": "", "oneway": "", "surface": ""}, "geometry": {"type": "LineString", "coordinates": [[60.7396652, 56.0657703], [60.7396074, 56.0651823], [60.7394019, 56.0650294], [60.739402, 56.0649291]]}}, {"type": "Feature", "properties": {"id": 49710509, "highway": "service", "name": "", "ref": "", "oneway": "", "surface": ""}, "geometry": {"type": "LineString", "coordinates": [[60.7243196, 56.0901713], [60.7243307, 56.0902428], [60.7243655, 56.0903626], [60.7244316, 56.0910039], [60.7249387, 56.0909819], [60.7248613, 56.0903469], [60.7243655, 56.0903626]]}}, {"type": "Feature", "properties": {"id": 49710510, "highway": "service", "name": "", "ref": "", "oneway": "", "surface": ""}, "geometry": {"type": "LineString", "coordinates": [[60.7219535, 56.0913579], [60.7221796, 56.0913498], [60.722631, 56.0913347], [60.7226959, 56.0919982], [60.7235769, 56.0919691], [60.72599, 56.0918988], [60.726068, 56.091718], [60.7274523, 56.0916898]]}}, {"type": "Feature", "properties": {"id": 49710511, "highway": "service", "name": "", "ref": "", "oneway": "", "surface": ""}, "geometry": {"type": "LineString", "coordinates": [[60.7235769, 56.0919691], [60.7236096, 56.0922475], [60.7236226, 56.0923577]]}}, {"type": "Feature", "properties": {"id": 49710512, "highway": "service", "name": "", "ref": "", "oneway": "", "surface": ""}, "geometry": {"type": "LineString", "coordinates": [[60.7249387, 56.0909819], [60.7249456, 56.0910712]]}}, {"type": "Feature", "properties": {"id": 49710515, "highway": "service", "name": "", "ref": "", "oneway": "", "surface": ""}, "geometry": {"type": "LineString", "coordinates": [[60.7340276, 56.091573], [60.7339709, 56.0909987], [60.7338614, 56.0900541]]}}, {"type": "Feature", "properties": {"id": 49711480, "highway": "service", "name": "", "ref": "", "oneway": "", "surface": "asphalt"}, "geometry": {"type": "LineString", "coordinates": [[60.7330689, 56.088361], [60.7332558, 56.0883545], [60.733558, 56.088344], [60.733486, 56.0876985], [60.73387, 56.0876852], [60.7338473, 56.0874812], [60.7334465, 56.0874955], [60.7331506, 56.0875061], [60.7329742, 56.0875124]]}}, {"type": "Feature", "properties": {"id": 49833309, "highway": "living_street", "name": "улица Гречишникова", "ref": "", "oneway": "", "surface": ""}, "geometry": {"type": "LineString", "coordinates": [[60.764498, 56.0846722], [60.7643486, 56.0846563], [60.7641949, 56.0846673], [60.7636524, 56.0847249], [60.7631297, 56.0847898], [60.762719, 56.0848695], [60.7624422, 56.0849651], [60.7621853, 56.0850766], [60.7615132, 56.0854638], [60.761276, 56.0855974], [60.7610432, 56.0856991], [60.7607037, 56.0857655], [60.7604361, 56.0857885], [60.7600998, 56.0857942], [60.7598424, 56.0857904], [60.7595215, 56.0857506]]}}, {"type": "Feature", "properties": {"id": 49833310, "highway": "living_street", "name": "", "ref": "", "oneway": "", "surface": ""}, "geometry": {"type": "LineString", "coordinates": [[60.7595215, 56.0857506], [60.7594554, 56.0857359], [60.7591193, 56.0856609], [60.758563, 56.0854963], [60.7580134, 56.0853468], [60.7574102, 56.0852196], [60.7557747, 56.084969], [60.7542856, 56.084697]]}}, {"type": "Feature", "properties": {"id": 49833311, "highway": "service", "name": "", "ref": "", "oneway": "", "surface": ""}, "geometry": {"type": "LineString", "coordinates": [[60.7594554, 56.0857359], [60.7597744, 56.0854959], [60.7598341, 56.0853645], [60.7598236, 56.0851929], [60.7597761, 56.0851498], [60.7588308, 56.0848567], [60.7584501, 56.0847839], [60.7581241, 56.0847437], [60.75775, 56.0847399], [60.7575235, 56.0847762], [60.7574515, 56.0848452], [60.7574961, 56.0851228], [60.7574102, 56.0852196]]}}, {"type": "Feature", "properties": {"id": 49833316, "highway": "path", "name": "", "ref": "", "oneway": "", "surface": "ground"}, "geometry": {"type": "LineString", "coordinates": [[60.7597761, 56.0851498], [60.7598748, 56.0850944], [60.7600591, 56.0849146], [60.7595395, 56.0837511], [60.7593208, 56.0820107]]}}, {"type": "Feature", "properties": {"id": 49833463, "highway": "service", "name": "", "ref": "", "oneway": "", "surface": ""}, "geometry": {"type": "LineString", "coordinates": [[60.7411586, 56.0817504], [60.7411467, 56.0816125], [60.7399586, 56.0816572], [60.7399738, 56.0817929], [60.7411586, 56.0817504]]}}, {"type": "Feature", "properties": {"id": 49899766, "highway": "service", "name": "", "ref": "", "oneway": "", "surface": ""}, "geometry": {"type": "LineString", "coordinates": [[60.7585519, 56.0783085], [60.7589119, 56.0783018], [60.7602746, 56.0782745], [60.760416, 56.0782552], [60.7608808, 56.0782533]]}}, {"type": "Feature", "properties": {"id": 49899767, "highway": "service", "name": "", "ref": "", "oneway": "", "surface": ""}, "geometry": {"type": "LineString", "coordinates": [[60.7589119, 56.0783018], [60.7588599, 56.0780279], [60.7588301, 56.0777826]]}}, {"type": "Feature", "properties": {"id": 49899768, "highway": "service", "name": "", "ref": "", "oneway": "", "surface": ""}, "geometry": {"type": "LineString", "coordinates": [[60.7617374, 56.0777104], [60.7617296, 56.0775143], [60.7617253, 56.0774034], [60.761691, 56.0768655], [60.7621403, 56.0768534], [60.7621554, 56.0771242], [60.7631254, 56.0770963], [60.7631159, 56.0768687]]}}, {"type": "Feature", "properties": {"id": 49899769, "highway": "service", "name": "", "ref": "", "oneway": "", "surface": ""}, "geometry": {"type": "LineString", "coordinates": [[60.7598924, 56.0791544], [60.7611316, 56.0791126], [60.7611641, 56.0790882], [60.7611741, 56.0789053], [60.7609266, 56.0787291], [60.7608808, 56.0782533], [60.7608921, 56.0779657], [60.7608774, 56.0777286], [60.7608691, 56.0775287], [60.7608509, 56.0774189], [60.7608486, 56.0769545]]}}, {"type": "Feature", "properties": {"id": 49899770, "highway": "service", "name": "", "ref": "", "oneway": "", "surface": "asphalt"}, "geometry": {"type": "LineString", "coordinates": [[60.7608486, 56.0769545], [60.7603255, 56.0769683], [60.7603372, 56.0772046], [60.759353, 56.0772241], [60.7593367, 56.0769839], [60.758897, 56.0769917], [60.7589389, 56.0774591], [60.7608509, 56.0774189], [60.7617253, 56.0774034], [60.7637833, 56.0773661], [60.7648081, 56.0773466]]}}, {"type": "Feature", "properties": {"id": 49899771, "highway": "service", "name": "", "ref": "", "oneway": "", "surface": ""}, "geometry": {"type": "LineString", "coordinates": [[60.7640839, 56.0815504], [60.7639431, 56.0814327], [60.7636969, 56.081209], [60.7637447, 56.0811261], [60.7637283, 56.0808238], [60.763656, 56.0805979], [60.7636722, 56.080349], [60.7636744, 56.0798968], [60.7647145, 56.0798673], [60.7647507, 56.0797492], [60.7653918, 56.0797361], [60.7656779, 56.0797302]]}}, {"type": "Feature", "properties": {"id": 49899772, "highway": "service", "name": "", "ref": "", "oneway": "", "surface": ""}, "geometry": {"type": "LineString", "coordinates": [[60.7536981, 56.0766476], [60.7541426, 56.0766367], [60.7541936, 56.0766355], [60.7549933, 56.0766124], [60.7551336, 56.0766084], [60.7559637, 56.0765866], [60.7560859, 56.0765834], [60.7561747, 56.0765403], [60.756155, 56.0762961], [60.7550998, 56.0763285]]}}, {"type": "Feature", "properties": {"id": 49899773, "highway": "service", "name": "", "ref": "", "oneway": "", "surface": ""}, "geometry": {"type": "LineString", "coordinates": [[60.7551336, 56.0766084], [60.7551306, 56.0765765], [60.7551272, 56.0765413]]}}, {"type": "Feature", "properties": {"id": 49899775, "highway": "service", "name": "", "ref": "", "oneway": "", "surface": ""}, "geometry": {"type": "LineString", "coordinates": [[60.7511826, 56.0731375], [60.7512486, 56.0731345]]}}, {"type": "Feature", "properties": {"id": 49899776, "highway": "service", "name": "", "ref": "", "oneway": "", "surface": ""}, "geometry": {"type": "LineString", "coordinates": [[60.7513002, 56.0733969], [60.7518774, 56.0733788]]}}, {"type": "Feature", "properties": {"id": 49899777, "highway": "service", "name": "", "ref": "", "oneway": "", "surface": ""}, "geometry": {"type": "LineString", "coordinates": [[60.7514294, 56.0741152], [60.7514915, 56.0744607]]}}, {"type": "Feature", "properties": {"id": 49899778, "highway": "footway", "name": "", "ref": "", "oneway": "", "surface": "asphalt"}, "geometry": {"type": "LineString", "coordinates": [[60.7269338, 56.0884391], [60.7270362, 56.0881597], [60.7275724, 56.0878139], [60.7278722, 56.0877607], [60.7286982, 56.0876596], [60.7300574, 56.0874931], [60.7304061, 56.0875104], [60.7307429, 56.0874585]]}}, {"type": "Feature", "properties": {"id": 49899779, "highway": "footway", "name": "", "ref": "", "oneway": "", "surface": "asphalt"}, "geometry": {"type": "LineString", "coordinates": [[60.7300574, 56.0874931], [60.7306273, 56.087206], [60.7307056, 56.0871021]]}}, {"type": "Feature", "properties": {"id": 49899780, "highway": "footway", "name": "", "ref": "", "oneway": "", "surface": ""}, "geometry": {"type": "LineString", "coordinates": [[60.7278722, 56.0877607], [60.7278519, 56.0874962], [60.7282696, 56.0873671], [60.7280916, 56.085849], [60.7280633, 56.0855802], [60.7280539, 56.0854727]]}}, {"type": "Feature", "properties": {"id": 49899781, "highway": "footway", "name": "", "ref": "", "oneway": "", "surface": ""}, "geometry": {"type": "LineString", "coordinates": [[60.7270362, 56.0881597], [60.7262228, 56.0884006], [60.7252643, 56.088453], [60.7248961, 56.0884675], [60.7247942, 56.0884715], [60.7240454, 56.0885011], [60.7231797, 56.0885352], [60.7229902, 56.0885426], [60.7227075, 56.0889887], [60.7223456, 56.089017]]}}, {"type": "Feature", "properties": {"id": 49899784, "highway": "footway", "name": "", "ref": "", "oneway": "", "surface": ""}, "geometry": {"type": "LineString", "coordinates": [[60.7260385, 56.0888291], [60.7269041, 56.0887833], [60.7269338, 56.0884391]]}}, {"type": "Feature", "properties": {"id": 49899785, "highway": "footway", "name": "", "ref": "", "oneway": "", "surface": ""}, "geometry": {"type": "LineString", "coordinates": [[60.7252643, 56.088453], [60.7253168, 56.0885592], [60.7254029, 56.0888791], [60.7254315, 56.0890516]]}}, {"type": "Feature", "properties": {"id": 49901526, "highway": "service", "name": "", "ref": "", "oneway": "", "surface": ""}, "geometry": {"type": "LineString", "coordinates": [[60.7575109, 56.0792248], [60.7570744, 56.0792345], [60.756257, 56.0792538]]}}, {"type": "Feature", "properties": {"id": 49901528, "highway": "service", "name": "", "ref": "", "oneway": "", "surface": ""}, "geometry": {"type": "LineString", "coordinates": [[60.7556535, 56.0785813], [60.7560034, 56.0785737], [60.756027, 56.0787806], [60.754897, 56.0788151], [60.7546613, 56.0788228], [60.7540757, 56.0788375], [60.7538869, 56.0788422]]}}, {"type": "Feature", "properties": {"id": 49901529, "highway": "service", "name": "", "ref": "", "oneway": "", "surface": ""}, "geometry": {"type": "LineString", "coordinates": [[60.7546613, 56.0788228], [60.7546088, 56.0782936], [60.7543388, 56.078305], [60.7543767, 56.0786918]]}}, {"type": "Feature", "properties": {"id": 49930681, "highway": "tertiary", "name": "проспект Мира", "ref": "", "oneway": "yes", "surface": "asphalt"}, "geometry": {"type": "LineString", "coordinates": [[60.7540307, 56.0820018], [60.7540146, 56.0818279], [60.7539909, 56.0815726], [60.7539421, 56.0810467]]}}, {"type": "Feature", "properties": {"id": 50294050, "highway": "residential", "name": "", "ref": "", "oneway": "", "surface": ""}, "geometry": {"type": "LineString", "coordinates": [[60.6839239, 56.0530928], [60.6878374, 56.0529674], [60.6880478, 56.0528683]]}}, {"type": "Feature", "properties": {"id": 50308846, "highway": "footway", "name": "", "ref": "", "oneway": "", "surface": ""}, "geometry": {"type": "LineString", "coordinates": [[60.7278519, 56.0874962], [60.7272125, 56.0875137], [60.7254334, 56.0875929], [60.7249062, 56.0874045], [60.7250477, 56.0883011], [60.7252643, 56.088453]]}}, {"type": "Feature", "properties": {"id": 50436626, "highway": "service", "name": "", "ref": "", "oneway": "yes", "surface": ""}, "geometry": {"type": "LineString", "coordinates": [[60.7317213, 56.0651689], [60.7317633, 56.0648764], [60.731968, 56.0647304], [60.732142, 56.0646106], [60.7323567, 56.0646079], [60.7326068, 56.064744], [60.7331323, 56.0647605], [60.7334177, 56.0648636], [60.7337222, 56.0650964]]}}, {"type": "Feature", "properties": {"id": 50472204, "highway": "secondary", "name": "", "ref": "", "oneway": "no", "surface": "asphalt"}, "geometry": {"type": "LineString", "coordinates": [[60.7917956, 56.023171], [60.7908916, 56.0241544], [60.7839531, 56.0325122], [60.7834721, 56.0329721], [60.7828968, 56.033482], [60.7824767, 56.0337669], [60.7822719, 56.0339059], [60.7814883, 56.0343991], [60.7814057, 56.0344419], [60.7794699, 56.0354436], [60.7757979, 56.0372949], [60.7753409, 56.0375253], [60.7744879, 56.0379437], [60.7737738, 56.0381858], [60.7734663, 56.03829], [60.7717454, 56.0388081], [60.7679664, 56.0400104], [60.7655497, 56.0408034], [60.765034, 56.0409219], [60.7642063, 56.0411068], [60.7630239, 56.0412918], [60.7589565, 56.0418334], [60.7576322, 56.0420183], [60.7567572, 56.0422297], [60.7558586, 56.0426391], [60.7550309, 56.0431807], [60.7546984, 56.0434575], [60.7544731, 56.0436412], [60.7509162, 56.046496], [60.7506797, 56.0467866], [60.7504864, 56.0472627], [60.7504709, 56.0477517], [60.7505117, 56.0481863], [60.7507653, 56.0508892], [60.7512473, 56.0551306], [60.7517906, 56.0604393], [60.7519895, 56.0623751], [60.7522434, 56.0643727], [60.7523316, 56.0645824]]}}, {"type": "Feature", "properties": {"id": 50485764, "highway": "service", "name": "", "ref": "", "oneway": "", "surface": ""}, "geometry": {"type": "LineString", "coordinates": [[60.7370721, 56.0813373], [60.7382181, 56.0812968]]}}, {"type": "Feature", "properties": {"id": 50485765, "highway": "footway", "name": "", "ref": "", "oneway": "", "surface": ""}, "geometry": {"type": "LineString", "coordinates": [[60.7363017, 56.0827292], [60.736298, 56.0826284], [60.7360509, 56.0805483], [60.7360538, 56.0803194]]}}, {"type": "Feature", "properties": {"id": 50490844, "highway": "footway", "name": "", "ref": "", "oneway": "", "surface": "paving_stones"}, "geometry": {"type": "LineString", "coordinates": [[60.7318483, 56.0868485], [60.7313897, 56.0867218], [60.7318121, 56.0865601]]}}, {"type": "Feature", "properties": {"id": 50490845, "highway": "footway", "name": "", "ref": "", "oneway": "", "surface": "concrete:plates"}, "geometry": {"type": "LineString", "coordinates": [[60.7313138, 56.0870032], [60.7312876, 56.0867251], [60.7312756, 56.0865984], [60.7312494, 56.0863644]]}}, {"type": "Feature", "properties": {"id": 50490846, "highway": "footway", "name": "", "ref": "", "oneway": "", "surface": "asphalt"}, "geometry": {"type": "LineString", "coordinates": [[60.7318932, 56.0873794], [60.7318596, 56.0869905], [60.7318483, 56.0868485], [60.7318121, 56.0865601], [60.7317993, 56.0864912], [60.731772, 56.0863206]]}}, {"type": "Feature", "properties": {"id": 50490847, "highway": "footway", "name": "", "ref": "", "oneway": "", "surface": "paving_stones"}, "geometry": {"type": "LineString", "coordinates": [[60.7312756, 56.0865984], [60.7314184, 56.0866001], [60.7316942, 56.0864955], [60.7317993, 56.0864912]]}}, {"type": "Feature", "properties": {"id": 50490857, "highway": "footway", "name": "", "ref": "", "oneway": "", "surface": "paving_stones"}, "geometry": {"type": "LineString", "coordinates": [[60.7310134, 56.0870119], [60.7313138, 56.0870032], [60.7316535, 56.0869953], [60.7318596, 56.0869905]]}}, {"type": "Feature", "properties": {"id": 50490858, "highway": "footway", "name": "", "ref": "", "oneway": "", "surface": "paving_stones"}, "geometry": {"type": "LineString", "coordinates": [[60.7313897, 56.0867218], [60.7312876, 56.0867251]]}}, {"type": "Feature", "properties": {"id": 50808439, "highway": "service", "name": "", "ref": "", "oneway": "", "surface": ""}, "geometry": {"type": "LineString", "coordinates": [[60.7372082, 56.085089], [60.737202, 56.0850024], [60.7371654, 56.0846906], [60.7380157, 56.0846572], [60.7379506, 56.0840364], [60.7379468, 56.0840001], [60.7379246, 56.0837886], [60.7379094, 56.0836441], [60.7378357, 56.0829406], [60.7368226, 56.0829772], [60.7368061, 56.0827629], [60.7368019, 56.0827092]]}}, {"type": "Feature", "properties": {"id": 50808441, "highway": "service", "name": "", "ref": "", "oneway": "", "surface": "asphalt"}, "geometry": {"type": "LineString", "coordinates": [[60.7391952, 56.085001], [60.7391732, 56.0846959], [60.7390246, 56.0834964], [60.7388601, 56.0828933], [60.7388331, 56.0826785], [60.7388262, 56.0826232]]}}, {"type": "Feature", "properties": {"id": 50808442, "highway": "service", "name": "", "ref": "", "oneway": "", "surface": ""}, "geometry": {"type": "LineString", "coordinates": [[60.7400128, 56.084664], [60.7397472, 56.0830826], [60.739723, 56.082861], [60.7388601, 56.0828933]]}}, {"type": "Feature", "properties": {"id": 50808443, "highway": "service", "name": "", "ref": "", "oneway": "", "surface": "asphalt"}, "geometry": {"type": "LineString", "coordinates": [[60.7379246, 56.0837886], [60.7384043, 56.0837718], [60.738533, 56.0837673]]}}, {"type": "Feature", "properties": {"id": 50808444, "highway": "service", "name": "", "ref": "", "oneway": "", "surface": ""}, "geometry": {"type": "LineString", "coordinates": [[60.7406221, 56.0849693], [60.7406144, 56.08465], [60.7400128, 56.084664], [60.7391732, 56.0846959]]}}, {"type": "Feature", "properties": {"id": 50808445, "highway": "service", "name": "", "ref": "", "oneway": "", "surface": ""}, "geometry": {"type": "LineString", "coordinates": [[60.7525941, 56.0768025], [60.7526083, 56.0771637], [60.7521618, 56.0773129]]}}, {"type": "Feature", "properties": {"id": 50808446, "highway": "service", "name": "", "ref": "", "oneway": "", "surface": ""}, "geometry": {"type": "LineString", "coordinates": [[60.7497825, 56.0769062], [60.7499174, 56.0768191], [60.7503398, 56.0768201], [60.7503525, 56.0769109], [60.7504146, 56.0774511]]}}, {"type": "Feature", "properties": {"id": 50808447, "highway": "service", "name": "", "ref": "", "oneway": "", "surface": ""}, "geometry": {"type": "LineString", "coordinates": [[60.7513581, 56.0770089], [60.7512139, 56.0769818], [60.7511194, 56.0768883], [60.7503525, 56.0769109]]}}, {"type": "Feature", "properties": {"id": 51108094, "highway": "service", "name": "", "ref": "", "oneway": "", "surface": ""}, "geometry": {"type": "LineString", "coordinates": [[60.728142, 56.0802577], [60.7265685, 56.0803246], [60.7264268, 56.080201], [60.7254781, 56.0802409], [60.7254403, 56.0803698], [60.7247363, 56.080399], [60.7244451, 56.0802517], [60.7244336, 56.080193], [60.7244284, 56.0801473], [60.7243796, 56.0797191], [60.7243353, 56.0793838], [60.7242094, 56.078611]]}}, {"type": "Feature", "properties": {"id": 51108095, "highway": "service", "name": "", "ref": "", "oneway": "", "surface": ""}, "geometry": {"type": "LineString", "coordinates": [[60.7234416, 56.0822896], [60.7235242, 56.0830061]]}}, {"type": "Feature", "properties": {"id": 51108096, "highway": "service", "name": "", "ref": "", "oneway": "", "surface": ""}, "geometry": {"type": "LineString", "coordinates": [[60.7212962, 56.0864282], [60.7215466, 56.0864125], [60.7218871, 56.0863941], [60.7219609, 56.0863539], [60.7220357, 56.0862076], [60.7221038, 56.0861372], [60.7221349, 56.0861051], [60.7242236, 56.0860178], [60.7243351, 56.0861283], [60.7257039, 56.0860703]]}}, {"type": "Feature", "properties": {"id": 51108097, "highway": "service", "name": "", "ref": "", "oneway": "", "surface": ""}, "geometry": {"type": "LineString", "coordinates": [[60.7246004, 56.0883978], [60.7244844, 56.0872487], [60.7244783, 56.087188], [60.7240174, 56.0872041], [60.7234585, 56.0872176], [60.7227422, 56.087237], [60.7222846, 56.0872444], [60.7216518, 56.0872452], [60.7214142, 56.0872381]]}}, {"type": "Feature", "properties": {"id": 51108099, "highway": "service", "name": "", "ref": "", "oneway": "", "surface": ""}, "geometry": {"type": "LineString", "coordinates": [[60.7241709, 56.0884178], [60.7240253, 56.0872665], [60.7240174, 56.0872041]]}}, {"type": "Feature", "properties": {"id": 51108100, "highway": "service", "name": "", "ref": "", "oneway": "", "surface": ""}, "geometry": {"type": "LineString", "coordinates": [[60.7228901, 56.0884335], [60.7227516, 56.0873133], [60.7227422, 56.087237]]}}, {"type": "Feature", "properties": {"id": 51108101, "highway": "service", "name": "", "ref": "", "oneway": "", "surface": ""}, "geometry": {"type": "LineString", "coordinates": [[60.7216696, 56.0891584], [60.7219077, 56.0891488], [60.7223564, 56.0891306], [60.7223456, 56.089017], [60.7222632, 56.0884351], [60.7223992, 56.0884075], [60.7222846, 56.0872444]]}}, {"type": "Feature", "properties": {"id": 51108106, "highway": "service", "name": "", "ref": "", "oneway": "", "surface": ""}, "geometry": {"type": "LineString", "coordinates": [[60.7242236, 56.0860178], [60.7242118, 56.0859265], [60.7241878, 56.0857413], [60.7241755, 56.0856319]]}}, {"type": "Feature", "properties": {"id": 51108113, "highway": "service", "name": "", "ref": "", "oneway": "", "surface": "asphalt"}, "geometry": {"type": "LineString", "coordinates": [[60.7415405, 56.0852229], [60.7414978, 56.0849492]]}}, {"type": "Feature", "properties": {"id": 51108115, "highway": "service", "name": "", "ref": "", "oneway": "", "surface": ""}, "geometry": {"type": "LineString", "coordinates": [[60.739723, 56.082861], [60.7398852, 56.0828548]]}}, {"type": "Feature", "properties": {"id": 51108116, "highway": "service", "name": "", "ref": "", "oneway": "", "surface": ""}, "geometry": {"type": "LineString", "coordinates": [[60.7424853, 56.08277], [60.7424593, 56.0825391], [60.742453, 56.0824829]]}}, {"type": "Feature", "properties": {"id": 51108117, "highway": "service", "name": "", "ref": "", "oneway": "", "surface": ""}, "geometry": {"type": "LineString", "coordinates": [[60.7475191, 56.081012], [60.7478211, 56.0811775], [60.7478328, 56.0812966], [60.7485076, 56.0812774], [60.7486173, 56.0813372], [60.7486709, 56.0816796], [60.7491352, 56.0817638], [60.7491545, 56.082002], [60.7482149, 56.0820291]]}}, {"type": "Feature", "properties": {"id": 51108118, "highway": "service", "name": "", "ref": "", "oneway": "", "surface": ""}, "geometry": {"type": "LineString", "coordinates": [[60.7479788, 56.0822276], [60.7478328, 56.0812966], [60.7473193, 56.0813172], [60.7472503, 56.0813966], [60.7472873, 56.0818108], [60.7468288, 56.0818226], [60.7464058, 56.0818335], [60.7464229, 56.0821099]]}}, {"type": "Feature", "properties": {"id": 51244933, "highway": "service", "name": "", "ref": "", "oneway": "", "surface": "asphalt"}, "geometry": {"type": "LineString", "coordinates": [[60.7284466, 56.0900011], [60.7284298, 56.0898365], [60.728402, 56.0895603], [60.7294555, 56.0894791], [60.7295555, 56.0893254], [60.7294873, 56.0889998], [60.7295226, 56.0888404], [60.7313718, 56.0887538], [60.7316956, 56.0889229], [60.7325485, 56.0889059], [60.732692, 56.0889002]]}}, {"type": "Feature", "properties": {"id": 51244942, "highway": "footway", "name": "", "ref": "", "oneway": "", "surface": ""}, "geometry": {"type": "LineString", "coordinates": [[60.7320446, 56.0883814], [60.7307054, 56.0876822], [60.730706, 56.0876203], [60.7304061, 56.0875104]]}}, {"type": "Feature", "properties": {"id": 51244946, "highway": "service", "name": "", "ref": "", "oneway": "", "surface": ""}, "geometry": {"type": "LineString", "coordinates": [[60.7223564, 56.0891306], [60.7223808, 56.0892895], [60.7224388, 56.0897862], [60.7238605, 56.0897513], [60.7251189, 56.0897007]]}}, {"type": "Feature", "properties": {"id": 51244950, "highway": "service", "name": "", "ref": "", "oneway": "", "surface": "asphalt"}, "geometry": {"type": "LineString", "coordinates": [[60.7295555, 56.0893254], [60.730566, 56.0892882], [60.7308889, 56.0894469], [60.7316766, 56.0894338]]}}, {"type": "Feature", "properties": {"id": 51244956, "highway": "service", "name": "", "ref": "", "oneway": "", "surface": "asphalt"}, "geometry": {"type": "LineString", "coordinates": [[60.728402, 56.0895603], [60.7270818, 56.0896104], [60.7270096, 56.0896131]]}}, {"type": "Feature", "properties": {"id": 51244963, "highway": "service", "name": "", "ref": "", "oneway": "", "surface": ""}, "geometry": {"type": "LineString", "coordinates": [[60.7551136, 56.0764058], [60.7550998, 56.0763285]]}}, {"type": "Feature", "properties": {"id": 51244964, "highway": "service", "name": "", "ref": "", "oneway": "", "surface": ""}, "geometry": {"type": "LineString", "coordinates": [[60.7551272, 56.0765413], [60.7551136, 56.0764058]]}}, {"type": "Feature", "properties": {"id": 51245900, "highway": "service", "name": "", "ref": "", "oneway": "", "surface": ""}, "geometry": {"type": "LineString", "coordinates": [[60.7317666, 56.0913065], [60.7320809, 56.0911967], [60.7321886, 56.0911872], [60.7322735, 56.0911348], [60.7322134, 56.0907495], [60.7320478, 56.0907298], [60.7317261, 56.0907383]]}}, {"type": "Feature", "properties": {"id": 51382986, "highway": "unclassified", "name": "", "ref": "", "oneway": "", "surface": ""}, "geometry": {"type": "LineString", "coordinates": [[60.7761624, 56.0638784], [60.7760257, 56.0616947], [60.7758347, 56.060175], [60.7758035, 56.0599408], [60.7756003, 56.05987], [60.7753199, 56.0597933], [60.7750761, 56.0597483], [60.7746559, 56.0596533], [60.7743705, 56.0595592], [60.7742214, 56.0588092], [60.7739073, 56.0544233], [60.7738779, 56.054013], [60.7743655, 56.0539813], [60.7745567, 56.0539659], [60.7750465, 56.0538961], [60.7754214, 56.0538003], [60.7758024, 56.0536159], [60.7783893, 56.0518122], [60.7788646, 56.0514932], [60.7790864, 56.0513517], [60.7790705, 56.0511334], [60.7790468, 56.0508077]]}}, {"type": "Feature", "properties": {"id": 51382988, "highway": "unclassified", "name": "", "ref": "", "oneway": "", "surface": ""}, "geometry": {"type": "LineString", "coordinates": [[60.7743705, 56.0595592], [60.7743689, 56.0599659], [60.7744751, 56.0602856], [60.7748428, 56.0605552], [60.7748709, 56.0618316], [60.7724967, 56.0619522], [60.7726017, 56.0630209], [60.7726086, 56.0640311]]}}, {"type": "Feature", "properties": {"id": 51382990, "highway": "service", "name": "", "ref": "", "oneway": "", "surface": ""}, "geometry": {"type": "LineString", "coordinates": [[60.7742214, 56.0588092], [60.773779, 56.0588297], [60.772371, 56.0589149], [60.7723255, 56.0586941], [60.7722841, 56.0584935], [60.7736903, 56.0583953], [60.7737321, 56.0586002], [60.773779, 56.0588297]]}}, {"type": "Feature", "properties": {"id": 51586221, "highway": "service", "name": "", "ref": "", "oneway": "", "surface": ""}, "geometry": {"type": "LineString", "coordinates": [[60.7566009, 56.0735423], [60.7565515, 56.0731314], [60.7562877, 56.0731423]]}}, {"type": "Feature", "properties": {"id": 51586223, "highway": "service", "name": "", "ref": "", "oneway": "", "surface": ""}, "geometry": {"type": "LineString", "coordinates": [[60.7358477, 56.0851556], [60.7358318, 56.0850573], [60.7357913, 56.0848076], [60.7347515, 56.0848487], [60.7346822, 56.0842279], [60.735658, 56.0841941], [60.736035, 56.0840618], [60.7365529, 56.0840426]]}}, {"type": "Feature", "properties": {"id": 51586224, "highway": "service", "name": "", "ref": "", "oneway": "", "surface": ""}, "geometry": {"type": "LineString", "coordinates": [[60.7369365, 56.085373], [60.7380985, 56.0853297], [60.7381724, 56.0858479], [60.7379942, 56.0863039]]}}, {"type": "Feature", "properties": {"id": 51586225, "highway": "footway", "name": "", "ref": "", "oneway": "", "surface": "asphalt"}, "geometry": {"type": "LineString", "coordinates": [[60.7339295, 56.0867479], [60.7344802, 56.0864657], [60.7347953, 56.0858352], [60.734898, 56.0856501]]}}, {"type": "Feature", "properties": {"id": 51749579, "highway": "service", "name": "", "ref": "", "oneway": "", "surface": ""}, "geometry": {"type": "LineString", "coordinates": [[60.7701185, 56.0687324], [60.7704646, 56.0687202]]}}, {"type": "Feature", "properties": {"id": 51814482, "highway": "service", "name": "", "ref": "", "oneway": "", "surface": ""}, "geometry": {"type": "LineString", "coordinates": [[60.7342672, 56.0718065], [60.7349559, 56.0718083]]}}, {"type": "Feature", "properties": {"id": 51814487, "highway": "service", "name": "", "ref": "", "oneway": "", "surface": ""}, "geometry": {"type": "LineString", "coordinates": [[60.7386812, 56.0737559], [60.7386211, 56.0732158]]}}, {"type": "Feature", "properties": {"id": 51814488, "highway": "service", "name": "", "ref": "", "oneway": "", "surface": ""}, "geometry": {"type": "LineString", "coordinates": [[60.72231, 56.0794783], [60.722495, 56.0794659], [60.7238865, 56.0794172], [60.7243353, 56.0793838], [60.7247968, 56.0793402], [60.7251547, 56.07942], [60.7264064, 56.0793799], [60.7283549, 56.0800772]]}}, {"type": "Feature", "properties": {"id": 51814489, "highway": "service", "name": "", "ref": "", "oneway": "", "surface": ""}, "geometry": {"type": "LineString", "coordinates": [[60.7479081, 56.0768801], [60.7480932, 56.0767526], [60.7480233, 56.076252], [60.7487679, 56.0762295], [60.7488174, 56.0765232], [60.7488987, 56.0765415], [60.7489247, 56.0767971]]}}, {"type": "Feature", "properties": {"id": 52059131, "highway": "service", "name": "", "ref": "", "oneway": "", "surface": ""}, "geometry": {"type": "LineString", "coordinates": [[60.73872, 56.08777], [60.738841, 56.087652], [60.7392214, 56.0872809], [60.7397695, 56.0874539]]}}, {"type": "Feature", "properties": {"id": 59491638, "highway": "service", "name": "", "ref": "", "oneway": "", "surface": ""}, "geometry": {"type": "LineString", "coordinates": [[60.7210308, 56.0813681], [60.7210044, 56.0812373], [60.7209868, 56.0810382], [60.7209553, 56.0807982], [60.720369, 56.0808256]]}}, {"type": "Feature", "properties": {"id": 59491648, "highway": "service", "name": "", "ref": "", "oneway": "", "surface": ""}, "geometry": {"type": "LineString", "coordinates": [[60.7269221, 56.0855127], [60.7269032, 56.0853558], [60.7268429, 56.0848736], [60.7261655, 56.0849046], [60.7260887, 56.0849081], [60.7261176, 56.0852619], [60.7261254, 56.0853909], [60.7261408, 56.0855561]]}}, {"type": "Feature", "properties": {"id": 59491652, "highway": "service", "name": "", "ref": "", "oneway": "", "surface": ""}, "geometry": {"type": "LineString", "coordinates": [[60.7647507, 56.0797492], [60.764734, 56.0794873], [60.7646954, 56.0788826], [60.7646909, 56.0788124], [60.7648724, 56.0786991], [60.7648373, 56.0781959], [60.7634486, 56.0782243], [60.7633107, 56.0781346], [60.7625272, 56.078155], [60.7625034, 56.0781527], [60.7624915, 56.0779201], [60.7624802, 56.0776946]]}}, {"type": "Feature", "properties": {"id": 59491674, "highway": "service", "name": "", "ref": "", "oneway": "", "surface": ""}, "geometry": {"type": "LineString", "coordinates": [[60.73708, 56.0916088], [60.7372881, 56.0917751], [60.7373038, 56.0919261], [60.7374343, 56.0928321], [60.7373495, 56.0929121], [60.7365316, 56.0929254], [60.7363275, 56.0927194], [60.7346617, 56.0927456], [60.7342986, 56.0929031]]}}, {"type": "Feature", "properties": {"id": 59491677, "highway": "service", "name": "", "ref": "", "oneway": "", "surface": ""}, "geometry": {"type": "LineString", "coordinates": [[60.7220416, 56.0921281], [60.7217993, 56.0921372], [60.7202755, 56.0921942], [60.7202277, 56.0919534], [60.7204801, 56.0918957], [60.7204172, 56.0914868], [60.7203714, 56.0910149], [60.7204238, 56.0909308]]}}, {"type": "Feature", "properties": {"id": 59491685, "highway": "service", "name": "", "ref": "", "oneway": "", "surface": ""}, "geometry": {"type": "LineString", "coordinates": [[60.7373038, 56.0919261], [60.7366589, 56.0919477]]}}, {"type": "Feature", "properties": {"id": 59491687, "highway": "service", "name": "", "ref": "", "oneway": "", "surface": ""}, "geometry": {"type": "LineString", "coordinates": [[60.7455737, 56.0825758], [60.7456692, 56.0828066], [60.7466104, 56.0835498]]}}, {"type": "Feature", "properties": {"id": 59865771, "highway": "track", "name": "", "ref": "", "oneway": "", "surface": "ground"}, "geometry": {"type": "LineString", "coordinates": [[60.704852, 56.0876283], [60.7048424, 56.0877359], [60.7048675, 56.0878527], [60.7054744, 56.0884467], [60.7055692, 56.0887493], [60.7059431, 56.0891401], [60.7068331, 56.0896161], [60.7068282, 56.0897421], [60.7073432, 56.0898708], [60.7082337, 56.0906818], [60.7081372, 56.0909721], [60.7080996, 56.0913013], [60.7085395, 56.0910798]]}}, {"type": "Feature", "properties": {"id": 60000689, "highway": "footway", "name": "", "ref": "", "oneway": "", "surface": "dirt"}, "geometry": {"type": "LineString", "coordinates": [[60.7194793, 56.0934937], [60.7211343, 56.092691]]}}, {"type": "Feature", "properties": {"id": 61113554, "highway": "service", "name": "", "ref": "", "oneway": "", "surface": ""}, "geometry": {"type": "LineString", "coordinates": [[60.7369221, 56.0840313], [60.7368808, 56.0836785], [60.7379094, 56.0836441]]}}, {"type": "Feature", "properties": {"id": 61113555, "highway": "service", "name": "", "ref": "", "oneway": "", "surface": ""}, "geometry": {"type": "LineString", "coordinates": [[60.7379468, 56.0840001], [60.7369221, 56.0840313], [60.7365529, 56.0840426], [60.7365252, 56.0837787]]}}, {"type": "Feature", "properties": {"id": 75312478, "highway": "service", "name": "", "ref": "", "oneway": "", "surface": "concrete"}, "geometry": {"type": "LineString", "coordinates": [[60.7985022, 56.0675915], [60.7993954, 56.0658667], [60.7994871, 56.0655452], [60.7995235, 56.0654637]]}}, {"type": "Feature", "properties": {"id": 75908081, "highway": "service", "name": "", "ref": "", "oneway": "", "surface": "asphalt"}, "geometry": {"type": "LineString", "coordinates": [[60.7719369, 56.0702432], [60.7719048, 56.0699915], [60.7718584, 56.0699583], [60.771735, 56.0694533]]}}, {"type": "Feature", "properties": {"id": 76369831, "highway": "service", "name": "", "ref": "", "oneway": "", "surface": "asphalt"}, "geometry": {"type": "LineString", "coordinates": [[60.7427899, 56.0851743], [60.7427501, 56.0848973], [60.7426713, 56.0845143]]}}, {"type": "Feature", "properties": {"id": 76369832, "highway": "service", "name": "", "ref": "", "oneway": "", "surface": ""}, "geometry": {"type": "LineString", "coordinates": [[60.7414978, 56.0849492], [60.7413497, 56.0845638], [60.7418035, 56.0845421], [60.7426713, 56.0845143], [60.7427856, 56.0845083], [60.7426469, 56.0836409], [60.7425211, 56.0827701], [60.7424853, 56.08277], [60.7416099, 56.0828053], [60.7411722, 56.0828207]]}}, {"type": "Feature", "properties": {"id": 76369833, "highway": "service", "name": "", "ref": "", "oneway": "", "surface": ""}, "geometry": {"type": "LineString", "coordinates": [[60.742394, 56.0862688], [60.7428812, 56.0864493]]}}, {"type": "Feature", "properties": {"id": 76369835, "highway": "service", "name": "", "ref": "", "oneway": "", "surface": "asphalt"}, "geometry": {"type": "LineString", "coordinates": [[60.7387375, 56.0853814], [60.7392093, 56.0853632]]}}, {"type": "Feature", "properties": {"id": 76762193, "highway": "service", "name": "", "ref": "", "oneway": "", "surface": ""}, "geometry": {"type": "LineString", "coordinates": [[60.7396074, 56.0651823], [60.7404066, 56.0651589], [60.7405062, 56.0660208], [60.739686, 56.0660466], [60.7396652, 56.0657703]]}}, {"type": "Feature", "properties": {"id": 76762196, "highway": "footway", "name": "", "ref": "", "oneway": "", "surface": "asphalt"}, "geometry": {"type": "LineString", "coordinates": [[60.7364013, 56.0920818], [60.7372248, 56.0920067]]}}, {"type": "Feature", "properties": {"id": 76762204, "highway": "service", "name": "", "ref": "", "oneway": "", "surface": ""}, "geometry": {"type": "LineString", "coordinates": [[60.745653, 56.0759129], [60.7456499, 56.0758778], [60.7456098, 56.0753498], [60.7455994, 56.0753028], [60.7447556, 56.0753227]]}}, {"type": "Feature", "properties": {"id": 76762219, "highway": "service", "name": "", "ref": "", "oneway": "", "surface": ""}, "geometry": {"type": "LineString", "coordinates": [[60.7445864, 56.076289], [60.7446071, 56.0764407], [60.745429, 56.0764175], [60.7455124, 56.0762625]]}}, {"type": "Feature", "properties": {"id": 76762224, "highway": "service", "name": "", "ref": "", "oneway": "", "surface": ""}, "geometry": {"type": "LineString", "coordinates": [[60.7341503, 56.0626571], [60.7340637, 56.0626586], [60.7340502, 56.0625226], [60.734337, 56.0624531], [60.7348971, 56.0624184], [60.7349202, 56.0625733], [60.7354214, 56.0625572], [60.735448, 56.0627614]]}}, {"type": "Feature", "properties": {"id": 76762227, "highway": "service", "name": "", "ref": "", "oneway": "", "surface": ""}, "geometry": {"type": "LineString", "coordinates": [[60.74403, 56.0773431], [60.7439769, 56.0768983]]}}, {"type": "Feature", "properties": {"id": 76762235, "highway": "service", "name": "", "ref": "", "oneway": "", "surface": ""}, "geometry": {"type": "LineString", "coordinates": [[60.7350109, 56.0635447], [60.734937, 56.0627792], [60.735448, 56.0627614]]}}, {"type": "Feature", "properties": {"id": 76762238, "highway": "service", "name": "", "ref": "", "oneway": "", "surface": ""}, "geometry": {"type": "LineString", "coordinates": [[60.7409355, 56.0648832], [60.7409993, 56.0653417], [60.7410913, 56.0660033], [60.741928, 56.0659669], [60.7418411, 56.0653117], [60.7409993, 56.0653417]]}}, {"type": "Feature", "properties": {"id": 76776539, "highway": "footway", "name": "", "ref": "", "oneway": "", "surface": ""}, "geometry": {"type": "LineString", "coordinates": [[60.7290342, 56.0851606], [60.7298421, 56.0851264]]}}, {"type": "Feature", "properties": {"id": 76776543, "highway": "service", "name": "", "ref": "", "oneway": "", "surface": ""}, "geometry": {"type": "LineString", "coordinates": [[60.7289752, 56.0795138], [60.7283549, 56.0800772], [60.728142, 56.0802577], [60.7278189, 56.0805184]]}}, {"type": "Feature", "properties": {"id": 76776545, "highway": "service", "name": "", "ref": "", "oneway": "yes", "surface": ""}, "geometry": {"type": "LineString", "coordinates": [[60.7354961, 56.0631423], [60.7354634, 56.0629346], [60.735448, 56.0627614]]}}, {"type": "Feature", "properties": {"id": 76776549, "highway": "service", "name": "", "ref": "", "oneway": "", "surface": ""}, "geometry": {"type": "LineString", "coordinates": [[60.7356204, 56.0646557], [60.7355824, 56.0643449], [60.7355456, 56.0640439]]}}, {"type": "Feature", "properties": {"id": 76776551, "highway": "steps", "name": "", "ref": "", "oneway": "", "surface": ""}, "geometry": {"type": "LineString", "coordinates": [[60.7299638, 56.0850481], [60.7306406, 56.0852624]]}}, {"type": "Feature", "properties": {"id": 76776553, "highway": "service", "name": "", "ref": "", "oneway": "", "surface": ""}, "geometry": {"type": "LineString", "coordinates": [[60.7355824, 56.0643449], [60.7360305, 56.0643377]]}}, {"type": "Feature", "properties": {"id": 76776554, "highway": "footway", "name": "", "ref": "", "oneway": "", "surface": ""}, "geometry": {"type": "LineString", "coordinates": [[60.7295362, 56.0843704], [60.7296394, 56.0843561], [60.7301733, 56.0843404], [60.7302008, 56.084591], [60.730007, 56.084904]]}}, {"type": "Feature", "properties": {"id": 76776558, "highway": "service", "name": "", "ref": "", "oneway": "", "surface": ""}, "geometry": {"type": "LineString", "coordinates": [[60.735448, 56.0627614], [60.7355464, 56.0627597], [60.7358802, 56.0628436]]}}, {"type": "Feature", "properties": {"id": 76776563, "highway": "tertiary", "name": "", "ref": "", "oneway": "yes", "surface": ""}, "geometry": {"type": "LineString", "coordinates": [[60.7174154, 56.0644818], [60.717528, 56.0645136], [60.7176223, 56.0656415]]}}, {"type": "Feature", "properties": {"id": 76776569, "highway": "footway", "name": "", "ref": "", "oneway": "", "surface": "concrete"}, "geometry": {"type": "LineString", "coordinates": [[60.7298421, 56.0851264], [60.729906, 56.0851222], [60.7299638, 56.0850481], [60.7300481, 56.0849445], [60.730007, 56.084904], [60.7299838, 56.0848735], [60.7298128, 56.0848807], [60.7298421, 56.0851264]]}}, {"type": "Feature", "properties": {"id": 77042572, "highway": "footway", "name": "", "ref": "", "oneway": "", "surface": ""}, "geometry": {"type": "LineString", "coordinates": [[60.7230251, 56.0744157], [60.7237144, 56.0744283], [60.7245364, 56.0744412], [60.7252392, 56.07445], [60.7259823, 56.0744711], [60.7267675, 56.0744889], [60.7275224, 56.0745021]]}}, {"type": "Feature", "properties": {"id": 77042574, "highway": "footway", "name": "", "ref": "", "oneway": "", "surface": ""}, "geometry": {"type": "LineString", "coordinates": [[60.7245691, 56.0739685], [60.7252721, 56.0739752], [60.7260094, 56.0739942], [60.7268025, 56.07401], [60.7275613, 56.0740212]]}}, {"type": "Feature", "properties": {"id": 77042576, "highway": "service", "name": "", "ref": "", "oneway": "", "surface": ""}, "geometry": {"type": "LineString", "coordinates": [[60.7275649, 56.0740721], [60.7300896, 56.0740867], [60.7300458, 56.0748499], [60.72997, 56.0754563], [60.7290476, 56.0754842], [60.7274429, 56.0754838], [60.7266963, 56.0754649], [60.7259271, 56.0754414], [60.7251723, 56.0754139], [60.7244701, 56.0753987], [60.7236618, 56.0753818], [60.7229641, 56.0753648]]}}, {"type": "Feature", "properties": {"id": 77042578, "highway": "footway", "name": "", "ref": "", "oneway": "", "surface": ""}, "geometry": {"type": "LineString", "coordinates": [[60.7274677, 56.0751776], [60.7267186, 56.0751602], [60.7259443, 56.0751384], [60.7251932, 56.0751132], [60.7244908, 56.0751002], [60.7236783, 56.0750833], [60.7229833, 56.0750665]]}}, {"type": "Feature", "properties": {"id": 77042581, "highway": "service", "name": "", "ref": "", "oneway": "", "surface": ""}, "geometry": {"type": "LineString", "coordinates": [[60.7244242, 56.0760629], [60.7244468, 56.0757364], [60.7244701, 56.0753987], [60.7244908, 56.0751002], [60.7245064, 56.0747488], [60.7245364, 56.0744412], [60.724547, 56.0742066], [60.7245691, 56.0739685], [60.7245899, 56.0736671]]}}, {"type": "Feature", "properties": {"id": 77042586, "highway": "service", "name": "", "ref": "", "oneway": "", "surface": ""}, "geometry": {"type": "LineString", "coordinates": [[60.7258906, 56.0760822], [60.725908, 56.0757759], [60.7259271, 56.0754414], [60.7259443, 56.0751384], [60.7259699, 56.0747739], [60.7259823, 56.0744711], [60.7259894, 56.0742406], [60.7260094, 56.0739942], [60.7260268, 56.0736879]]}}, {"type": "Feature", "properties": {"id": 77042593, "highway": "service", "name": "", "ref": "", "oneway": "", "surface": ""}, "geometry": {"type": "LineString", "coordinates": [[60.7273927, 56.0761047], [60.7290114, 56.0761404], [60.7290476, 56.0754842]]}}, {"type": "Feature", "properties": {"id": 77042599, "highway": "footway", "name": "", "ref": "", "oneway": "", "surface": ""}, "geometry": {"type": "LineString", "coordinates": [[60.727416, 56.0758159], [60.726672, 56.0757981], [60.725908, 56.0757759], [60.725149, 56.07575], [60.7244468, 56.0757364], [60.7236432, 56.0757192], [60.7229424, 56.0757017]]}}, {"type": "Feature", "properties": {"id": 77042603, "highway": "footway", "name": "", "ref": "", "oneway": "", "surface": ""}, "geometry": {"type": "LineString", "coordinates": [[60.7236337, 56.0758918], [60.7236432, 56.0757192], [60.7236618, 56.0753818], [60.7236783, 56.0750833], [60.7236893, 56.0747234], [60.7237144, 56.0744283], [60.7237274, 56.0741924]]}}, {"type": "Feature", "properties": {"id": 77042606, "highway": "footway", "name": "", "ref": "", "oneway": "", "surface": ""}, "geometry": {"type": "LineString", "coordinates": [[60.725127, 56.0760681], [60.725149, 56.07575], [60.7251723, 56.0754139], [60.7251932, 56.0751132], [60.7252023, 56.0747628], [60.7252392, 56.07445], [60.7252497, 56.0742175], [60.7252721, 56.0739752], [60.7252932, 56.0736711]]}}, {"type": "Feature", "properties": {"id": 77042607, "highway": "footway", "name": "", "ref": "", "oneway": "", "surface": ""}, "geometry": {"type": "LineString", "coordinates": [[60.7266503, 56.0760956], [60.726672, 56.0757981], [60.7266963, 56.0754649], [60.7267186, 56.0751602], [60.7267633, 56.0747968], [60.7267675, 56.0744889], [60.7267791, 56.0742556], [60.7268025, 56.07401], [60.726825, 56.0737011]]}}, {"type": "Feature", "properties": {"id": 77042608, "highway": "service", "name": "", "ref": "", "oneway": "", "surface": ""}, "geometry": {"type": "LineString", "coordinates": [[60.7275363, 56.074266], [60.7267791, 56.0742556], [60.7259894, 56.0742406], [60.7252497, 56.0742175], [60.724547, 56.0742066], [60.7237274, 56.0741924], [60.7230403, 56.0741785], [60.7230251, 56.0744157], [60.7230106, 56.0747131], [60.7229833, 56.0750665], [60.7229641, 56.0753648], [60.7229424, 56.0757017], [60.7229527, 56.0757245], [60.7236337, 56.0758918], [60.7244242, 56.0760629], [60.725127, 56.0760681], [60.7258906, 56.0760822], [60.7266503, 56.0760956], [60.7273927, 56.0761047], [60.727416, 56.0758159], [60.7274429, 56.0754838], [60.7274677, 56.0751776], [60.7274881, 56.0748074], [60.7275224, 56.0745021], [60.7275363, 56.074266], [60.7275649, 56.0740721], [60.7275613, 56.0740212], [60.7275865, 56.0737097], [60.726825, 56.0737011], [60.7260268, 56.0736879], [60.7252932, 56.0736711], [60.7245899, 56.0736671]]}}, {"type": "Feature", "properties": {"id": 78352950, "highway": "track", "name": "", "ref": "", "oneway": "", "surface": "ground"}, "geometry": {"type": "LineString", "coordinates": [[60.7993954, 56.0658667], [60.7998567, 56.0657192], [60.800271, 56.0656694], [60.8013151, 56.0654606], [60.8020529, 56.0654496], [60.8044657, 56.065377], [60.8053384, 56.0654187], [60.8061801, 56.0654091]]}}, {"type": "Feature", "properties": {"id": 78515894, "highway": "service", "name": "", "ref": "", "oneway": "", "surface": ""}, "geometry": {"type": "LineString", "coordinates": [[60.7714672, 56.0683516], [60.7714797, 56.0680201], [60.7714464, 56.0677314], [60.7739207, 56.0676491], [60.7743188, 56.067927]]}}, {"type": "Feature", "properties": {"id": 78515992, "highway": "service", "name": "", "ref": "", "oneway": "", "surface": ""}, "geometry": {"type": "LineString", "coordinates": [[60.7735184, 56.0678805], [60.7743188, 56.067927], [60.774908, 56.0678637]]}}, {"type": "Feature", "properties": {"id": 78627612, "highway": "service", "name": "", "ref": "", "oneway": "", "surface": ""}, "geometry": {"type": "LineString", "coordinates": [[60.7692048, 56.0710112], [60.7683735, 56.0710366]]}}, {"type": "Feature", "properties": {"id": 78627739, "highway": "residential", "name": "Пионерская улица", "ref": "", "oneway": "", "surface": "asphalt"}, "geometry": {"type": "LineString", "coordinates": [[60.7746265, 56.072677], [60.7706241, 56.0727993], [60.7699709, 56.0728587], [60.7666269, 56.072985]]}}, {"type": "Feature", "properties": {"id": 78627742, "highway": "service", "name": "", "ref": "", "oneway": "", "surface": ""}, "geometry": {"type": "LineString", "coordinates": [[60.7701011, 56.0710876], [60.7696495, 56.0710993], [60.7692183, 56.0710942], [60.7692048, 56.0710112], [60.769167, 56.0706166]]}}, {"type": "Feature", "properties": {"id": 78802092, "highway": "service", "name": "", "ref": "", "oneway": "", "surface": ""}, "geometry": {"type": "LineString", "coordinates": [[60.7286528, 56.0899927], [60.7286587, 56.0900708], [60.7286821, 56.0902619], [60.7288878, 56.0903906], [60.7289348, 56.0905842], [60.7289658, 56.0907564], [60.7290996, 56.0908316], [60.7291106, 56.0911677], [60.7278683, 56.0912308], [60.7273856, 56.091246]]}}, {"type": "Feature", "properties": {"id": 78802096, "highway": "service", "name": "", "ref": "", "oneway": "", "surface": ""}, "geometry": {"type": "LineString", "coordinates": [[60.7338586, 56.0894523], [60.7345452, 56.0893998]]}}, {"type": "Feature", "properties": {"id": 78802105, "highway": "service", "name": "", "ref": "", "oneway": "", "surface": ""}, "geometry": {"type": "LineString", "coordinates": [[60.7382362, 56.088775], [60.7384157, 56.0885993], [60.7384554, 56.0885605]]}}, {"type": "Feature", "properties": {"id": 78802107, "highway": "footway", "name": "", "ref": "", "oneway": "", "surface": ""}, "geometry": {"type": "LineString", "coordinates": [[60.730706, 56.0876203], [60.7308029, 56.0876292], [60.731307, 56.0876114]]}}, {"type": "Feature", "properties": {"id": 78802109, "highway": "service", "name": "", "ref": "", "oneway": "", "surface": ""}, "geometry": {"type": "LineString", "coordinates": [[60.73387, 56.0876852], [60.7338867, 56.0878344], [60.7339944, 56.0878307], [60.734053, 56.0878286], [60.7340876, 56.088139]]}}, {"type": "Feature", "properties": {"id": 78802119, "highway": "service", "name": "", "ref": "", "oneway": "", "surface": ""}, "geometry": {"type": "LineString", "coordinates": [[60.7393226, 56.0891294], [60.7394976, 56.0889409], [60.7395338, 56.0889019]]}}, {"type": "Feature", "properties": {"id": 78802128, "highway": "service", "name": "", "ref": "", "oneway": "", "surface": ""}, "geometry": {"type": "LineString", "coordinates": [[60.7278683, 56.0912308], [60.7279529, 56.0917998], [60.7288635, 56.0917649], [60.7298609, 56.0917291], [60.7299289, 56.090801]]}}, {"type": "Feature", "properties": {"id": 78802138, "highway": "service", "name": "", "ref": "", "oneway": "", "surface": ""}, "geometry": {"type": "LineString", "coordinates": [[60.7374161, 56.0882103], [60.7373687, 56.0882687], [60.7372149, 56.0884419], [60.7370122, 56.0884731], [60.7365033, 56.088989], [60.7357818, 56.0896551]]}}, {"type": "Feature", "properties": {"id": 78802139, "highway": "service", "name": "", "ref": "", "oneway": "", "surface": ""}, "geometry": {"type": "LineString", "coordinates": [[60.7337511, 56.0888873], [60.7338586, 56.0894523], [60.7334028, 56.0894803], [60.7332441, 56.0894901]]}}, {"type": "Feature", "properties": {"id": 78802159, "highway": "service", "name": "", "ref": "", "oneway": "", "surface": ""}, "geometry": {"type": "LineString", "coordinates": [[60.7298094, 56.0902532], [60.7286821, 56.0902619], [60.7277891, 56.0902791], [60.7278499, 56.0906409], [60.7289348, 56.0905842]]}}, {"type": "Feature", "properties": {"id": 78802182, "highway": "service", "name": "", "ref": "", "oneway": "", "surface": ""}, "geometry": {"type": "LineString", "coordinates": [[60.7369644, 56.0891393], [60.7365033, 56.088989]]}}, {"type": "Feature", "properties": {"id": 78802187, "highway": "service", "name": "", "ref": "", "oneway": "", "surface": ""}, "geometry": {"type": "LineString", "coordinates": [[60.733153, 56.088882], [60.7333261, 56.0888836], [60.7337511, 56.0888873], [60.7340751, 56.0888308], [60.734019, 56.088328], [60.733558, 56.088344]]}}, {"type": "Feature", "properties": {"id": 78802192, "highway": "service", "name": "", "ref": "", "oneway": "", "surface": ""}, "geometry": {"type": "LineString", "coordinates": [[60.7379631, 56.0886859], [60.7376201, 56.0890367], [60.7382022, 56.0892133], [60.7385411, 56.0888744]]}}, {"type": "Feature", "properties": {"id": 78802195, "highway": "service", "name": "", "ref": "", "oneway": "", "surface": ""}, "geometry": {"type": "LineString", "coordinates": [[60.7347634, 56.0899926], [60.7347274, 56.0898006], [60.7347077, 56.0897369]]}}, {"type": "Feature", "properties": {"id": 78802198, "highway": "service", "name": "", "ref": "", "oneway": "", "surface": ""}, "geometry": {"type": "LineString", "coordinates": [[60.7349214, 56.0888081], [60.7349283, 56.0888605], [60.7350701, 56.0889824], [60.7352832, 56.0889963], [60.7358104, 56.0884799]]}}, {"type": "Feature", "properties": {"id": 78802215, "highway": "service", "name": "", "ref": "", "oneway": "", "surface": "asphalt"}, "geometry": {"type": "LineString", "coordinates": [[60.7339409, 56.0869084], [60.7339783, 56.0873734]]}}, {"type": "Feature", "properties": {"id": 78802217, "highway": "service", "name": "", "ref": "", "oneway": "", "surface": ""}, "geometry": {"type": "LineString", "coordinates": [[60.7347994, 56.0911471], [60.734851, 56.0915447]]}}, {"type": "Feature", "properties": {"id": 78802238, "highway": "service", "name": "", "ref": "", "oneway": "", "surface": ""}, "geometry": {"type": "LineString", "coordinates": [[60.7372149, 56.0884419], [60.7379631, 56.0886859], [60.7382362, 56.088775], [60.7385411, 56.0888744], [60.7393226, 56.0891294], [60.7393713, 56.0891807]]}}, {"type": "Feature", "properties": {"id": 78802247, "highway": "service", "name": "", "ref": "", "oneway": "", "surface": ""}, "geometry": {"type": "LineString", "coordinates": [[60.7339709, 56.0909987], [60.734344, 56.0909882]]}}, {"type": "Feature", "properties": {"id": 79560138, "highway": "service", "name": "", "ref": "", "oneway": "", "surface": "asphalt"}, "geometry": {"type": "LineString", "coordinates": [[60.7309771, 56.0870928], [60.7310255, 56.0875808]]}}, {"type": "Feature", "properties": {"id": 79610025, "highway": "service", "name": "", "ref": "", "oneway": "", "surface": ""}, "geometry": {"type": "LineString", "coordinates": [[60.7710312, 56.0705521], [60.7710223, 56.0704558]]}}, {"type": "Feature", "properties": {"id": 79610044, "highway": "service", "name": "", "ref": "", "oneway": "", "surface": ""}, "geometry": {"type": "LineString", "coordinates": [[60.7719509, 56.0704233], [60.7710223, 56.0704558], [60.7708394, 56.0704619]]}}, {"type": "Feature", "properties": {"id": 79610062, "highway": "residential", "name": "", "ref": "", "oneway": "", "surface": ""}, "geometry": {"type": "LineString", "coordinates": [[60.7631526, 56.0662054], [60.7589294, 56.066349], [60.7588077, 56.0650841], [60.7587367, 56.0643749], [60.7586852, 56.0638986]]}}, {"type": "Feature", "properties": {"id": 79610064, "highway": "residential", "name": "Пионерская улица", "ref": "", "oneway": "", "surface": "ground"}, "geometry": {"type": "LineString", "coordinates": [[60.7785314, 56.0725113], [60.7758384, 56.0726297], [60.7756935, 56.0726037], [60.7755771, 56.0725445], [60.7755667, 56.0724593]]}}, {"type": "Feature", "properties": {"id": 79640830, "highway": "service", "name": "", "ref": "", "oneway": "", "surface": ""}, "geometry": {"type": "LineString", "coordinates": [[60.7416004, 56.0869746], [60.7421566, 56.087155]]}}, {"type": "Feature", "properties": {"id": 79640832, "highway": "service", "name": "", "ref": "", "oneway": "", "surface": "asphalt"}, "geometry": {"type": "LineString", "coordinates": [[60.7351637, 56.0854394], [60.7367596, 56.0853765]]}}, {"type": "Feature", "properties": {"id": 79640834, "highway": "service", "name": "", "ref": "", "oneway": "", "surface": ""}, "geometry": {"type": "LineString", "coordinates": [[60.7363654, 56.0905594], [60.7366241, 56.0904612], [60.7370141, 56.090781], [60.7373843, 56.0910845], [60.7371336, 56.0911797], [60.7370424, 56.0912143], [60.7368051, 56.0913044], [60.7365545, 56.0913995], [60.7361844, 56.0910961]]}}, {"type": "Feature", "properties": {"id": 79640835, "highway": "service", "name": "", "ref": "", "oneway": "", "surface": ""}, "geometry": {"type": "LineString", "coordinates": [[60.7357129, 56.0891578], [60.7352832, 56.0889963]]}}, {"type": "Feature", "properties": {"id": 79640838, "highway": "service", "name": "", "ref": "", "oneway": "", "surface": ""}, "geometry": {"type": "LineString", "coordinates": [[60.7361844, 56.0910961], [60.7368103, 56.0908585]]}}, {"type": "Feature", "properties": {"id": 79640841, "highway": "service", "name": "", "ref": "", "oneway": "", "surface": ""}, "geometry": {"type": "LineString", "coordinates": [[60.7362042, 56.090085], [60.7362503, 56.0900405], [60.7364933, 56.0900151], [60.7364369, 56.0898604]]}}, {"type": "Feature", "properties": {"id": 79640842, "highway": "service", "name": "", "ref": "", "oneway": "", "surface": ""}, "geometry": {"type": "LineString", "coordinates": [[60.7369297, 56.0908131], [60.7370141, 56.090781]]}}, {"type": "Feature", "properties": {"id": 79640849, "highway": "service", "name": "", "ref": "", "oneway": "", "surface": ""}, "geometry": {"type": "LineString", "coordinates": [[60.7363024, 56.0915091], [60.7365545, 56.0913995]]}}, {"type": "Feature", "properties": {"id": 79640852, "highway": "service", "name": "", "ref": "", "oneway": "", "surface": ""}, "geometry": {"type": "LineString", "coordinates": [[60.7383172, 56.0895506], [60.7388177, 56.0897114]]}}, {"type": "Feature", "properties": {"id": 79640854, "highway": "service", "name": "", "ref": "", "oneway": "", "surface": ""}, "geometry": {"type": "LineString", "coordinates": [[60.7374113, 56.0909101], [60.7371145, 56.0907428], [60.7370141, 56.090781]]}}, {"type": "Feature", "properties": {"id": 79640857, "highway": "service", "name": "", "ref": "", "oneway": "", "surface": ""}, "geometry": {"type": "LineString", "coordinates": [[60.7368103, 56.0908585], [60.7369297, 56.0908131]]}}, {"type": "Feature", "properties": {"id": 79640861, "highway": "service", "name": "", "ref": "", "oneway": "", "surface": ""}, "geometry": {"type": "LineString", "coordinates": [[60.7357951, 56.0860796], [60.7365757, 56.0860484], [60.7370027, 56.0860314]]}}, {"type": "Feature", "properties": {"id": 79640865, "highway": "service", "name": "", "ref": "", "oneway": "", "surface": ""}, "geometry": {"type": "LineString", "coordinates": [[60.7380703, 56.0903818], [60.7374113, 56.0909101], [60.737532, 56.0909767], [60.7379729, 56.0912101]]}}, {"type": "Feature", "properties": {"id": 79640867, "highway": "service", "name": "", "ref": "", "oneway": "", "surface": ""}, "geometry": {"type": "LineString", "coordinates": [[60.7368051, 56.0913044], [60.7366756, 56.0911884], [60.7370039, 56.0910582], [60.7371336, 56.0911797]]}}, {"type": "Feature", "properties": {"id": 79640868, "highway": "service", "name": "", "ref": "", "oneway": "", "surface": ""}, "geometry": {"type": "LineString", "coordinates": [[60.7355288, 56.0866989], [60.735803, 56.0865973], [60.7365205, 56.0865769], [60.7364892, 56.0862523], [60.7364363, 56.0862073], [60.7363353, 56.0861853], [60.7359205, 56.0861955], [60.7358218, 56.086225], [60.7357717, 56.0862741], [60.735803, 56.0865973]]}}, {"type": "Feature", "properties": {"id": 79640870, "highway": "service", "name": "", "ref": "", "oneway": "", "surface": ""}, "geometry": {"type": "LineString", "coordinates": [[60.737316, 56.0915091], [60.7370424, 56.0912143]]}}, {"type": "Feature", "properties": {"id": 79819026, "highway": "residential", "name": "", "ref": "", "oneway": "", "surface": "ground"}, "geometry": {"type": "LineString", "coordinates": [[60.7807519, 56.0758635], [60.78088, 56.0757999], [60.7810117, 56.0756768], [60.7817875, 56.0745997], [60.7820973, 56.0741902]]}}, {"type": "Feature", "properties": {"id": 80195338, "highway": "service", "name": "", "ref": "", "oneway": "", "surface": ""}, "geometry": {"type": "LineString", "coordinates": [[60.7223808, 56.0892895], [60.7227445, 56.0892751]]}}, {"type": "Feature", "properties": {"id": 80195339, "highway": "service", "name": "", "ref": "", "oneway": "", "surface": ""}, "geometry": {"type": "LineString", "coordinates": [[60.7418035, 56.0845421], [60.7416099, 56.0828053]]}}, {"type": "Feature", "properties": {"id": 80195341, "highway": "service", "name": "", "ref": "", "oneway": "", "surface": ""}, "geometry": {"type": "LineString", "coordinates": [[60.7324996, 56.0842484], [60.7327224, 56.0842404], [60.7331022, 56.0842267], [60.7331775, 56.08488], [60.7342361, 56.084836]]}}, {"type": "Feature", "properties": {"id": 80195343, "highway": "footway", "name": "", "ref": "", "oneway": "", "surface": ""}, "geometry": {"type": "LineString", "coordinates": [[60.7248347, 56.0869924], [60.7248415, 56.0867017], [60.7256278, 56.0863937], [60.7260257, 56.0860842], [60.7260574, 56.0860595], [60.7262241, 56.0859438], [60.7263413, 56.0858894]]}}, {"type": "Feature", "properties": {"id": 80195344, "highway": "service", "name": "", "ref": "", "oneway": "", "surface": ""}, "geometry": {"type": "LineString", "coordinates": [[60.7357913, 56.0848076], [60.7359937, 56.0848009], [60.7360877, 56.084798]]}}, {"type": "Feature", "properties": {"id": 80195347, "highway": "service", "name": "", "ref": "", "oneway": "", "surface": ""}, "geometry": {"type": "LineString", "coordinates": [[60.7244783, 56.087188], [60.724863, 56.0871552], [60.7253366, 56.087109], [60.7255679, 56.0870954]]}}, {"type": "Feature", "properties": {"id": 80195348, "highway": "service", "name": "", "ref": "", "oneway": "", "surface": ""}, "geometry": {"type": "LineString", "coordinates": [[60.7234585, 56.0872176], [60.7234499, 56.0870628], [60.7234351, 56.0869596], [60.7234132, 56.0868067], [60.7232536, 56.0867457]]}}, {"type": "Feature", "properties": {"id": 80195350, "highway": "footway", "name": "", "ref": "", "oneway": "", "surface": ""}, "geometry": {"type": "LineString", "coordinates": [[60.7368226, 56.0829772], [60.7379094, 56.0836441]]}}, {"type": "Feature", "properties": {"id": 80195354, "highway": "service", "name": "", "ref": "", "oneway": "", "surface": ""}, "geometry": {"type": "LineString", "coordinates": [[60.7413497, 56.0845638], [60.7412693, 56.084007], [60.7412329, 56.0837081]]}}, {"type": "Feature", "properties": {"id": 80195357, "highway": "service", "name": "", "ref": "", "oneway": "", "surface": ""}, "geometry": {"type": "LineString", "coordinates": [[60.7368226, 56.0829772], [60.7368502, 56.0832991], [60.7364882, 56.0833146], [60.7364545, 56.0829321]]}}, {"type": "Feature", "properties": {"id": 80238009, "highway": "service", "name": "", "ref": "", "oneway": "", "surface": ""}, "geometry": {"type": "LineString", "coordinates": [[60.7385041, 56.0870056], [60.7387109, 56.0870748]]}}, {"type": "Feature", "properties": {"id": 80238011, "highway": "service", "name": "", "ref": "", "oneway": "", "surface": ""}, "geometry": {"type": "LineString", "coordinates": [[60.7384566, 56.0870516], [60.7386672, 56.0871182]]}}, {"type": "Feature", "properties": {"id": 80238012, "highway": "service", "name": "", "ref": "", "oneway": "no", "surface": ""}, "geometry": {"type": "LineString", "coordinates": [[60.7318097, 56.085985], [60.7319229, 56.0859831]]}}, {"type": "Feature", "properties": {"id": 80238013, "highway": "service", "name": "", "ref": "", "oneway": "no", "surface": ""}, "geometry": {"type": "LineString", "coordinates": [[60.7316548, 56.0856172], [60.7317019, 56.0856155], [60.7318795, 56.0856091]]}}, {"type": "Feature", "properties": {"id": 80238014, "highway": "service", "name": "", "ref": "", "oneway": "", "surface": ""}, "geometry": {"type": "LineString", "coordinates": [[60.7385112, 56.0872731], [60.7386672, 56.0871182], [60.7387109, 56.0870748], [60.7388577, 56.086929]]}}, {"type": "Feature", "properties": {"id": 80370375, "highway": "service", "name": "", "ref": "", "oneway": "", "surface": ""}, "geometry": {"type": "LineString", "coordinates": [[60.7764729, 56.0655053], [60.7768107, 56.0661495], [60.7768217, 56.0662872], [60.7770794, 56.0669264], [60.7774071, 56.0671504], [60.7775618, 56.0674176], [60.7777863, 56.067917], [60.7778221, 56.0681063]]}}, {"type": "Feature", "properties": {"id": 80370376, "highway": "service", "name": "", "ref": "", "oneway": "", "surface": ""}, "geometry": {"type": "LineString", "coordinates": [[60.7759991, 56.0656724], [60.776275, 56.0662392], [60.7763662, 56.0665357], [60.7765458, 56.0672987], [60.7766109, 56.0674149], [60.776964, 56.0679269], [60.7768264, 56.0680805], [60.776737, 56.0681632]]}}, {"type": "Feature", "properties": {"id": 80370384, "highway": "service", "name": "", "ref": "", "oneway": "", "surface": ""}, "geometry": {"type": "LineString", "coordinates": [[60.7695031, 56.0634798], [60.7717046, 56.0634119], [60.7717159, 56.0635173], [60.7695384, 56.0636152]]}}, {"type": "Feature", "properties": {"id": 80510260, "highway": "tertiary_link", "name": "", "ref": "", "oneway": "yes", "surface": ""}, "geometry": {"type": "LineString", "coordinates": [[60.7213218, 56.0855325], [60.7216143, 56.0856067], [60.7219216, 56.0856778], [60.7221215, 56.0857159]]}}, {"type": "Feature", "properties": {"id": 80510261, "highway": "tertiary_link", "name": "", "ref": "", "oneway": "yes", "surface": ""}, "geometry": {"type": "LineString", "coordinates": [[60.7212896, 56.0858483], [60.7212704, 56.0860871], [60.72127, 56.086244]]}}, {"type": "Feature", "properties": {"id": 80510262, "highway": "tertiary_link", "name": "", "ref": "", "oneway": "yes", "surface": ""}, "geometry": {"type": "LineString", "coordinates": [[60.7221215, 56.0857159], [60.7216364, 56.0857595], [60.7213936, 56.0857813]]}}, {"type": "Feature", "properties": {"id": 80510263, "highway": "tertiary_link", "name": "", "ref": "", "oneway": "yes", "surface": ""}, "geometry": {"type": "LineString", "coordinates": [[60.7207033, 56.0857635], [60.7205635, 56.0856707], [60.7196513, 56.0850185], [60.719274, 56.0847329], [60.7192126, 56.084694], [60.7189852, 56.0845], [60.7189106, 56.0844364], [60.7187968, 56.0842923], [60.7187664, 56.0841743], [60.718768, 56.0840276], [60.7188908, 56.0837719], [60.719351, 56.0830494]]}}, {"type": "Feature", "properties": {"id": 80860301, "highway": "service", "name": "", "ref": "", "oneway": "", "surface": ""}, "geometry": {"type": "LineString", "coordinates": [[60.7332973, 56.0697009], [60.7343565, 56.0696855], [60.7343364, 56.0693583], [60.7342699, 56.0682762]]}}, {"type": "Feature", "properties": {"id": 80860306, "highway": "service", "name": "", "ref": "", "oneway": "", "surface": ""}, "geometry": {"type": "LineString", "coordinates": [[60.74115, 56.0793531], [60.7412595, 56.0801467]]}}, {"type": "Feature", "properties": {"id": 80860354, "highway": "service", "name": "", "ref": "", "oneway": "", "surface": ""}, "geometry": {"type": "LineString", "coordinates": [[60.7343364, 56.0693583], [60.736752, 56.0692377]]}}, {"type": "Feature", "properties": {"id": 80861532, "highway": "service", "name": "", "ref": "", "oneway": "", "surface": ""}, "geometry": {"type": "LineString", "coordinates": [[60.7552818, 56.0776195], [60.7553363, 56.0775924], [60.755318, 56.077351]]}}, {"type": "Feature", "properties": {"id": 80861533, "highway": "service", "name": "", "ref": "", "oneway": "", "surface": ""}, "geometry": {"type": "LineString", "coordinates": [[60.7545839, 56.0774104], [60.7545914, 56.0775465], [60.7548215, 56.0776358], [60.7552818, 56.0776195], [60.7553011, 56.0778958]]}}, {"type": "Feature", "properties": {"id": 81637811, "highway": "service", "name": "", "ref": "", "oneway": "", "surface": ""}, "geometry": {"type": "LineString", "coordinates": [[60.7288635, 56.0917649], [60.7288812, 56.0920025], [60.728904, 56.0921573]]}}, {"type": "Feature", "properties": {"id": 81637812, "highway": "service", "name": "", "ref": "", "oneway": "", "surface": ""}, "geometry": {"type": "LineString", "coordinates": [[60.7165182, 56.0843542], [60.7165413, 56.0850358], [60.7159604, 56.0850505], [60.715999, 56.0857572], [60.7121276, 56.0852668]]}}, {"type": "Feature", "properties": {"id": 81637814, "highway": "service", "name": "", "ref": "", "oneway": "", "surface": ""}, "geometry": {"type": "LineString", "coordinates": [[60.7383892, 56.0913912], [60.7385461, 56.0914572], [60.7383533, 56.0916086], [60.7381842, 56.0915396], [60.7383892, 56.0913912]]}}, {"type": "Feature", "properties": {"id": 81637815, "highway": "service", "name": "", "ref": "", "oneway": "", "surface": ""}, "geometry": {"type": "LineString", "coordinates": [[60.7202755, 56.0921942], [60.7201989, 56.0923043], [60.7199777, 56.0923585], [60.7197505, 56.0923935], [60.7193423, 56.0924012], [60.7192903, 56.0921196], [60.7191139, 56.0920431]]}}, {"type": "Feature", "properties": {"id": 81637816, "highway": "service", "name": "", "ref": "", "oneway": "", "surface": ""}, "geometry": {"type": "LineString", "coordinates": [[60.7429028, 56.0775757], [60.7427309, 56.0775452], [60.7426267, 56.0775359]]}}, {"type": "Feature", "properties": {"id": 81637818, "highway": "service", "name": "", "ref": "", "oneway": "", "surface": ""}, "geometry": {"type": "LineString", "coordinates": [[60.7166123, 56.086037], [60.7175516, 56.085999], [60.7176013, 56.0862555], [60.7180815, 56.0862342]]}}, {"type": "Feature", "properties": {"id": 81637820, "highway": "service", "name": "", "ref": "", "oneway": "", "surface": ""}, "geometry": {"type": "LineString", "coordinates": [[60.740746, 56.07937], [60.7408414, 56.0800944], [60.7408154, 56.0801607]]}}, {"type": "Feature", "properties": {"id": 81637821, "highway": "service", "name": "", "ref": "", "oneway": "", "surface": ""}, "geometry": {"type": "LineString", "coordinates": [[60.75025, 56.0792406], [60.7502199, 56.0786379], [60.7503567, 56.0785874], [60.7508246, 56.0785796], [60.7509283, 56.0786249], [60.7518013, 56.0786108], [60.7519487, 56.078546], [60.7519255, 56.0782626], [60.7519033, 56.0779917], [60.751889, 56.0778376], [60.7518683, 56.0776136]]}}, {"type": "Feature", "properties": {"id": 81637822, "highway": "service", "name": "", "ref": "", "oneway": "", "surface": ""}, "geometry": {"type": "LineString", "coordinates": [[60.7400718, 56.0807187], [60.7402428, 56.080712]]}}, {"type": "Feature", "properties": {"id": 81637823, "highway": "service", "name": "", "ref": "", "oneway": "", "surface": ""}, "geometry": {"type": "LineString", "coordinates": [[60.7519487, 56.078546], [60.7529541, 56.0785075], [60.7529821, 56.0787354]]}}, {"type": "Feature", "properties": {"id": 81637824, "highway": "service", "name": "", "ref": "", "oneway": "", "surface": ""}, "geometry": {"type": "LineString", "coordinates": [[60.7407694, 56.0808689], [60.7406926, 56.0803289], [60.7406702, 56.0801653]]}}, {"type": "Feature", "properties": {"id": 81637826, "highway": "service", "name": "", "ref": "", "oneway": "", "surface": ""}, "geometry": {"type": "LineString", "coordinates": [[60.7402476, 56.0807509], [60.7402428, 56.080712], [60.7401982, 56.0803485], [60.7406926, 56.0803289]]}}, {"type": "Feature", "properties": {"id": 81637827, "highway": "service", "name": "", "ref": "", "oneway": "", "surface": ""}, "geometry": {"type": "LineString", "coordinates": [[60.7384437, 56.0911158], [60.738208, 56.091063]]}}, {"type": "Feature", "properties": {"id": 81637829, "highway": "service", "name": "", "ref": "", "oneway": "", "surface": ""}, "geometry": {"type": "LineString", "coordinates": [[60.7476794, 56.0785053], [60.7488302, 56.0784798], [60.7488578, 56.0787275], [60.7489342, 56.0787611], [60.7490491, 56.078807], [60.7492849, 56.0788049], [60.7494195, 56.0787037], [60.7495144, 56.0786267], [60.7495066, 56.0784775], [60.74962, 56.0784106], [60.7496138, 56.0783376], [60.7495913, 56.0780544]]}}, {"type": "Feature", "properties": {"id": 81637831, "highway": "service", "name": "", "ref": "", "oneway": "", "surface": "asphalt"}, "geometry": {"type": "LineString", "coordinates": [[60.7440209, 56.0763454], [60.744151, 56.0760074]]}}, {"type": "Feature", "properties": {"id": 81637833, "highway": "service", "name": "", "ref": "", "oneway": "", "surface": ""}, "geometry": {"type": "LineString", "coordinates": [[60.7290996, 56.0908316], [60.7299289, 56.090801]]}}, {"type": "Feature", "properties": {"id": 81637834, "highway": "service", "name": "", "ref": "", "oneway": "", "surface": ""}, "geometry": {"type": "LineString", "coordinates": [[60.748629, 56.0794279], [60.7485926, 56.0788639], [60.7476963, 56.0788802]]}}, {"type": "Feature", "properties": {"id": 81637835, "highway": "service", "name": "", "ref": "", "oneway": "", "surface": ""}, "geometry": {"type": "LineString", "coordinates": [[60.7444601, 56.0780363], [60.7450659, 56.0780121], [60.745024, 56.0774442], [60.74443, 56.0774595]]}}, {"type": "Feature", "properties": {"id": 81637837, "highway": "service", "name": "", "ref": "", "oneway": "", "surface": ""}, "geometry": {"type": "LineString", "coordinates": [[60.7273438, 56.0907953], [60.7277711, 56.0907734], [60.7278499, 56.0906409]]}}, {"type": "Feature", "properties": {"id": 81637838, "highway": "service", "name": "", "ref": "", "oneway": "", "surface": "ground"}, "geometry": {"type": "LineString", "coordinates": [[60.7424676, 56.0779708], [60.742563, 56.078986], [60.7420707, 56.0790081], [60.742022, 56.0785492], [60.7419941, 56.0782862], [60.7419628, 56.0779906], [60.7424676, 56.0779708], [60.7425451, 56.0777591], [60.7426267, 56.0775359], [60.7426225, 56.0774292], [60.7426137, 56.0772058], [60.742592, 56.077135], [60.7425365, 56.07702], [60.7423959, 56.0767683], [60.7423747, 56.0766716], [60.7423015, 56.0760396], [60.7422301, 56.0758201], [60.742206, 56.0756321], [60.7421815, 56.0754405], [60.7419912, 56.0741843], [60.7418961, 56.0739652], [60.7418759, 56.0737053], [60.741833, 56.0732047]]}}, {"type": "Feature", "properties": {"id": 81637841, "highway": "service", "name": "", "ref": "", "oneway": "", "surface": ""}, "geometry": {"type": "LineString", "coordinates": [[60.7415162, 56.0808301], [60.7414156, 56.0801418]]}}, {"type": "Feature", "properties": {"id": 81637845, "highway": "service", "name": "", "ref": "", "oneway": "", "surface": ""}, "geometry": {"type": "LineString", "coordinates": [[60.7394896, 56.0809949], [60.740103, 56.0809645], [60.7400718, 56.0807187], [60.7400251, 56.0801857]]}}, {"type": "Feature", "properties": {"id": 81637846, "highway": "service", "name": "", "ref": "", "oneway": "", "surface": ""}, "geometry": {"type": "LineString", "coordinates": [[60.7179557, 56.0857136], [60.7180248, 56.0859996], [60.7180815, 56.0862342], [60.71815, 56.0864302], [60.7182216, 56.0866351], [60.7190232, 56.0866224], [60.7190801, 56.0866499], [60.7207484, 56.0866118], [60.7210851, 56.0865951], [60.7213145, 56.0865847]]}}, {"type": "Feature", "properties": {"id": 81637849, "highway": "service", "name": "", "ref": "", "oneway": "", "surface": ""}, "geometry": {"type": "LineString", "coordinates": [[60.7459507, 56.079286], [60.7468542, 56.0792733], [60.7468444, 56.0790559], [60.7477036, 56.0790438], [60.7476963, 56.0788802], [60.7476794, 56.0785053], [60.7476716, 56.0783322]]}}, {"type": "Feature", "properties": {"id": 82198222, "highway": "tertiary", "name": "улица Широкая", "ref": "", "oneway": "", "surface": ""}, "geometry": {"type": "LineString", "coordinates": [[60.7523316, 56.0645824], [60.7424917, 56.0648363], [60.7409355, 56.0648832], [60.739402, 56.0649291], [60.7378424, 56.0649757], [60.7360854, 56.065058]]}}, {"type": "Feature", "properties": {"id": 82201589, "highway": "service", "name": "", "ref": "", "oneway": "", "surface": ""}, "geometry": {"type": "LineString", "coordinates": [[60.754897, 56.0788151], [60.7549413, 56.0793064], [60.7551129, 56.07937], [60.7551275, 56.0795822], [60.7549792, 56.0796504], [60.7549971, 56.0798656], [60.7551509, 56.0799256], [60.755165, 56.0801615], [60.7550097, 56.0802528], [60.7550301, 56.080426], [60.7551961, 56.0804757], [60.7551985, 56.0807349], [60.7550832, 56.0807928], [60.7550991, 56.0809781], [60.7553193, 56.0811055], [60.7566017, 56.0810816]]}}, {"type": "Feature", "properties": {"id": 83047308, "highway": "service", "name": "", "ref": "", "oneway": "", "surface": ""}, "geometry": {"type": "LineString", "coordinates": [[60.756257, 56.0792538], [60.7562668, 56.0794397]]}}, {"type": "Feature", "properties": {"id": 83047309, "highway": "service", "name": "", "ref": "", "oneway": "", "surface": ""}, "geometry": {"type": "LineString", "coordinates": [[60.7584536, 56.0790983], [60.7591257, 56.0790849], [60.7591417, 56.0790847], [60.7597247, 56.0790779], [60.7598924, 56.0791544]]}}, {"type": "Feature", "properties": {"id": 83047311, "highway": "service", "name": "", "ref": "", "oneway": "", "surface": "paving_stones"}, "geometry": {"type": "LineString", "coordinates": [[60.7601034, 56.0814579], [60.7609399, 56.0814196], [60.7609069, 56.0810593]]}}, {"type": "Feature", "properties": {"id": 83047312, "highway": "service", "name": "", "ref": "", "oneway": "", "surface": ""}, "geometry": {"type": "LineString", "coordinates": [[60.756257, 56.0792538], [60.7562543, 56.0791793], [60.7562391, 56.0788608]]}}, {"type": "Feature", "properties": {"id": 83047315, "highway": "service", "name": "", "ref": "", "oneway": "", "surface": ""}, "geometry": {"type": "LineString", "coordinates": [[60.7528194, 56.0790973], [60.7529623, 56.079084], [60.7534374, 56.0790679], [60.7537012, 56.079042]]}}, {"type": "Feature", "properties": {"id": 83047316, "highway": "service", "name": "", "ref": "", "oneway": "", "surface": ""}, "geometry": {"type": "LineString", "coordinates": [[60.7570893, 56.0794717], [60.7570744, 56.0792345]]}}, {"type": "Feature", "properties": {"id": 83047318, "highway": "service", "name": "", "ref": "", "oneway": "", "surface": ""}, "geometry": {"type": "LineString", "coordinates": [[60.7584727, 56.0787156], [60.7584617, 56.0785582]]}}, {"type": "Feature", "properties": {"id": 83047319, "highway": "service", "name": "", "ref": "", "oneway": "", "surface": ""}, "geometry": {"type": "LineString", "coordinates": [[60.7562543, 56.0791793], [60.7555654, 56.079196]]}}, {"type": "Feature", "properties": {"id": 83047320, "highway": "service", "name": "", "ref": "", "oneway": "", "surface": ""}, "geometry": {"type": "LineString", "coordinates": [[60.7597331, 56.0792667], [60.7597977, 56.0798251], [60.75872, 56.0804519], [60.7587336, 56.0806974], [60.7587306, 56.0807437], [60.758719, 56.0809238], [60.7589798, 56.0811256], [60.7593255, 56.0814252], [60.75938, 56.0814772], [60.7593996, 56.081684], [60.7594117, 56.0818121]]}}, {"type": "Feature", "properties": {"id": 83047321, "highway": "tertiary", "name": "", "ref": "", "oneway": "yes", "surface": ""}, "geometry": {"type": "LineString", "coordinates": [[60.7537012, 56.079042], [60.7539086, 56.0790364]]}}, {"type": "Feature", "properties": {"id": 83047322, "highway": "service", "name": "", "ref": "", "oneway": "", "surface": ""}, "geometry": {"type": "LineString", "coordinates": [[60.7616703, 56.08173], [60.7616595, 56.0816147], [60.7616397, 56.0814019], [60.7616188, 56.0812755], [60.7615912, 56.0810307], [60.7616089, 56.0807333]]}}, {"type": "Feature", "properties": {"id": 83047323, "highway": "service", "name": "", "ref": "", "oneway": "", "surface": ""}, "geometry": {"type": "LineString", "coordinates": [[60.7612739, 56.0810363], [60.7616188, 56.0812755]]}}, {"type": "Feature", "properties": {"id": 83047324, "highway": "service", "name": "", "ref": "", "oneway": "", "surface": ""}, "geometry": {"type": "LineString", "coordinates": [[60.756027, 56.0787806], [60.7562391, 56.0788608], [60.7573469, 56.0788513], [60.757517, 56.0787616], [60.7575386, 56.078289]]}}, {"type": "Feature", "properties": {"id": 83047325, "highway": "tertiary", "name": "проспект Мира", "ref": "", "oneway": "yes", "surface": "asphalt"}, "geometry": {"type": "LineString", "coordinates": [[60.7537012, 56.079042], [60.7536244, 56.0781996], [60.7535985, 56.0779574]]}}, {"type": "Feature", "properties": {"id": 83047326, "highway": "service", "name": "", "ref": "", "oneway": "", "surface": ""}, "geometry": {"type": "LineString", "coordinates": [[60.7591257, 56.0790849], [60.7590958, 56.0786991], [60.7590904, 56.0784326], [60.7589119, 56.0783018]]}}, {"type": "Feature", "properties": {"id": 83047329, "highway": "service", "name": "", "ref": "", "oneway": "", "surface": ""}, "geometry": {"type": "LineString", "coordinates": [[60.7561491, 56.0795296], [60.7561449, 56.0794415], [60.7562668, 56.0794397], [60.7563575, 56.0794384], [60.7563618, 56.0795297]]}}, {"type": "Feature", "properties": {"id": 83047332, "highway": "service", "name": "", "ref": "", "oneway": "", "surface": ""}, "geometry": {"type": "LineString", "coordinates": [[60.7626652, 56.0785947], [60.7625438, 56.0785947], [60.7625272, 56.078155]]}}, {"type": "Feature", "properties": {"id": 83047333, "highway": "service", "name": "", "ref": "", "oneway": "", "surface": ""}, "geometry": {"type": "LineString", "coordinates": [[60.7595911, 56.0786685], [60.7590958, 56.0786991], [60.7584727, 56.0787156], [60.7584769, 56.078855]]}}, {"type": "Feature", "properties": {"id": 83047334, "highway": "service", "name": "", "ref": "", "oneway": "", "surface": ""}, "geometry": {"type": "LineString", "coordinates": [[60.7625034, 56.0781527], [60.7615369, 56.0781787]]}}, {"type": "Feature", "properties": {"id": 83047335, "highway": "service", "name": "", "ref": "", "oneway": "", "surface": "asphalt"}, "geometry": {"type": "LineString", "coordinates": [[60.7615912, 56.0810307], [60.7612739, 56.0810363], [60.7609069, 56.0810593], [60.760542, 56.0810736], [60.7601034, 56.0814579], [60.75938, 56.0814772]]}}, {"type": "Feature", "properties": {"id": 84197828, "highway": "tertiary_link", "name": "", "ref": "", "oneway": "yes", "surface": ""}, "geometry": {"type": "LineString", "coordinates": [[60.7196513, 56.0850185], [60.7195902, 56.0848574], [60.719681, 56.0847778], [60.7198359, 56.0847511], [60.7200461, 56.0847841]]}}, {"type": "Feature", "properties": {"id": 84241273, "highway": "tertiary", "name": "бульвар Свердлова", "ref": "", "oneway": "yes", "surface": "asphalt"}, "geometry": {"type": "LineString", "coordinates": [[60.7322609, 56.087176], [60.7320425, 56.0868394], [60.7319229, 56.0859831], [60.7318795, 56.0856091], [60.7318598, 56.0853175]]}}, {"type": "Feature", "properties": {"id": 84241274, "highway": "tertiary", "name": "", "ref": "", "oneway": "yes", "surface": "asphalt"}, "geometry": {"type": "LineString", "coordinates": [[60.7330742, 56.0872333], [60.732971, 56.0873107], [60.7328128, 56.0873605], [60.7326292, 56.087369], [60.7324636, 56.0873362], [60.7323295, 56.087264], [60.7322609, 56.087176], [60.7322732, 56.0870707], [60.732349, 56.0869857], [60.7324627, 56.086929], [60.7326451, 56.0868949], [60.7328109, 56.0869041], [60.7329456, 56.0869425], [60.7330304, 56.0869905], [60.733091, 56.0870547], [60.733123, 56.0871417], [60.7330742, 56.0872333]]}}, {"type": "Feature", "properties": {"id": 84241275, "highway": "tertiary", "name": "улица Свердлова", "ref": "", "oneway": "yes", "surface": "asphalt"}, "geometry": {"type": "LineString", "coordinates": [[60.7330742, 56.0872333], [60.7329692, 56.0874677], [60.7329742, 56.0875124], [60.732984, 56.0876002], [60.7330689, 56.088361], [60.7331161, 56.0886534], [60.733153, 56.088882], [60.7332441, 56.0894901], [60.733265, 56.0896763], [60.7332816, 56.0898108], [60.7332894, 56.0899032], [60.7333141, 56.0900811], [60.7334175, 56.0908381], [60.7335247, 56.091623], [60.7335592, 56.0918184], [60.7335841, 56.091959]]}}, {"type": "Feature", "properties": {"id": 84757738, "highway": "service", "name": "", "ref": "", "oneway": "", "surface": ""}, "geometry": {"type": "LineString", "coordinates": [[60.7254403, 56.0803698], [60.7265685, 56.0803246]]}}, {"type": "Feature", "properties": {"id": 84757740, "highway": "service", "name": "", "ref": "", "oneway": "", "surface": ""}, "geometry": {"type": "LineString", "coordinates": [[60.7503633, 56.077586], [60.7503863, 56.0777494], [60.7512669, 56.0777265], [60.7515439, 56.0776172], [60.7518683, 56.0776136], [60.7520837, 56.0776062], [60.7521794, 56.0775041], [60.7530633, 56.0774805], [60.7531664, 56.0774001]]}}, {"type": "Feature", "properties": {"id": 84757742, "highway": "service", "name": "", "ref": "", "oneway": "", "surface": "asphalt"}, "geometry": {"type": "LineString", "coordinates": [[60.7429541, 56.0805891], [60.743073, 56.080584], [60.7432191, 56.0805778], [60.7437935, 56.0805534], [60.7439279, 56.0805471], [60.7442287, 56.0805349]]}}, {"type": "Feature", "properties": {"id": 84757743, "highway": "service", "name": "", "ref": "", "oneway": "", "surface": ""}, "geometry": {"type": "LineString", "coordinates": [[60.7711986, 56.0627159], [60.7711642, 56.0618938], [60.7711294, 56.0612958]]}}, {"type": "Feature", "properties": {"id": 84757745, "highway": "service", "name": "", "ref": "", "oneway": "", "surface": ""}, "geometry": {"type": "LineString", "coordinates": [[60.7239601, 56.079935], [60.7238865, 56.0794172]]}}, {"type": "Feature", "properties": {"id": 84757747, "highway": "service", "name": "", "ref": "", "oneway": "", "surface": ""}, "geometry": {"type": "LineString", "coordinates": [[60.7503398, 56.0768201], [60.7503489, 56.0766986], [60.7503628, 56.0765117], [60.7504151, 56.0763939], [60.7503769, 56.0760143], [60.749779, 56.0760258]]}}, {"type": "Feature", "properties": {"id": 84757749, "highway": "service", "name": "", "ref": "", "oneway": "", "surface": ""}, "geometry": {"type": "LineString", "coordinates": [[60.7347665, 56.0803837], [60.7321817, 56.0804839], [60.7320644, 56.0795422]]}}, {"type": "Feature", "properties": {"id": 84757751, "highway": "service", "name": "", "ref": "", "oneway": "", "surface": ""}, "geometry": {"type": "LineString", "coordinates": [[60.751389, 56.0773284], [60.7520207, 56.0773157], [60.7521618, 56.0773129], [60.7521794, 56.0775041]]}}, {"type": "Feature", "properties": {"id": 84757753, "highway": "service", "name": "", "ref": "", "oneway": "", "surface": ""}, "geometry": {"type": "LineString", "coordinates": [[60.716653, 56.0864951], [60.7166123, 56.086037], [60.7165943, 56.0859015], [60.7166307, 56.085802], [60.7167467, 56.0857503], [60.7175723, 56.0857162], [60.7179557, 56.0857136], [60.7179958, 56.085623], [60.7189442, 56.085584], [60.7189967, 56.0858867]]}}, {"type": "Feature", "properties": {"id": 84757756, "highway": "service", "name": "", "ref": "", "oneway": "", "surface": ""}, "geometry": {"type": "LineString", "coordinates": [[60.7441371, 56.0783226], [60.7465515, 56.078276], [60.7469009, 56.0781308], [60.7476728, 56.0781311]]}}, {"type": "Feature", "properties": {"id": 84757757, "highway": "service", "name": "", "ref": "", "oneway": "", "surface": ""}, "geometry": {"type": "LineString", "coordinates": [[60.7361663, 56.0798696], [60.7361512, 56.0797874], [60.7346853, 56.0798382], [60.7346199, 56.0794387], [60.734596, 56.0792201]]}}, {"type": "Feature", "properties": {"id": 84757759, "highway": "service", "name": "", "ref": "", "oneway": "", "surface": ""}, "geometry": {"type": "LineString", "coordinates": [[60.7243796, 56.0797191], [60.7248025, 56.0799225], [60.7248628, 56.0800667]]}}, {"type": "Feature", "properties": {"id": 84757764, "highway": "service", "name": "", "ref": "", "oneway": "", "surface": ""}, "geometry": {"type": "LineString", "coordinates": [[60.7232306, 56.0802408], [60.7244336, 56.080193]]}}, {"type": "Feature", "properties": {"id": 85552196, "highway": "service", "name": "", "ref": "", "oneway": "", "surface": ""}, "geometry": {"type": "LineString", "coordinates": [[60.7358549, 56.0884476], [60.7361306, 56.0881695], [60.7357707, 56.0880531], [60.7357042, 56.0880582], [60.7354418, 56.0879779]]}}, {"type": "Feature", "properties": {"id": 85552197, "highway": "service", "name": "", "ref": "", "oneway": "", "surface": "asphalt"}, "geometry": {"type": "LineString", "coordinates": [[60.7354232, 56.088029], [60.7354418, 56.0879779], [60.7354606, 56.0879292], [60.7357118, 56.0876912], [60.7364362, 56.0879114]]}}, {"type": "Feature", "properties": {"id": 85582535, "highway": "service", "name": "", "ref": "", "oneway": "", "surface": ""}, "geometry": {"type": "LineString", "coordinates": [[60.7480954, 56.0744828], [60.7484862, 56.0745717], [60.7486651, 56.0746047]]}}, {"type": "Feature", "properties": {"id": 85582537, "highway": "service", "name": "", "ref": "", "oneway": "", "surface": ""}, "geometry": {"type": "LineString", "coordinates": [[60.7486941, 56.0748448], [60.7490916, 56.0748339], [60.7490653, 56.0746339], [60.7488656, 56.0746432], [60.7486651, 56.0746047], [60.7486941, 56.0748448]]}}, {"type": "Feature", "properties": {"id": 85582540, "highway": "service", "name": "", "ref": "", "oneway": "", "surface": ""}, "geometry": {"type": "LineString", "coordinates": [[60.7465368, 56.074428], [60.7480851, 56.0743943]]}}, {"type": "Feature", "properties": {"id": 85583516, "highway": "service", "name": "", "ref": "", "oneway": "", "surface": ""}, "geometry": {"type": "LineString", "coordinates": [[60.7523653, 56.0750247], [60.7523463, 56.0747421]]}}, {"type": "Feature", "properties": {"id": 85583517, "highway": "service", "name": "", "ref": "", "oneway": "", "surface": ""}, "geometry": {"type": "LineString", "coordinates": [[60.7512486, 56.0731345], [60.7521688, 56.0731078], [60.7526654, 56.073328], [60.7527891, 56.0733207], [60.75279, 56.0733209], [60.7527468, 56.0730159], [60.7519687, 56.073027], [60.7519597, 56.0729854], [60.7512289, 56.073014], [60.7512486, 56.0731345]]}}, {"type": "Feature", "properties": {"id": 85583518, "highway": "service", "name": "", "ref": "", "oneway": "", "surface": ""}, "geometry": {"type": "LineString", "coordinates": [[60.7514915, 56.0744607], [60.7515085, 56.0746251], [60.7516492, 56.0746217], [60.7516319, 56.0744783], [60.7514915, 56.0744607]]}}, {"type": "Feature", "properties": {"id": 85583520, "highway": "service", "name": "", "ref": "", "oneway": "", "surface": ""}, "geometry": {"type": "LineString", "coordinates": [[60.7513848, 56.0747683], [60.7523463, 56.0747421]]}}, {"type": "Feature", "properties": {"id": 85674493, "highway": "service", "name": "", "ref": "", "oneway": "", "surface": ""}, "geometry": {"type": "LineString", "coordinates": [[60.7295764, 56.0923697], [60.7300383, 56.0923537], [60.7300233, 56.092219], [60.7298014, 56.0922286], [60.7295614, 56.092235], [60.7295764, 56.0923697]]}}, {"type": "Feature", "properties": {"id": 85674494, "highway": "service", "name": "", "ref": "", "oneway": "", "surface": ""}, "geometry": {"type": "LineString", "coordinates": [[60.7318029, 56.0916612], [60.7321288, 56.0916601]]}}, {"type": "Feature", "properties": {"id": 85674496, "highway": "service", "name": "", "ref": "", "oneway": "", "surface": ""}, "geometry": {"type": "LineString", "coordinates": [[60.72599, 56.0918988], [60.7260891, 56.0919441], [60.7261139, 56.0921415], [60.7261283, 56.0922636]]}}, {"type": "Feature", "properties": {"id": 85674498, "highway": "service", "name": "", "ref": "", "oneway": "", "surface": ""}, "geometry": {"type": "LineString", "coordinates": [[60.722631, 56.0913347], [60.7232032, 56.0913123]]}}, {"type": "Feature", "properties": {"id": 85674499, "highway": "service", "name": "", "ref": "", "oneway": "", "surface": ""}, "geometry": {"type": "LineString", "coordinates": [[60.731409, 56.0918942], [60.7314048, 56.0918606], [60.7313578, 56.0914903]]}}, {"type": "Feature", "properties": {"id": 85674500, "highway": "service", "name": "", "ref": "", "oneway": "", "surface": ""}, "geometry": {"type": "LineString", "coordinates": [[60.7323906, 56.0914823], [60.7323657, 56.0912758]]}}, {"type": "Feature", "properties": {"id": 85674504, "highway": "service", "name": "", "ref": "", "oneway": "", "surface": ""}, "geometry": {"type": "LineString", "coordinates": [[60.7204801, 56.0918957], [60.7208779, 56.091887]]}}, {"type": "Feature", "properties": {"id": 85674505, "highway": "service", "name": "", "ref": "", "oneway": "", "surface": ""}, "geometry": {"type": "LineString", "coordinates": [[60.7298014, 56.0922286], [60.7297942, 56.0921189]]}}, {"type": "Feature", "properties": {"id": 85674506, "highway": "service", "name": "", "ref": "", "oneway": "", "surface": ""}, "geometry": {"type": "LineString", "coordinates": [[60.7198508, 56.0919588], [60.7202277, 56.0919534]]}}, {"type": "Feature", "properties": {"id": 85674507, "highway": "service", "name": "", "ref": "", "oneway": "", "surface": "asphalt"}, "geometry": {"type": "LineString", "coordinates": [[60.7225932, 56.0910754], [60.7230823, 56.0910503], [60.7230025, 56.090417], [60.7225061, 56.090437], [60.7225932, 56.0910754]]}}, {"type": "Feature", "properties": {"id": 85674508, "highway": "service", "name": "", "ref": "", "oneway": "", "surface": ""}, "geometry": {"type": "LineString", "coordinates": [[60.7230823, 56.0910503], [60.723175, 56.0910847]]}}, {"type": "Feature", "properties": {"id": 85674509, "highway": "service", "name": "", "ref": "", "oneway": "", "surface": ""}, "geometry": {"type": "LineString", "coordinates": [[60.7232032, 56.0913123], [60.7234634, 56.0913025], [60.7234329, 56.0910751], [60.723175, 56.0910847], [60.7232032, 56.0913123]]}}, {"type": "Feature", "properties": {"id": 85675113, "highway": "service", "name": "", "ref": "", "oneway": "", "surface": ""}, "geometry": {"type": "LineString", "coordinates": [[60.7426469, 56.0836409], [60.7433732, 56.0836111]]}}, {"type": "Feature", "properties": {"id": 90391426, "highway": "residential", "name": "улица Пищерова", "ref": "", "oneway": "yes", "surface": ""}, "geometry": {"type": "LineString", "coordinates": [[60.7272302, 56.0900609], [60.7272378, 56.0901243]]}}, {"type": "Feature", "properties": {"id": 90391427, "highway": "service", "name": "", "ref": "", "oneway": "", "surface": ""}, "geometry": {"type": "LineString", "coordinates": [[60.7202559, 56.0896513], [60.7200232, 56.0894969], [60.7198438, 56.0893555], [60.7197983, 56.0891339]]}}, {"type": "Feature", "properties": {"id": 94696031, "highway": "secondary", "name": "", "ref": "", "oneway": "", "surface": "asphalt"}, "geometry": {"type": "LineString", "coordinates": [[60.7795582, 56.0638327], [60.7809706, 56.0639483], [60.7819534, 56.064104], [60.782743, 56.0642912], [60.7852032, 56.0650716], [60.7871048, 56.0656325], [60.7880023, 56.0658784], [60.7888398, 56.0660529], [60.7897414, 56.0661818], [60.7909741, 56.066398]]}}, {"type": "Feature", "properties": {"id": 97225582, "highway": "service", "name": "", "ref": "", "oneway": "", "surface": ""}, "geometry": {"type": "LineString", "coordinates": [[60.7511987, 56.0733026], [60.7510324, 56.0733086], [60.7508875, 56.0733151]]}}, {"type": "Feature", "properties": {"id": 97225583, "highway": "service", "name": "", "ref": "", "oneway": "", "surface": ""}, "geometry": {"type": "LineString", "coordinates": [[60.7514198, 56.0740617], [60.7509625, 56.0740723]]}}, {"type": "Feature", "properties": {"id": 99572898, "highway": "service", "name": "", "ref": "", "oneway": "", "surface": "asphalt"}, "geometry": {"type": "LineString", "coordinates": [[60.7570644, 56.0816028], [60.7577427, 56.0815823], [60.7582767, 56.0811327], [60.758664, 56.0811211], [60.7589798, 56.0811256]]}}, {"type": "Feature", "properties": {"id": 99572900, "highway": "service", "name": "", "ref": "", "oneway": "", "surface": ""}, "geometry": {"type": "LineString", "coordinates": [[60.7633081, 56.0812788], [60.7636969, 56.081209]]}}, {"type": "Feature", "properties": {"id": 99572910, "highway": "service", "name": "", "ref": "", "oneway": "", "surface": ""}, "geometry": {"type": "LineString", "coordinates": [[60.758719, 56.0809238], [60.758664, 56.0811211]]}}, {"type": "Feature", "properties": {"id": 99572914, "highway": "service", "name": "", "ref": "", "oneway": "", "surface": ""}, "geometry": {"type": "LineString", "coordinates": [[60.7647145, 56.0798673], [60.7647412, 56.0803828]]}}, {"type": "Feature", "properties": {"id": 99572916, "highway": "service", "name": "", "ref": "", "oneway": "", "surface": "asphalt"}, "geometry": {"type": "LineString", "coordinates": [[60.7570958, 56.0822748], [60.7565611, 56.0822872], [60.7565789, 56.0825378], [60.7567455, 56.0826306], [60.7569683, 56.0826277], [60.7571131, 56.0825532], [60.7570958, 56.0822748], [60.7570781, 56.0818925], [60.7570722, 56.0817554], [60.7570667, 56.081629], [60.7570644, 56.0816028], [60.7570466, 56.0814856], [60.7567443, 56.0811978], [60.7566017, 56.0810816], [60.7565335, 56.0810229], [60.7565037, 56.0805768]]}}, {"type": "Feature", "properties": {"id": 99572918, "highway": "service", "name": "", "ref": "", "oneway": "", "surface": "asphalt"}, "geometry": {"type": "LineString", "coordinates": [[60.7616397, 56.0814019], [60.762401, 56.0813806], [60.7632529, 56.0806184], [60.763656, 56.0805979]]}}, {"type": "Feature", "properties": {"id": 99572925, "highway": "service", "name": "", "ref": "", "oneway": "", "surface": ""}, "geometry": {"type": "LineString", "coordinates": [[60.764734, 56.0794873], [60.7634252, 56.0795144], [60.763061, 56.079503], [60.7628236, 56.0795128]]}}, {"type": "Feature", "properties": {"id": 99572927, "highway": "service", "name": "", "ref": "", "oneway": "yes", "surface": ""}, "geometry": {"type": "LineString", "coordinates": [[60.7635011, 56.0803314], [60.7628167, 56.0803556], [60.7623038, 56.0803971], [60.7620097, 56.0807205], [60.7616089, 56.0807333]]}}, {"type": "Feature", "properties": {"id": 99572928, "highway": "service", "name": "", "ref": "", "oneway": "", "surface": ""}, "geometry": {"type": "LineString", "coordinates": [[60.7635671, 56.0791482], [60.7635306, 56.0788295]]}}, {"type": "Feature", "properties": {"id": 99572931, "highway": "service", "name": "", "ref": "", "oneway": "", "surface": ""}, "geometry": {"type": "LineString", "coordinates": [[60.7637283, 56.0808238], [60.7644006, 56.0808069], [60.7644071, 56.080858], [60.7649713, 56.080846]]}}, {"type": "Feature", "properties": {"id": 99572932, "highway": "service", "name": "", "ref": "", "oneway": "", "surface": ""}, "geometry": {"type": "LineString", "coordinates": [[60.7625781, 56.0788544], [60.7635306, 56.0788295], [60.764267, 56.0788198], [60.7644256, 56.0788846], [60.7646954, 56.0788826]]}}, {"type": "Feature", "properties": {"id": 99572934, "highway": "service", "name": "", "ref": "", "oneway": "", "surface": ""}, "geometry": {"type": "LineString", "coordinates": [[60.7636722, 56.080349], [60.7635011, 56.0803314]]}}, {"type": "Feature", "properties": {"id": 102544565, "highway": "residential", "name": "", "ref": "", "oneway": "", "surface": ""}, "geometry": {"type": "LineString", "coordinates": [[60.7824767, 56.0337669], [60.7827329, 56.0339218], [60.7830254, 56.0345209], [60.7831935, 56.0347723], [60.7834391, 56.0354171], [60.7839718, 56.0360197], [60.7844825, 56.0370729]]}}, {"type": "Feature", "properties": {"id": 102544584, "highway": "service", "name": "", "ref": "", "oneway": "", "surface": ""}, "geometry": {"type": "LineString", "coordinates": [[60.7508979, 56.0734397], [60.7507481, 56.0733834], [60.7507481, 56.0732517], [60.7508822, 56.0732517], [60.7508875, 56.0733151], [60.7508979, 56.0734397]]}}, {"type": "Feature", "properties": {"id": 102544587, "highway": "residential", "name": "Садовая улица", "ref": "", "oneway": "", "surface": ""}, "geometry": {"type": "LineString", "coordinates": [[60.7757979, 56.0372949], [60.7756657, 56.0370005], [60.7755365, 56.0367073], [60.7751796, 56.0358972], [60.7737849, 56.0327314], [60.7736201, 56.0323574], [60.773383, 56.0318191], [60.7732915, 56.0316205]]}}, {"type": "Feature", "properties": {"id": 102544590, "highway": "service", "name": "", "ref": "", "oneway": "", "surface": ""}, "geometry": {"type": "LineString", "coordinates": [[60.7508979, 56.0734397], [60.7509625, 56.0740723], [60.751039, 56.0747818], [60.7513848, 56.0747683]]}}, {"type": "Feature", "properties": {"id": 102653307, "highway": "service", "name": "", "ref": "", "oneway": "", "surface": ""}, "geometry": {"type": "LineString", "coordinates": [[60.7241294, 56.0781336], [60.7241491, 56.0783589], [60.7242094, 56.078611]]}}, {"type": "Feature", "properties": {"id": 102653309, "highway": "service", "name": "", "ref": "", "oneway": "", "surface": ""}, "geometry": {"type": "LineString", "coordinates": [[60.7226805, 56.0820132], [60.7227943, 56.0819754], [60.7231027, 56.0819634], [60.7231907, 56.0819202], [60.7240582, 56.0818934], [60.7241517, 56.0819461], [60.7243014, 56.0820327]]}}, {"type": "Feature", "properties": {"id": 102653311, "highway": "service", "name": "", "ref": "", "oneway": "", "surface": ""}, "geometry": {"type": "LineString", "coordinates": [[60.7204672, 56.0783097], [60.7213373, 56.0782919], [60.7215797, 56.0781899], [60.7241294, 56.0781336], [60.7258271, 56.0780924], [60.7258724, 56.0784829], [60.7258804, 56.0785511]]}}, {"type": "Feature", "properties": {"id": 102653317, "highway": "service", "name": "", "ref": "", "oneway": "", "surface": ""}, "geometry": {"type": "LineString", "coordinates": [[60.7222931, 56.0786978], [60.7223142, 56.0788508], [60.7223503, 56.0791115], [60.7223863, 56.0793722], [60.72231, 56.0794783], [60.7223351, 56.0797598], [60.722367, 56.080033]]}}, {"type": "Feature", "properties": {"id": 102653322, "highway": "service", "name": "", "ref": "", "oneway": "", "surface": ""}, "geometry": {"type": "LineString", "coordinates": [[60.7213373, 56.0782919], [60.7214049, 56.078738]]}}, {"type": "Feature", "properties": {"id": 110244729, "highway": "service", "name": "", "ref": "", "oneway": "", "surface": ""}, "geometry": {"type": "LineString", "coordinates": [[60.7450174, 56.081323], [60.7449016, 56.0813276], [60.7446484, 56.0813402], [60.7447398, 56.0819246], [60.7456939, 56.0819357]]}}, {"type": "Feature", "properties": {"id": 110244730, "highway": "service", "name": "", "ref": "", "oneway": "", "surface": ""}, "geometry": {"type": "LineString", "coordinates": [[60.7499154, 56.0808103], [60.7499066, 56.0806897], [60.7495752, 56.0806985], [60.7495815, 56.0808174], [60.7499154, 56.0808103]]}}, {"type": "Feature", "properties": {"id": 110244732, "highway": "service", "name": "", "ref": "", "oneway": "", "surface": ""}, "geometry": {"type": "LineString", "coordinates": [[60.7462679, 56.0814604], [60.7460315, 56.0814388], [60.7458909, 56.081444]]}}, {"type": "Feature", "properties": {"id": 110244733, "highway": "service", "name": "", "ref": "", "oneway": "", "surface": ""}, "geometry": {"type": "LineString", "coordinates": [[60.7478211, 56.0811775], [60.7479842, 56.0810011]]}}, {"type": "Feature", "properties": {"id": 110244734, "highway": "service", "name": "", "ref": "", "oneway": "", "surface": ""}, "geometry": {"type": "LineString", "coordinates": [[60.7498333, 56.0809576], [60.7499208, 56.0808843], [60.7499154, 56.0808103]]}}, {"type": "Feature", "properties": {"id": 110244738, "highway": "service", "name": "", "ref": "", "oneway": "", "surface": ""}, "geometry": {"type": "LineString", "coordinates": [[60.7486374, 56.0809857], [60.7485363, 56.0801381]]}}, {"type": "Feature", "properties": {"id": 110244739, "highway": "service", "name": "", "ref": "", "oneway": "", "surface": ""}, "geometry": {"type": "LineString", "coordinates": [[60.7469982, 56.0810242], [60.7469043, 56.0802426]]}}, {"type": "Feature", "properties": {"id": 110244742, "highway": "service", "name": "", "ref": "", "oneway": "", "surface": ""}, "geometry": {"type": "LineString", "coordinates": [[60.7504025, 56.0811837], [60.7503899, 56.0808753], [60.7508555, 56.0808683], [60.7508656, 56.0811768], [60.7504025, 56.0811837]]}}, {"type": "Feature", "properties": {"id": 110244743, "highway": "service", "name": "", "ref": "", "oneway": "", "surface": ""}, "geometry": {"type": "LineString", "coordinates": [[60.7508175, 56.0811776], [60.7508258, 56.0812034], [60.7508274, 56.0812308], [60.7508299, 56.0814013]]}}, {"type": "Feature", "properties": {"id": 110575939, "highway": "tertiary", "name": "проспект Мира", "ref": "", "oneway": "yes", "surface": "asphalt"}, "geometry": {"type": "LineString", "coordinates": [[60.7533659, 56.0749993], [60.7532644, 56.0740103]]}}, {"type": "Feature", "properties": {"id": 110575944, "highway": "tertiary", "name": "", "ref": "", "oneway": "yes", "surface": ""}, "geometry": {"type": "LineString", "coordinates": [[60.7533659, 56.0749993], [60.7535543, 56.074994]]}}, {"type": "Feature", "properties": {"id": 110575948, "highway": "tertiary", "name": "проспект Мира", "ref": "", "oneway": "yes", "surface": "asphalt"}, "geometry": {"type": "LineString", "coordinates": [[60.7532644, 56.0740103], [60.7531334, 56.0728228], [60.753032, 56.0713562], [60.7529904, 56.0709015], [60.7529401, 56.0703529]]}}, {"type": "Feature", "properties": {"id": 117956182, "highway": "tertiary", "name": "улица 40 лет Октября", "ref": "", "oneway": "", "surface": "asphalt"}, "geometry": {"type": "LineString", "coordinates": [[60.7335841, 56.091959], [60.7330935, 56.0919801], [60.7314241, 56.0920362], [60.7297942, 56.0921189], [60.728904, 56.0921573], [60.7275147, 56.0922045], [60.7261283, 56.0922636], [60.7236226, 56.0923577], [60.722486, 56.0923906], [60.7223428, 56.0923757]]}}, {"type": "Feature", "properties": {"id": 118165443, "highway": "tertiary", "name": "улица Васильева", "ref": "", "oneway": "", "surface": ""}, "geometry": {"type": "LineString", "coordinates": [[60.7272302, 56.0900609], [60.7270404, 56.0900691], [60.7254587, 56.0901266], [60.7253015, 56.0901317], [60.7251317, 56.0901395], [60.7243196, 56.0901713], [60.7227073, 56.0902497], [60.7224757, 56.090259], [60.7220467, 56.0902761], [60.721822, 56.0902863]]}}, {"type": "Feature", "properties": {"id": 118165444, "highway": "tertiary", "name": "улица Дзержинского", "ref": "", "oneway": "", "surface": ""}, "geometry": {"type": "LineString", "coordinates": [[60.7318551, 56.0828896], [60.7323396, 56.0828711], [60.7330665, 56.0828462], [60.7363017, 56.0827292], [60.7368019, 56.0827092], [60.7383969, 56.082639]]}}, {"type": "Feature", "properties": {"id": 118165445, "highway": "tertiary", "name": "улица Феоктистова", "ref": "", "oneway": "", "surface": ""}, "geometry": {"type": "LineString", "coordinates": [[60.7320644, 56.0795422], [60.7331401, 56.0794985], [60.7346199, 56.0794387], [60.7357764, 56.0793919], [60.7379608, 56.0793036]]}}, {"type": "Feature", "properties": {"id": 118165446, "highway": "tertiary", "name": "улица Победы", "ref": "", "oneway": "", "surface": ""}, "geometry": {"type": "LineString", "coordinates": [[60.721822, 56.0902863], [60.7218291, 56.090345], [60.7218901, 56.0908522], [60.7219262, 56.0911051], [60.7219535, 56.0913579], [60.7220416, 56.0921281], [60.7220502, 56.0921712], [60.7221114, 56.0922608], [60.7222079, 56.0923266], [60.7223428, 56.0923757]]}}, {"type": "Feature", "properties": {"id": 122125032, "highway": "service", "name": "", "ref": "", "oneway": "", "surface": ""}, "geometry": {"type": "LineString", "coordinates": [[60.7456499, 56.0758778], [60.7461555, 56.07587]]}}, {"type": "Feature", "properties": {"id": 122125033, "highway": "service", "name": "", "ref": "", "oneway": "", "surface": ""}, "geometry": {"type": "LineString", "coordinates": [[60.7461555, 56.07587], [60.7461305, 56.0756037], [60.7461075, 56.0753547], [60.7460965, 56.0753327], [60.7460489, 56.075237], [60.7460238, 56.0750482], [60.7447458, 56.0750872]]}}, {"type": "Feature", "properties": {"id": 132616803, "highway": "service", "name": "", "ref": "", "oneway": "", "surface": ""}, "geometry": {"type": "LineString", "coordinates": [[60.7714797, 56.0680201], [60.770839, 56.0680453], [60.7708088, 56.0678037], [60.7706906, 56.067614], [60.7706604, 56.0673204], [60.7707409, 56.0671617], [60.7706981, 56.0668132], [60.7707208, 56.0667472], [60.7708189, 56.0666531], [60.7709699, 56.0665744], [60.7711184, 56.0665281], [60.7714452, 56.0665296], [60.7732073, 56.0664719], [60.7732752, 56.0664213], [60.7733533, 56.0662457], [60.7734539, 56.0661824], [60.7741955, 56.0661579], [60.7747046, 56.0661062]]}}, {"type": "Feature", "properties": {"id": 132616806, "highway": "service", "name": "", "ref": "", "oneway": "", "surface": ""}, "geometry": {"type": "LineString", "coordinates": [[60.7660539, 56.0681201], [60.7662473, 56.0682409]]}}, {"type": "Feature", "properties": {"id": 132616807, "highway": "service", "name": "", "ref": "", "oneway": "", "surface": ""}, "geometry": {"type": "LineString", "coordinates": [[60.7734539, 56.0661824], [60.7733522, 56.0658787]]}}, {"type": "Feature", "properties": {"id": 132616809, "highway": "service", "name": "", "ref": "", "oneway": "", "surface": ""}, "geometry": {"type": "LineString", "coordinates": [[60.7660461, 56.0680038], [60.7662648, 56.0678261]]}}, {"type": "Feature", "properties": {"id": 132616811, "highway": "service", "name": "", "ref": "", "oneway": "", "surface": ""}, "geometry": {"type": "LineString", "coordinates": [[60.7706906, 56.067614], [60.7699997, 56.0676423]]}}, {"type": "Feature", "properties": {"id": 132616813, "highway": "service", "name": "", "ref": "", "oneway": "", "surface": ""}, "geometry": {"type": "LineString", "coordinates": [[60.7691127, 56.0680642], [60.7694355, 56.0680626]]}}, {"type": "Feature", "properties": {"id": 132616815, "highway": "service", "name": "", "ref": "", "oneway": "", "surface": ""}, "geometry": {"type": "LineString", "coordinates": [[60.7703835, 56.0663159], [60.7705823, 56.0663061], [60.7711982, 56.0662822]]}}, {"type": "Feature", "properties": {"id": 132616816, "highway": "service", "name": "", "ref": "", "oneway": "", "surface": ""}, "geometry": {"type": "LineString", "coordinates": [[60.7680476, 56.0675823], [60.7682561, 56.067714], [60.76865, 56.0678425], [60.7687201, 56.0679335], [60.7687165, 56.0684064]]}}, {"type": "Feature", "properties": {"id": 132616817, "highway": "service", "name": "", "ref": "", "oneway": "", "surface": ""}, "geometry": {"type": "LineString", "coordinates": [[60.7653209, 56.0682233], [60.7658455, 56.068254], [60.7662473, 56.0682409], [60.7667315, 56.0682252], [60.7670022, 56.0684695]]}}, {"type": "Feature", "properties": {"id": 132616819, "highway": "service", "name": "", "ref": "", "oneway": "", "surface": ""}, "geometry": {"type": "LineString", "coordinates": [[60.7659595, 56.0675582], [60.7659972, 56.0678597], [60.7660461, 56.0680038], [60.7660539, 56.0681201], [60.7658455, 56.068254]]}}, {"type": "Feature", "properties": {"id": 132616823, "highway": "service", "name": "", "ref": "", "oneway": "", "surface": ""}, "geometry": {"type": "LineString", "coordinates": [[60.7652874, 56.067838], [60.7659972, 56.0678597], [60.7661168, 56.0678128], [60.7662648, 56.0678261], [60.7669505, 56.0678875], [60.76865, 56.0678425]]}}, {"type": "Feature", "properties": {"id": 132616825, "highway": "service", "name": "", "ref": "", "oneway": "", "surface": ""}, "geometry": {"type": "LineString", "coordinates": [[60.771024, 56.0659476], [60.7710705, 56.066051], [60.7711334, 56.0661367], [60.7711982, 56.0662822], [60.7712366, 56.0663685], [60.7713549, 56.0664795], [60.7714452, 56.0665296]]}}, {"type": "Feature", "properties": {"id": 132616826, "highway": "service", "name": "", "ref": "", "oneway": "", "surface": ""}, "geometry": {"type": "LineString", "coordinates": [[60.7712366, 56.0663685], [60.7712047, 56.0664253], [60.7711396, 56.0664817], [60.7711184, 56.0665281], [60.7710202, 56.066521], [60.7708994, 56.0664887], [60.7707006, 56.0663932], [60.7705823, 56.0663061]]}}, {"type": "Feature", "properties": {"id": 136443866, "highway": "service", "name": "", "ref": "", "oneway": "yes", "surface": ""}, "geometry": {"type": "LineString", "coordinates": [[60.735608, 56.0588566], [60.7361705, 56.0588307]]}}, {"type": "Feature", "properties": {"id": 136443871, "highway": "service", "name": "", "ref": "", "oneway": "", "surface": ""}, "geometry": {"type": "LineString", "coordinates": [[60.7361999, 56.0590801], [60.7361705, 56.0588307], [60.7361479, 56.0586384]]}}, {"type": "Feature", "properties": {"id": 136443872, "highway": "service", "name": "", "ref": "", "oneway": "", "surface": ""}, "geometry": {"type": "LineString", "coordinates": [[60.7548025, 56.0727716], [60.7548604, 56.0731907], [60.7559787, 56.0731531]]}}, {"type": "Feature", "properties": {"id": 136443873, "highway": "service", "name": "", "ref": "", "oneway": "", "surface": ""}, "geometry": {"type": "LineString", "coordinates": [[60.7541277, 56.0810443], [60.7542542, 56.0810395], [60.7548569, 56.0810166], [60.7548539, 56.0811421], [60.7548683, 56.0812433]]}}, {"type": "Feature", "properties": {"id": 136443875, "highway": "service", "name": "", "ref": "", "oneway": "", "surface": "asphalt"}, "geometry": {"type": "LineString", "coordinates": [[60.7570667, 56.081629], [60.7565784, 56.0816369], [60.7563071, 56.0815524], [60.7562957, 56.081334], [60.7564469, 56.0811937], [60.7567443, 56.0811978]]}}, {"type": "Feature", "properties": {"id": 136443880, "highway": "service", "name": "", "ref": "", "oneway": "", "surface": ""}, "geometry": {"type": "LineString", "coordinates": [[60.735587, 56.0586555], [60.7361479, 56.0586384], [60.7367572, 56.0586198], [60.7368153, 56.0591158], [60.7362986, 56.0591384], [60.7361999, 56.0590801], [60.735634, 56.0591061]]}}, {"type": "Feature", "properties": {"id": 147395947, "highway": "service", "name": "", "ref": "", "oneway": "", "surface": ""}, "geometry": {"type": "LineString", "coordinates": [[60.7318771, 56.0717654], [60.7301908, 56.071778], [60.7299155, 56.0716013], [60.7292091, 56.0715925], [60.7292027, 56.0714182], [60.7318476, 56.0714681], [60.7318771, 56.0717654]]}}, {"type": "Feature", "properties": {"id": 147395950, "highway": "service", "name": "", "ref": "", "oneway": "", "surface": ""}, "geometry": {"type": "LineString", "coordinates": [[60.7318476, 56.0714681], [60.7349542, 56.0714288], [60.7367242, 56.0714224], [60.7370096, 56.0714214], [60.7373135, 56.0714197], [60.7376437, 56.0713822], [60.7386422, 56.0713558]]}}, {"type": "Feature", "properties": {"id": 149029547, "highway": "service", "name": "", "ref": "", "oneway": "", "surface": ""}, "geometry": {"type": "LineString", "coordinates": [[60.7193081, 56.0872357], [60.7208155, 56.0871673]]}}, {"type": "Feature", "properties": {"id": 149029548, "highway": "service", "name": "", "ref": "", "oneway": "", "surface": ""}, "geometry": {"type": "LineString", "coordinates": [[60.7523968, 56.0746595], [60.7523305, 56.0740789], [60.7522782, 56.0735806], [60.7518774, 56.0733788]]}}, {"type": "Feature", "properties": {"id": 150305490, "highway": "residential", "name": "", "ref": "", "oneway": "", "surface": ""}, "geometry": {"type": "LineString", "coordinates": [[60.7153898, 56.0399746], [60.7153858, 56.0398012], [60.7153111, 56.0396806], [60.7151203, 56.0395045], [60.7147386, 56.0394118], [60.7138342, 56.0392357], [60.7132865, 56.0392217], [60.7121829, 56.0392449], [60.7113946, 56.039282], [60.7101002, 56.0393701], [60.7090713, 56.0394118]]}}, {"type": "Feature", "properties": {"id": 150305491, "highway": "service", "name": "", "ref": "", "oneway": "", "surface": ""}, "geometry": {"type": "LineString", "coordinates": [[60.757208, 56.0732664], [60.7573922, 56.0732581], [60.7575841, 56.0732496]]}}, {"type": "Feature", "properties": {"id": 150305496, "highway": "service", "name": "", "ref": "", "oneway": "", "surface": ""}, "geometry": {"type": "LineString", "coordinates": [[60.7576343, 56.0735938], [60.7575841, 56.0732496], [60.757539, 56.0728578]]}}, {"type": "Feature", "properties": {"id": 150661430, "highway": "service", "name": "", "ref": "", "oneway": "", "surface": ""}, "geometry": {"type": "LineString", "coordinates": [[60.7403107, 56.0665462], [60.7411459, 56.0665164]]}}, {"type": "Feature", "properties": {"id": 150661431, "highway": "service", "name": "", "ref": "", "oneway": "", "surface": ""}, "geometry": {"type": "LineString", "coordinates": [[60.7358437, 56.0625095], [60.7371865, 56.0624375]]}}, {"type": "Feature", "properties": {"id": 150661432, "highway": "service", "name": "", "ref": "", "oneway": "", "surface": ""}, "geometry": {"type": "LineString", "coordinates": [[60.7381488, 56.0784436], [60.7381266, 56.0782016], [60.7378366, 56.0782137]]}}, {"type": "Feature", "properties": {"id": 150661433, "highway": "service", "name": "", "ref": "", "oneway": "", "surface": ""}, "geometry": {"type": "LineString", "coordinates": [[60.7359802, 56.0638557], [60.7364507, 56.0638393], [60.7364778, 56.0643181], [60.7360305, 56.0643377]]}}, {"type": "Feature", "properties": {"id": 150661434, "highway": "service", "name": "", "ref": "", "oneway": "", "surface": ""}, "geometry": {"type": "LineString", "coordinates": [[60.7424917, 56.0648363], [60.7425, 56.0649247], [60.7425457, 56.0652185], [60.7427899, 56.0652074], [60.7427615, 56.0650061]]}}, {"type": "Feature", "properties": {"id": 150661435, "highway": "service", "name": "", "ref": "", "oneway": "", "surface": ""}, "geometry": {"type": "LineString", "coordinates": [[60.7398433, 56.0674875], [60.7404397, 56.0674463], [60.7403107, 56.0665462], [60.740292, 56.0664157], [60.7395763, 56.0664474]]}}, {"type": "Feature", "properties": {"id": 150661436, "highway": "service", "name": "", "ref": "", "oneway": "", "surface": ""}, "geometry": {"type": "LineString", "coordinates": [[60.7412293, 56.0673004], [60.7411817, 56.0668534], [60.7411459, 56.0665164], [60.7411236, 56.0663071], [60.7410913, 56.0660033]]}}, {"type": "Feature", "properties": {"id": 150661437, "highway": "service", "name": "", "ref": "", "oneway": "", "surface": ""}, "geometry": {"type": "LineString", "coordinates": [[60.7411817, 56.0668534], [60.742746, 56.0667931], [60.7426835, 56.0663491], [60.7420273, 56.0663745], [60.7419068, 56.0662826], [60.7411236, 56.0663071]]}}, {"type": "Feature", "properties": {"id": 151029306, "highway": "service", "name": "", "ref": "", "oneway": "", "surface": ""}, "geometry": {"type": "LineString", "coordinates": [[60.7345672, 56.0779528], [60.7358251, 56.0779073], [60.7359451, 56.0782047], [60.7361152, 56.0791998], [60.7357579, 56.0791719], [60.734596, 56.0792201], [60.7331076, 56.0792818], [60.7314566, 56.0793557], [60.7301741, 56.0794131], [60.729209, 56.0794318], [60.7290708, 56.079532]]}}, {"type": "Feature", "properties": {"id": 151029307, "highway": "service", "name": "", "ref": "", "oneway": "", "surface": ""}, "geometry": {"type": "LineString", "coordinates": [[60.7331076, 56.0792818], [60.7331401, 56.0794985]]}}, {"type": "Feature", "properties": {"id": 151029308, "highway": "service", "name": "", "ref": "", "oneway": "", "surface": ""}, "geometry": {"type": "LineString", "coordinates": [[60.7327088, 56.0758459], [60.7338758, 56.07581]]}}, {"type": "Feature", "properties": {"id": 151029309, "highway": "service", "name": "", "ref": "", "oneway": "", "surface": ""}, "geometry": {"type": "LineString", "coordinates": [[60.7203536, 56.0772545], [60.7204672, 56.0783097]]}}, {"type": "Feature", "properties": {"id": 151029310, "highway": "service", "name": "", "ref": "", "oneway": "", "surface": ""}, "geometry": {"type": "LineString", "coordinates": [[60.7327879, 56.0760637], [60.7338758, 56.0760297]]}}, {"type": "Feature", "properties": {"id": 151029311, "highway": "service", "name": "", "ref": "", "oneway": "", "surface": ""}, "geometry": {"type": "LineString", "coordinates": [[60.7302015, 56.0796178], [60.7301741, 56.0794131]]}}, {"type": "Feature", "properties": {"id": 151029312, "highway": "service", "name": "", "ref": "", "oneway": "", "surface": ""}, "geometry": {"type": "LineString", "coordinates": [[60.7357764, 56.0793919], [60.7357579, 56.0791719]]}}, {"type": "Feature", "properties": {"id": 151029313, "highway": "service", "name": "", "ref": "", "oneway": "", "surface": ""}, "geometry": {"type": "LineString", "coordinates": [[60.7361152, 56.0791998], [60.7365238, 56.0791833], [60.736399, 56.0782294], [60.735578, 56.0775515], [60.7344617, 56.0770231], [60.7344209, 56.0769749], [60.7343945, 56.0769099], [60.7343657, 56.0766668], [60.7343453, 56.0766138], [60.7342901, 56.0765743], [60.7342192, 56.0765536], [60.7335879, 56.0764779], [60.7333526, 56.0764363], [60.7331366, 56.0763774], [60.7329805, 56.0763258], [60.7329025, 56.076301], [60.7328316, 56.0762628], [60.7327879, 56.0760637], [60.7327088, 56.0758459], [60.732497, 56.0755144], [60.7322594, 56.075251], [60.7321236, 56.0750692], [60.7321032, 56.0749252], [60.7321367, 56.0745433]]}}, {"type": "Feature", "properties": {"id": 151029314, "highway": "service", "name": "", "ref": "", "oneway": "", "surface": ""}, "geometry": {"type": "LineString", "coordinates": [[60.7219893, 56.07843], [60.7240602, 56.0783598], [60.7241491, 56.0783589]]}}, {"type": "Feature", "properties": {"id": 151029315, "highway": "service", "name": "", "ref": "", "oneway": "", "surface": ""}, "geometry": {"type": "LineString", "coordinates": [[60.7314742, 56.079566], [60.7314566, 56.0793557], [60.7312655, 56.0778914]]}}, {"type": "Feature", "properties": {"id": 151029316, "highway": "service", "name": "", "ref": "", "oneway": "", "surface": "ground"}, "geometry": {"type": "LineString", "coordinates": [[60.7188757, 56.0754236], [60.7195897, 56.0754099], [60.7202955, 56.0753751], [60.7207036, 56.0753938], [60.7210589, 56.075493], [60.7216782, 56.0756913], [60.7223696, 56.0759297], [60.7225953, 56.0760074], [60.7228401, 56.0760825], [60.7234211, 56.0761521], [60.7240116, 56.0762218], [60.7244389, 56.0762111], [60.7248326, 56.0762781], [60.7251543, 56.0763558], [60.7255, 56.0764549], [60.7257929, 56.0764844], [60.7260473, 56.0764817], [60.7265035, 56.0764067], [60.7270172, 56.0763504], [60.7275837, 56.0763477], [60.7283087, 56.0763665], [60.7288945, 56.0763692], [60.729461, 56.0763719], [60.7298355, 56.0763826], [60.730599, 56.0763796], [60.7312086, 56.0763772], [60.73202, 56.0763638], [60.7323622, 56.0763365], [60.7325578, 56.0763209], [60.7328316, 56.0762628]]}}, {"type": "Feature", "properties": {"id": 151029317, "highway": "service", "name": "", "ref": "", "oneway": "", "surface": ""}, "geometry": {"type": "LineString", "coordinates": [[60.730599, 56.0763796], [60.7305797, 56.0762566], [60.7321689, 56.0762138], [60.7323622, 56.0763365]]}}, {"type": "Feature", "properties": {"id": 151029318, "highway": "service", "name": "", "ref": "", "oneway": "", "surface": ""}, "geometry": {"type": "LineString", "coordinates": [[60.7258724, 56.0784829], [60.7261507, 56.0784682], [60.7264964, 56.0785245], [60.7266638, 56.0785922]]}}, {"type": "Feature", "properties": {"id": 151029319, "highway": "service", "name": "", "ref": "", "oneway": "", "surface": ""}, "geometry": {"type": "LineString", "coordinates": [[60.7327955, 56.0745], [60.7328003, 56.0746711], [60.7331751, 56.0746525], [60.7332279, 56.0745068]]}}, {"type": "Feature", "properties": {"id": 151029320, "highway": "service", "name": "", "ref": "", "oneway": "", "surface": ""}, "geometry": {"type": "LineString", "coordinates": [[60.7266843, 56.078068], [60.7294868, 56.0779462], [60.7312655, 56.0778914], [60.7343665, 56.0777846], [60.7342561, 56.0768636], [60.7342426, 56.076811], [60.7335184, 56.076835]]}}, {"type": "Feature", "properties": {"id": 151029321, "highway": "service", "name": "", "ref": "", "oneway": "", "surface": ""}, "geometry": {"type": "LineString", "coordinates": [[60.7265904, 56.078651], [60.7266638, 56.0785922], [60.7267222, 56.0785454], [60.7266843, 56.078068], [60.726366, 56.0780801], [60.7262316, 56.0768771], [60.7293763, 56.0767645], [60.7294868, 56.0779462]]}}, {"type": "Feature", "properties": {"id": 151032708, "highway": "service", "name": "", "ref": "", "oneway": "", "surface": ""}, "geometry": {"type": "LineString", "coordinates": [[60.7723255, 56.0586941], [60.7737321, 56.0586002]]}}, {"type": "Feature", "properties": {"id": 151032714, "highway": "service", "name": "", "ref": "", "oneway": "", "surface": ""}, "geometry": {"type": "LineString", "coordinates": [[60.7800018, 56.0494817], [60.7800491, 56.0499625]]}}, {"type": "Feature", "properties": {"id": 151032715, "highway": "service", "name": "", "ref": "", "oneway": "", "surface": ""}, "geometry": {"type": "LineString", "coordinates": [[60.7738779, 56.054013], [60.7738252, 56.0536632], [60.7738426, 56.0533962], [60.7738658, 56.0530309], [60.7740148, 56.0526742]]}}, {"type": "Feature", "properties": {"id": 151032717, "highway": "service", "name": "", "ref": "", "oneway": "", "surface": ""}, "geometry": {"type": "LineString", "coordinates": [[60.7758383, 56.048679], [60.7758837, 56.0494429], [60.7760272, 56.0495695], [60.7762313, 56.0496201], [60.7764451, 56.0496101]]}}, {"type": "Feature", "properties": {"id": 151032723, "highway": "service", "name": "", "ref": "", "oneway": "", "surface": ""}, "geometry": {"type": "LineString", "coordinates": [[60.7790705, 56.0511334], [60.7815876, 56.0510373], [60.7818171, 56.0509528], [60.7816971, 56.0495111], [60.7815303, 56.0494266], [60.7800018, 56.0494817], [60.7764451, 56.0496101], [60.7765808, 56.0507519]]}}, {"type": "Feature", "properties": {"id": 158623425, "highway": "service", "name": "", "ref": "", "oneway": "", "surface": ""}, "geometry": {"type": "LineString", "coordinates": [[60.7383892, 56.0913912], [60.7386442, 56.0912067]]}}, {"type": "Feature", "properties": {"id": 158623426, "highway": "service", "name": "", "ref": "", "oneway": "", "surface": ""}, "geometry": {"type": "LineString", "coordinates": [[60.7386442, 56.0912067], [60.7389295, 56.0910003], [60.7387414, 56.0909166], [60.7384437, 56.0911158], [60.7386442, 56.0912067]]}}, {"type": "Feature", "properties": {"id": 164473543, "highway": "service", "name": "", "ref": "", "oneway": "", "surface": ""}, "geometry": {"type": "LineString", "coordinates": [[60.7514294, 56.0741152], [60.7514198, 56.0740617], [60.7513002, 56.0733969], [60.7511987, 56.0733026], [60.7511873, 56.0732239], [60.7511826, 56.0731375], [60.751142, 56.0728861]]}}, {"type": "Feature", "properties": {"id": 164473544, "highway": "service", "name": "", "ref": "", "oneway": "", "surface": ""}, "geometry": {"type": "LineString", "coordinates": [[60.7514294, 56.0741152], [60.7523305, 56.0740789], [60.7528655, 56.0740173], [60.7530555, 56.074014], [60.7532644, 56.0740103]]}}, {"type": "Feature", "properties": {"id": 167994625, "highway": "service", "name": "", "ref": "", "oneway": "", "surface": ""}, "geometry": {"type": "LineString", "coordinates": [[60.7534182, 56.0756687], [60.7531973, 56.075675], [60.7531175, 56.0756753]]}}, {"type": "Feature", "properties": {"id": 170571554, "highway": "residential", "name": "", "ref": "", "oneway": "", "surface": ""}, "geometry": {"type": "LineString", "coordinates": [[60.8036597, 56.069427], [60.8048109, 56.0696983], [60.8052245, 56.0700137], [60.8056962, 56.0701686]]}}, {"type": "Feature", "properties": {"id": 170571555, "highway": "residential", "name": "", "ref": "", "oneway": "", "surface": ""}, "geometry": {"type": "LineString", "coordinates": [[60.8056545, 56.0702527], [60.8070011, 56.0705144], [60.8068671, 56.0707875], [60.8077083, 56.0708884]]}}, {"type": "Feature", "properties": {"id": 170571556, "highway": "residential", "name": "", "ref": "", "oneway": "", "surface": "unpaved"}, "geometry": {"type": "LineString", "coordinates": [[60.8045304, 56.0687597], [60.8038008, 56.0685621], [60.8034203, 56.0689911], [60.8033372, 56.069126], [60.8036597, 56.069427], [60.803718, 56.0695563]]}}, {"type": "Feature", "properties": {"id": 170571557, "highway": "residential", "name": "", "ref": "", "oneway": "", "surface": ""}, "geometry": {"type": "LineString", "coordinates": [[60.8058069, 56.0699454], [60.8071234, 56.0703128], [60.8076885, 56.0704949], [60.8077758, 56.0705794]]}}, {"type": "Feature", "properties": {"id": 170571558, "highway": "residential", "name": "", "ref": "", "oneway": "", "surface": ""}, "geometry": {"type": "LineString", "coordinates": [[60.8023078, 56.0691264], [60.8023175, 56.0692883], [60.802339, 56.0696479], [60.8017816, 56.0709694], [60.7986112, 56.071171], [60.7985838, 56.0707151], [60.7985717, 56.0705137]]}}, {"type": "Feature", "properties": {"id": 170571559, "highway": "residential", "name": "Солнечная улица", "ref": "", "oneway": "", "surface": ""}, "geometry": {"type": "LineString", "coordinates": [[60.8033372, 56.069126], [60.8023078, 56.0691264], [60.8015489, 56.069591], [60.8011528, 56.0699389], [60.800978, 56.0704559], [60.8007159, 56.0705242], [60.7985838, 56.0707151]]}}, {"type": "Feature", "properties": {"id": 170571560, "highway": "residential", "name": "Июльская улица", "ref": "", "oneway": "", "surface": "ground"}, "geometry": {"type": "LineString", "coordinates": [[60.8059211, 56.0697152], [60.8058069, 56.0699454], [60.8056962, 56.0701686], [60.8056545, 56.0702527], [60.8053585, 56.0708493], [60.8052478, 56.0712427], [60.8052944, 56.0714053], [60.8051954, 56.0716199], [60.8058594, 56.0717694]]}}, {"type": "Feature", "properties": {"id": 172303760, "highway": "track", "name": "", "ref": "", "oneway": "", "surface": "ground"}, "geometry": {"type": "LineString", "coordinates": [[60.7884304, 56.0952863], [60.7882735, 56.0953992]]}}, {"type": "Feature", "properties": {"id": 172303767, "highway": "track", "name": "", "ref": "", "oneway": "", "surface": "ground"}, "geometry": {"type": "LineString", "coordinates": [[60.7854458, 56.0930761], [60.7862073, 56.093647], [60.7882735, 56.0953992], [60.7894377, 56.0965339], [60.7917513, 56.0991203], [60.7924546, 56.1000889], [60.7925949, 56.100356], [60.7926375, 56.1004545], [60.7926792, 56.1006167], [60.7926986, 56.1007293], [60.7927729, 56.1009055], [60.7928123, 56.1009855], [60.7928593, 56.1010432], [60.7929352, 56.1011074], [60.7930714, 56.1011956]]}}, {"type": "Feature", "properties": {"id": 172303796, "highway": "service", "name": "", "ref": "", "oneway": "", "surface": "ground"}, "geometry": {"type": "LineString", "coordinates": [[60.785814, 56.0854106], [60.7861434, 56.0855711]]}}, {"type": "Feature", "properties": {"id": 174150985, "highway": "service", "name": "", "ref": "", "oneway": "", "surface": ""}, "geometry": {"type": "LineString", "coordinates": [[60.7408613, 56.0783265], [60.7419941, 56.0782862]]}}, {"type": "Feature", "properties": {"id": 174150986, "highway": "service", "name": "", "ref": "", "oneway": "", "surface": ""}, "geometry": {"type": "LineString", "coordinates": [[60.7437138, 56.0797598], [60.7437089, 56.0797091], [60.7437041, 56.0796601]]}}, {"type": "Feature", "properties": {"id": 174150987, "highway": "service", "name": "", "ref": "", "oneway": "", "surface": "asphalt"}, "geometry": {"type": "LineString", "coordinates": [[60.7438418, 56.0786084], [60.7430722, 56.0786422], [60.7430113, 56.0786437], [60.7426963, 56.0786514]]}}, {"type": "Feature", "properties": {"id": 174150988, "highway": "service", "name": "", "ref": "", "oneway": "", "surface": ""}, "geometry": {"type": "LineString", "coordinates": [[60.7449908, 56.0745924], [60.7461243, 56.0745554]]}}, {"type": "Feature", "properties": {"id": 174150989, "highway": "service", "name": "", "ref": "", "oneway": "", "surface": ""}, "geometry": {"type": "LineString", "coordinates": [[60.7437138, 56.0797598], [60.743789, 56.0805112], [60.7437935, 56.0805534]]}}, {"type": "Feature", "properties": {"id": 174150990, "highway": "service", "name": "", "ref": "", "oneway": "", "surface": ""}, "geometry": {"type": "LineString", "coordinates": [[60.7408744, 56.078591], [60.742022, 56.0785492]]}}, {"type": "Feature", "properties": {"id": 174150991, "highway": "service", "name": "", "ref": "", "oneway": "", "surface": ""}, "geometry": {"type": "LineString", "coordinates": [[60.7438418, 56.0786084], [60.7444506, 56.078592]]}}, {"type": "Feature", "properties": {"id": 174150992, "highway": "service", "name": "", "ref": "", "oneway": "", "surface": ""}, "geometry": {"type": "LineString", "coordinates": [[60.7419628, 56.0779906], [60.7408711, 56.0780347]]}}, {"type": "Feature", "properties": {"id": 174150993, "highway": "service", "name": "", "ref": "", "oneway": "", "surface": ""}, "geometry": {"type": "LineString", "coordinates": [[60.7411096, 56.0768607], [60.7409302, 56.0754257]]}}, {"type": "Feature", "properties": {"id": 174150994, "highway": "service", "name": "", "ref": "", "oneway": "", "surface": ""}, "geometry": {"type": "LineString", "coordinates": [[60.7428243, 56.0796948], [60.7429002, 56.0796918], [60.7437041, 56.0796601], [60.7451763, 56.0795992], [60.7453821, 56.0796876], [60.7454303, 56.0797415], [60.7454518, 56.0800588], [60.7454923, 56.0804878], [60.7442287, 56.0805349]]}}, {"type": "Feature", "properties": {"id": 174150995, "highway": "service", "name": "", "ref": "", "oneway": "", "surface": "asphalt"}, "geometry": {"type": "LineString", "coordinates": [[60.7435829, 56.0820074], [60.7436368, 56.0820049], [60.7437626, 56.0819986], [60.7438836, 56.0819928], [60.7438107, 56.0815046], [60.7433233, 56.0815274], [60.7433625, 56.0817882], [60.7433967, 56.0820161], [60.7435829, 56.0820074]]}}, {"type": "Feature", "properties": {"id": 174268795, "highway": "service", "name": "", "ref": "", "oneway": "", "surface": ""}, "geometry": {"type": "LineString", "coordinates": [[60.7149465, 56.0629785], [60.7173185, 56.0629239], [60.7173726, 56.0634472], [60.7174276, 56.0639785], [60.717528, 56.0645136]]}}, {"type": "Feature", "properties": {"id": 174268796, "highway": "service", "name": "", "ref": "", "oneway": "", "surface": ""}, "geometry": {"type": "LineString", "coordinates": [[60.7167347, 56.0568848], [60.7168239, 56.0577933], [60.716924, 56.0587759], [60.7169288, 56.058823], [60.7169884, 56.0594079], [60.7171088, 56.0603929], [60.7171183, 56.0605077], [60.7171449, 56.0608608], [60.7171477, 56.0608936], [60.717251, 56.0621092], [60.7172708, 56.0625047], [60.7172778, 56.062646], [60.7173094, 56.062802], [60.7173185, 56.0629239]]}}, {"type": "Feature", "properties": {"id": 174268797, "highway": "service", "name": "", "ref": "", "oneway": "", "surface": ""}, "geometry": {"type": "LineString", "coordinates": [[60.7173185, 56.0629239], [60.7198302, 56.0628379], [60.7222168, 56.0627482], [60.7260035, 56.0626259], [60.7262932, 56.0626154], [60.7264187, 56.0625849], [60.7264783, 56.0625241], [60.7264885, 56.0624426], [60.7264322, 56.0618047], [60.7275914, 56.0617634], [60.7277545, 56.0617343], [60.7278081, 56.0616984], [60.727851, 56.0616265], [60.727851, 56.0615367], [60.7277437, 56.0604285], [60.7277008, 56.0602967], [60.727615, 56.0602009], [60.7274433, 56.060117], [60.7272395, 56.0600751], [60.7269283, 56.0600811], [60.7264499, 56.0600963], [60.7246268, 56.0601542], [60.7239975, 56.0601742], [60.7223285, 56.0602272], [60.7220012, 56.0602376], [60.7214719, 56.0602544], [60.7198765, 56.060305], [60.7193936, 56.0603204], [60.7174743, 56.0603813], [60.7171088, 56.0603929], [60.7168815, 56.0603998], [60.7128175, 56.0605234], [60.7126815, 56.0605313], [60.7125946, 56.0605363], [60.7124734, 56.060597], [60.7124606, 56.060674], [60.7125088, 56.0612372]]}}, {"type": "Feature", "properties": {"id": 174268799, "highway": "service", "name": "", "ref": "", "oneway": "", "surface": ""}, "geometry": {"type": "LineString", "coordinates": [[60.7222044, 56.0626396], [60.7220117, 56.0603616], [60.7220012, 56.0602376], [60.7219308, 56.059252], [60.7217772, 56.0577597], [60.7217676, 56.0576662]]}}, {"type": "Feature", "properties": {"id": 174268800, "highway": "service", "name": "", "ref": "", "oneway": "", "surface": ""}, "geometry": {"type": "LineString", "coordinates": [[60.7168239, 56.0577933], [60.7172199, 56.0577856], [60.7192785, 56.0577354], [60.7217676, 56.0576662], [60.7235998, 56.0576095], [60.7266888, 56.0575167], [60.730086, 56.0574147], [60.7308681, 56.0573768]]}}, {"type": "Feature", "properties": {"id": 175301380, "highway": "path", "name": "", "ref": "", "oneway": "", "surface": "asphalt"}, "geometry": {"type": "LineString", "coordinates": [[60.7443653, 56.0848877], [60.7444453, 56.0848971], [60.7445255, 56.0849065], [60.7450465, 56.0848171], [60.7452406, 56.0847529], [60.7454472, 56.0846845], [60.7466803, 56.0844907], [60.7471848, 56.0844114], [60.7478982, 56.0844188], [60.7494535, 56.0844263], [60.7536118, 56.0848082]]}}, {"type": "Feature", "properties": {"id": 175301381, "highway": "service", "name": "", "ref": "", "oneway": "", "surface": ""}, "geometry": {"type": "LineString", "coordinates": [[60.6871729, 56.0706942], [60.6871429, 56.0712042], [60.6871276, 56.0714637], [60.6871202, 56.0715882], [60.6872579, 56.0716718], [60.6877843, 56.0716804], [60.6882598, 56.0716881], [60.6886424, 56.0716944], [60.6887866, 56.0717321], [60.6891719, 56.0717662], [60.6900714, 56.0717697], [60.6901058, 56.0712577], [60.6901404, 56.070758], [60.6901726, 56.0702437]]}}, {"type": "Feature", "properties": {"id": 175301382, "highway": "service", "name": "", "ref": "", "oneway": "", "surface": "asphalt"}, "geometry": {"type": "LineString", "coordinates": [[60.7647257, 56.0812136], [60.7648697, 56.0812912]]}}, {"type": "Feature", "properties": {"id": 175301383, "highway": "steps", "name": "", "ref": "", "oneway": "", "surface": "asphalt"}, "geometry": {"type": "LineString", "coordinates": [[60.7442947, 56.0845452], [60.7442416, 56.084568]]}}, {"type": "Feature", "properties": {"id": 175301385, "highway": "steps", "name": "", "ref": "", "oneway": "", "surface": "asphalt"}, "geometry": {"type": "LineString", "coordinates": [[60.7442379, 56.0848727], [60.74427, 56.0848765]]}}, {"type": "Feature", "properties": {"id": 175301386, "highway": "service", "name": "", "ref": "", "oneway": "", "surface": ""}, "geometry": {"type": "LineString", "coordinates": [[60.7421737, 56.0770124], [60.7408469, 56.0770635]]}}, {"type": "Feature", "properties": {"id": 175301387, "highway": "service", "name": "", "ref": "", "oneway": "", "surface": ""}, "geometry": {"type": "LineString", "coordinates": [[60.7408424, 56.0772647], [60.7421921, 56.0772168]]}}, {"type": "Feature", "properties": {"id": 175301388, "highway": "service", "name": "", "ref": "", "oneway": "", "surface": ""}, "geometry": {"type": "LineString", "coordinates": [[60.7365909, 56.0678801], [60.7336901, 56.0679361]]}}, {"type": "Feature", "properties": {"id": 175301389, "highway": "service", "name": "", "ref": "", "oneway": "", "surface": ""}, "geometry": {"type": "LineString", "coordinates": [[60.7425451, 56.0777591], [60.7408266, 56.0778222]]}}, {"type": "Feature", "properties": {"id": 175301390, "highway": "service", "name": "", "ref": "", "oneway": "", "surface": ""}, "geometry": {"type": "LineString", "coordinates": [[60.733022, 56.0860537], [60.7330768, 56.0865742]]}}, {"type": "Feature", "properties": {"id": 175301391, "highway": "service", "name": "", "ref": "", "oneway": "", "surface": ""}, "geometry": {"type": "LineString", "coordinates": [[60.7420245, 56.0756308], [60.742206, 56.0756321]]}}, {"type": "Feature", "properties": {"id": 175301392, "highway": "footway", "name": "", "ref": "", "oneway": "", "surface": ""}, "geometry": {"type": "LineString", "coordinates": [[60.687831, 56.0709576], [60.6882952, 56.0709667]]}}, {"type": "Feature", "properties": {"id": 175301393, "highway": "footway", "name": "", "ref": "", "oneway": "", "surface": ""}, "geometry": {"type": "LineString", "coordinates": [[60.6910331, 56.0707616], [60.6910561, 56.0702548]]}}, {"type": "Feature", "properties": {"id": 175301394, "highway": "footway", "name": "", "ref": "", "oneway": "", "surface": "asphalt"}, "geometry": {"type": "LineString", "coordinates": [[60.7451537, 56.0846865], [60.7457068, 56.0845001]]}}, {"type": "Feature", "properties": {"id": 175301395, "highway": "footway", "name": "", "ref": "", "oneway": "", "surface": "asphalt"}, "geometry": {"type": "LineString", "coordinates": [[60.7441935, 56.0845887], [60.7440842, 56.0846355]]}}, {"type": "Feature", "properties": {"id": 175301396, "highway": "footway", "name": "", "ref": "", "oneway": "", "surface": "asphalt"}, "geometry": {"type": "LineString", "coordinates": [[60.7441448, 56.0848618], [60.7442379, 56.0848727]]}}, {"type": "Feature", "properties": {"id": 175301398, "highway": "footway", "name": "", "ref": "", "oneway": "", "surface": "asphalt"}, "geometry": {"type": "LineString", "coordinates": [[60.7444453, 56.0848971], [60.7443385, 56.0850581]]}}, {"type": "Feature", "properties": {"id": 175301399, "highway": "service", "name": "", "ref": "", "oneway": "", "surface": ""}, "geometry": {"type": "LineString", "coordinates": [[60.7426137, 56.0772058], [60.7425116, 56.0760913]]}}, {"type": "Feature", "properties": {"id": 175301400, "highway": "service", "name": "", "ref": "", "oneway": "", "surface": ""}, "geometry": {"type": "LineString", "coordinates": [[60.7408493, 56.0768696], [60.7411096, 56.0768607], [60.7421795, 56.0768288]]}}, {"type": "Feature", "properties": {"id": 175301401, "highway": "service", "name": "", "ref": "", "oneway": "", "surface": ""}, "geometry": {"type": "LineString", "coordinates": [[60.7418178, 56.0765307], [60.7416662, 56.0753564], [60.7414599, 56.0738356]]}}, {"type": "Feature", "properties": {"id": 175301402, "highway": "service", "name": "", "ref": "", "oneway": "", "surface": ""}, "geometry": {"type": "LineString", "coordinates": [[60.7368192, 56.080288], [60.7360538, 56.0803194], [60.7350226, 56.0803618], [60.7349653, 56.0799896]]}}, {"type": "Feature", "properties": {"id": 175301403, "highway": "footway", "name": "", "ref": "", "oneway": "", "surface": "asphalt"}, "geometry": {"type": "LineString", "coordinates": [[60.7452406, 56.0847529], [60.7451537, 56.0846865], [60.7447259, 56.0843603]]}}, {"type": "Feature", "properties": {"id": 175301404, "highway": "footway", "name": "", "ref": "", "oneway": "", "surface": ""}, "geometry": {"type": "LineString", "coordinates": [[60.6871276, 56.0714637], [60.6877976, 56.0714741], [60.6882699, 56.0714813]]}}, {"type": "Feature", "properties": {"id": 175301405, "highway": "service", "name": "", "ref": "", "oneway": "", "surface": ""}, "geometry": {"type": "LineString", "coordinates": [[60.6859205, 56.0706533], [60.6868631, 56.0706736], [60.6868755, 56.0702283], [60.6859355, 56.070238], [60.6859205, 56.0706533]]}}, {"type": "Feature", "properties": {"id": 175301406, "highway": "footway", "name": "", "ref": "", "oneway": "", "surface": "asphalt"}, "geometry": {"type": "LineString", "coordinates": [[60.7467989, 56.0836625], [60.7470927, 56.0837666], [60.7477447, 56.0842173], [60.7479064, 56.0843291], [60.7478982, 56.0844188]]}}, {"type": "Feature", "properties": {"id": 175301407, "highway": "footway", "name": "", "ref": "", "oneway": "", "surface": ""}, "geometry": {"type": "LineString", "coordinates": [[60.6891719, 56.0717662], [60.6891927, 56.0712412], [60.6892458, 56.070748], [60.6892609, 56.070175]]}}, {"type": "Feature", "properties": {"id": 175301408, "highway": "service", "name": "", "ref": "", "oneway": "", "surface": ""}, "geometry": {"type": "LineString", "coordinates": [[60.7414974, 56.0765566], [60.7413455, 56.0753671], [60.7416662, 56.0753564], [60.7419872, 56.0753479], [60.7421815, 56.0754405]]}}, {"type": "Feature", "properties": {"id": 175301409, "highway": "footway", "name": "", "ref": "", "oneway": "", "surface": ""}, "geometry": {"type": "LineString", "coordinates": [[60.6871429, 56.0712042], [60.6878143, 56.0712163], [60.6882826, 56.0712248], [60.6891927, 56.0712412], [60.6901058, 56.0712577]]}}, {"type": "Feature", "properties": {"id": 175301410, "highway": "footway", "name": "", "ref": "", "oneway": "", "surface": ""}, "geometry": {"type": "LineString", "coordinates": [[60.6877843, 56.0716804], [60.6877976, 56.0714741], [60.6878143, 56.0712163], [60.687831, 56.0709576], [60.6878473, 56.0707059]]}}, {"type": "Feature", "properties": {"id": 175301411, "highway": "service", "name": "", "ref": "", "oneway": "", "surface": ""}, "geometry": {"type": "LineString", "coordinates": [[60.6883376, 56.070157], [60.6883075, 56.070714], [60.6882952, 56.0709667], [60.6882826, 56.0712248], [60.6882699, 56.0714813], [60.6882598, 56.0716881]]}}, {"type": "Feature", "properties": {"id": 175301412, "highway": "service", "name": "", "ref": "", "oneway": "yes", "surface": ""}, "geometry": {"type": "LineString", "coordinates": [[60.7282318, 56.0652806], [60.7282312, 56.0650689], [60.7284717, 56.0648868], [60.7289755, 56.0645432], [60.7303208, 56.0645049], [60.7315344, 56.0651749]]}}, {"type": "Feature", "properties": {"id": 175301413, "highway": "footway", "name": "", "ref": "", "oneway": "", "surface": "asphalt"}, "geometry": {"type": "LineString", "coordinates": [[60.7511107, 56.0820982], [60.751, 56.0823084], [60.7482577, 56.0832667], [60.7477997, 56.0833801], [60.7467989, 56.0836625], [60.7454954, 56.0840302], [60.7447259, 56.0843603], [60.7442947, 56.0845452]]}}, {"type": "Feature", "properties": {"id": 175301414, "highway": "service", "name": "", "ref": "", "oneway": "", "surface": ""}, "geometry": {"type": "LineString", "coordinates": [[60.7411933, 56.0744357], [60.7411083, 56.0738505], [60.7414599, 56.0738356], [60.7417338, 56.0738336], [60.7417925, 56.0738969], [60.7419872, 56.0753479], [60.7420245, 56.0756308], [60.7421426, 56.0765278]]}}, {"type": "Feature", "properties": {"id": 175301415, "highway": "service", "name": "", "ref": "", "oneway": "", "surface": ""}, "geometry": {"type": "LineString", "coordinates": [[60.6868631, 56.0706736], [60.6871729, 56.0706942], [60.6874761, 56.0706995], [60.6878473, 56.0707059], [60.6883075, 56.070714], [60.6892458, 56.070748], [60.6901404, 56.070758], [60.6910331, 56.0707616], [60.6919281, 56.070783]]}}, {"type": "Feature", "properties": {"id": 175301416, "highway": "service", "name": "", "ref": "", "oneway": "", "surface": ""}, "geometry": {"type": "LineString", "coordinates": [[60.6874761, 56.0706995], [60.6875062, 56.0701409], [60.6883376, 56.070157], [60.6892609, 56.070175], [60.6901726, 56.0702437], [60.6910561, 56.0702548], [60.6911807, 56.0702564], [60.6920069, 56.0707189], [60.6919281, 56.070783]]}}, {"type": "Feature", "properties": {"id": 175417745, "highway": "footway", "name": "", "ref": "", "oneway": "", "surface": ""}, "geometry": {"type": "LineString", "coordinates": [[60.6843925, 56.0700133], [60.6852394, 56.0706515]]}}, {"type": "Feature", "properties": {"id": 175417746, "highway": "service", "name": "", "ref": "", "oneway": "", "surface": ""}, "geometry": {"type": "LineString", "coordinates": [[60.7106681, 56.0641905], [60.7106607, 56.0641293]]}}, {"type": "Feature", "properties": {"id": 175417747, "highway": "service", "name": "", "ref": "", "oneway": "", "surface": ""}, "geometry": {"type": "LineString", "coordinates": [[60.7135572, 56.0640649], [60.71355, 56.0640062]]}}, {"type": "Feature", "properties": {"id": 175417748, "highway": "service", "name": "", "ref": "", "oneway": "no", "surface": ""}, "geometry": {"type": "LineString", "coordinates": [[60.7167656, 56.0649496], [60.7142276, 56.0650323], [60.7107593, 56.0651453], [60.710211, 56.0651681]]}}, {"type": "Feature", "properties": {"id": 175657198, "highway": "residential", "name": "улица № 11", "ref": "", "oneway": "", "surface": ""}, "geometry": {"type": "LineString", "coordinates": [[60.7414478, 56.0397943], [60.7411331, 56.0394347], [60.7408978, 56.0391656], [60.7407438, 56.0388374], [60.740702, 56.0386735], [60.7406682, 56.0384892], [60.7406345, 56.0383174], [60.7406333, 56.0381592], [60.7416489, 56.0380294]]}}, {"type": "Feature", "properties": {"id": 175657201, "highway": "residential", "name": "улица № 1", "ref": "", "oneway": "", "surface": ""}, "geometry": {"type": "LineString", "coordinates": [[60.7467587, 56.0352546], [60.746867, 56.0350033], [60.7472174, 56.0342497], [60.747188, 56.0336559], [60.7470986, 56.0326326], [60.7471333, 56.032188], [60.7470816, 56.0317778], [60.7469445, 56.0310364]]}}, {"type": "Feature", "properties": {"id": 175657204, "highway": "residential", "name": "улица № 9", "ref": "", "oneway": "", "surface": ""}, "geometry": {"type": "LineString", "coordinates": [[60.7426911, 56.0402538], [60.7428899, 56.0402147], [60.743553, 56.0401481], [60.7441695, 56.0401024], [60.7449043, 56.0400679], [60.7455829, 56.0399702], [60.7479643, 56.0398532], [60.7488719, 56.0398334], [60.7490006, 56.0398169], [60.7490302, 56.039744]]}}, {"type": "Feature", "properties": {"id": 175657209, "highway": "residential", "name": "улица № 12", "ref": "", "oneway": "", "surface": ""}, "geometry": {"type": "LineString", "coordinates": [[60.7396797, 56.0356943], [60.7403405, 56.0364945], [60.7404974, 56.0365593], [60.7409166, 56.0369822], [60.7413169, 56.0374066]]}}, {"type": "Feature", "properties": {"id": 175657211, "highway": "residential", "name": "улица № 11", "ref": "", "oneway": "", "surface": ""}, "geometry": {"type": "LineString", "coordinates": [[60.7419582, 56.0416324], [60.7410094, 56.040116], [60.7410668, 56.0399332], [60.7414478, 56.0397943]]}}, {"type": "Feature", "properties": {"id": 175657220, "highway": "residential", "name": "улица № 10", "ref": "", "oneway": "", "surface": ""}, "geometry": {"type": "LineString", "coordinates": [[60.7490527, 56.0351677], [60.7482478, 56.0351942], [60.7467587, 56.0352546], [60.7450086, 56.0353352], [60.7434714, 56.0354172], [60.7432356, 56.0353835], [60.7430625, 56.0353117]]}}, {"type": "Feature", "properties": {"id": 175657221, "highway": "residential", "name": "улица № 6", "ref": "", "oneway": "", "surface": ""}, "geometry": {"type": "LineString", "coordinates": [[60.7488785, 56.0382615], [60.7479718, 56.0382893], [60.7469109, 56.0383318], [60.7457493, 56.0383863]]}}, {"type": "Feature", "properties": {"id": 175657223, "highway": "residential", "name": "", "ref": "", "oneway": "", "surface": ""}, "geometry": {"type": "LineString", "coordinates": [[60.7354906, 56.0307525], [60.7403375, 56.0303738], [60.742005, 56.0302245], [60.7428675, 56.0301506], [60.7437044, 56.0300999], [60.7444768, 56.0299681], [60.7444468, 56.0295306], [60.7443763, 56.029093], [60.7443487, 56.0287845], [60.7441646, 56.0285459], [60.7441378, 56.0282797], [60.744168, 56.028009], [60.7440279, 56.0277631]]}}, {"type": "Feature", "properties": {"id": 175657225, "highway": "residential", "name": "улица № 9", "ref": "", "oneway": "", "surface": ""}, "geometry": {"type": "LineString", "coordinates": [[60.7391932, 56.0313647], [60.7392928, 56.0319505], [60.7394581, 56.0328923], [60.7396185, 56.0338702], [60.7396854, 56.0339167], [60.7403222, 56.0339133]]}}, {"type": "Feature", "properties": {"id": 175657231, "highway": "residential", "name": "улица № 8", "ref": "", "oneway": "", "surface": ""}, "geometry": {"type": "LineString", "coordinates": [[60.7403222, 56.0339133], [60.7402203, 56.032875], [60.7399995, 56.0314552]]}}, {"type": "Feature", "properties": {"id": 175657234, "highway": "residential", "name": "", "ref": "", "oneway": "", "surface": ""}, "geometry": {"type": "LineString", "coordinates": [[60.7358068, 56.0341886], [60.7380635, 56.0341052]]}}, {"type": "Feature", "properties": {"id": 175657235, "highway": "residential", "name": "", "ref": "", "oneway": "", "surface": ""}, "geometry": {"type": "LineString", "coordinates": [[60.7400253, 56.0350273], [60.7386388, 56.0355857]]}}, {"type": "Feature", "properties": {"id": 175657237, "highway": "residential", "name": "улица № 12", "ref": "", "oneway": "", "surface": ""}, "geometry": {"type": "LineString", "coordinates": [[60.7428691, 56.0343116], [60.7448677, 56.0342152]]}}, {"type": "Feature", "properties": {"id": 175657238, "highway": "residential", "name": "", "ref": "", "oneway": "", "surface": ""}, "geometry": {"type": "LineString", "coordinates": [[60.7372596, 56.0351854], [60.7388406, 56.0345616]]}}, {"type": "Feature", "properties": {"id": 175657240, "highway": "residential", "name": "", "ref": "", "oneway": "", "surface": ""}, "geometry": {"type": "LineString", "coordinates": [[60.7431702, 56.0313377], [60.7428675, 56.0301506]]}}, {"type": "Feature", "properties": {"id": 175657242, "highway": "residential", "name": "", "ref": "", "oneway": "", "surface": ""}, "geometry": {"type": "LineString", "coordinates": [[60.746619, 56.0336703], [60.746407, 56.0326798]]}}, {"type": "Feature", "properties": {"id": 175657247, "highway": "residential", "name": "", "ref": "", "oneway": "", "surface": ""}, "geometry": {"type": "LineString", "coordinates": [[60.7394338, 56.0347837], [60.7379704, 56.0353579]]}}, {"type": "Feature", "properties": {"id": 175657248, "highway": "residential", "name": "улица № 2", "ref": "", "oneway": "", "surface": ""}, "geometry": {"type": "LineString", "coordinates": [[60.7409166, 56.0369822], [60.7439876, 56.0361111]]}}, {"type": "Feature", "properties": {"id": 175657249, "highway": "residential", "name": "улица № 5", "ref": "", "oneway": "", "surface": ""}, "geometry": {"type": "LineString", "coordinates": [[60.7466271, 56.0366786], [60.7469109, 56.0383318]]}}, {"type": "Feature", "properties": {"id": 175657255, "highway": "residential", "name": "улица № 6", "ref": "", "oneway": "", "surface": ""}, "geometry": {"type": "LineString", "coordinates": [[60.7479718, 56.0382893], [60.7478141, 56.0366431]]}}, {"type": "Feature", "properties": {"id": 175657257, "highway": "residential", "name": "улица № 7", "ref": "", "oneway": "", "surface": ""}, "geometry": {"type": "LineString", "coordinates": [[60.748949, 56.0387846], [60.7457002, 56.0389052]]}}, {"type": "Feature", "properties": {"id": 175657262, "highway": "residential", "name": "улица № 10", "ref": "", "oneway": "", "surface": ""}, "geometry": {"type": "LineString", "coordinates": [[60.7452125, 56.0409095], [60.7492238, 56.0405935], [60.7495823, 56.0405644]]}}, {"type": "Feature", "properties": {"id": 175657263, "highway": "residential", "name": "", "ref": "", "oneway": "", "surface": ""}, "geometry": {"type": "LineString", "coordinates": [[60.7423445, 56.0313887], [60.742005, 56.0302245]]}}, {"type": "Feature", "properties": {"id": 175657264, "highway": "residential", "name": "", "ref": "", "oneway": "", "surface": ""}, "geometry": {"type": "LineString", "coordinates": [[60.7354556, 56.0334038], [60.7378648, 56.0333464]]}}, {"type": "Feature", "properties": {"id": 175657267, "highway": "residential", "name": "", "ref": "", "oneway": "", "surface": ""}, "geometry": {"type": "LineString", "coordinates": [[60.7406615, 56.031522], [60.7403375, 56.0303738]]}}, {"type": "Feature", "properties": {"id": 175657268, "highway": "residential", "name": "", "ref": "", "oneway": "", "surface": ""}, "geometry": {"type": "LineString", "coordinates": [[60.7485361, 56.0309146], [60.74772, 56.0309638], [60.7469445, 56.0310364], [60.7456091, 56.0311409], [60.7445804, 56.0312184], [60.7440097, 56.0312538], [60.7435219, 56.0313177], [60.7431702, 56.0313377], [60.7424515, 56.0313888], [60.7423445, 56.0313887], [60.7415344, 56.0314566], [60.7407013, 56.031538], [60.7406615, 56.031522], [60.7400363, 56.0314593], [60.7399995, 56.0314552], [60.7391932, 56.0313647], [60.7390911, 56.03134], [60.7388175, 56.0313255], [60.7386907, 56.0313137], [60.7376335, 56.0312078], [60.7353963, 56.0308894], [60.7351075, 56.0312037], [60.734718, 56.0315101], [60.7347225, 56.0316514], [60.7356062, 56.0323101], [60.7364574, 56.0329855]]}}, {"type": "Feature", "properties": {"id": 175657273, "highway": "residential", "name": "", "ref": "", "oneway": "", "surface": ""}, "geometry": {"type": "LineString", "coordinates": [[60.7392928, 56.0319505], [60.7389857, 56.0319814], [60.7380957, 56.0320526], [60.7377457, 56.0325418], [60.7378126, 56.0329618], [60.7378648, 56.0333464], [60.7379518, 56.0337054], [60.7380635, 56.0341052], [60.7382432, 56.0342951], [60.7385735, 56.0344667], [60.7388406, 56.0345616], [60.7394338, 56.0347837], [60.7400253, 56.0350273], [60.7407549, 56.035166], [60.741137, 56.0351908], [60.741462, 56.0351299], [60.7418521, 56.0349738], [60.7420507, 56.0349299], [60.7422503, 56.0349008], [60.7425787, 56.034877], [60.7429311, 56.0348798]]}}, {"type": "Feature", "properties": {"id": 175657274, "highway": "residential", "name": "", "ref": "", "oneway": "", "surface": ""}, "geometry": {"type": "LineString", "coordinates": [[60.7355745, 56.0337788], [60.7379518, 56.0337054]]}}, {"type": "Feature", "properties": {"id": 175657275, "highway": "residential", "name": "", "ref": "", "oneway": "", "surface": ""}, "geometry": {"type": "LineString", "coordinates": [[60.7467161, 56.0343929], [60.7467388, 56.0340483], [60.7466951, 56.033706], [60.746619, 56.0336703]]}}, {"type": "Feature", "properties": {"id": 175657276, "highway": "residential", "name": "улица № 4", "ref": "", "oneway": "", "surface": ""}, "geometry": {"type": "LineString", "coordinates": [[60.7435219, 56.0313177], [60.7437191, 56.0327679], [60.7438183, 56.0336837], [60.7438254, 56.0337324], [60.7438322, 56.0338093]]}}, {"type": "Feature", "properties": {"id": 175657278, "highway": "residential", "name": "", "ref": "", "oneway": "", "surface": ""}, "geometry": {"type": "LineString", "coordinates": [[60.7457055, 56.029455], [60.745722, 56.0297346], [60.7457898, 56.0300525]]}}, {"type": "Feature", "properties": {"id": 175657279, "highway": "residential", "name": "", "ref": "", "oneway": "", "surface": ""}, "geometry": {"type": "LineString", "coordinates": [[60.7352544, 56.0330181], [60.7364574, 56.0329855], [60.7378126, 56.0329618]]}}, {"type": "Feature", "properties": {"id": 175657281, "highway": "residential", "name": "улица № 22", "ref": "", "oneway": "", "surface": ""}, "geometry": {"type": "LineString", "coordinates": [[60.7496272, 56.0410535], [60.7453881, 56.0413708], [60.7419582, 56.0416324]]}}, {"type": "Feature", "properties": {"id": 175657282, "highway": "residential", "name": "улица № 2", "ref": "", "oneway": "", "surface": ""}, "geometry": {"type": "LineString", "coordinates": [[60.7456091, 56.0311409], [60.7458531, 56.0327063], [60.7459824, 56.0336951]]}}, {"type": "Feature", "properties": {"id": 175657283, "highway": "residential", "name": "улица № 15", "ref": "", "oneway": "", "surface": ""}, "geometry": {"type": "LineString", "coordinates": [[60.7442582, 56.0394635], [60.7441545, 56.039172], [60.7439581, 56.0388789], [60.7429218, 56.037416]]}}, {"type": "Feature", "properties": {"id": 175657285, "highway": "residential", "name": "", "ref": "", "oneway": "", "surface": ""}, "geometry": {"type": "LineString", "coordinates": [[60.74772, 56.0309638], [60.7478767, 56.0320173], [60.7482478, 56.0351942]]}}, {"type": "Feature", "properties": {"id": 175657287, "highway": "residential", "name": "улица № 7", "ref": "", "oneway": "", "surface": ""}, "geometry": {"type": "LineString", "coordinates": [[60.741052, 56.0343507], [60.7410303, 56.0338983], [60.740889, 56.0328487], [60.7407854, 56.0321382], [60.7407777, 56.0320738], [60.7407013, 56.031538]]}}, {"type": "Feature", "properties": {"id": 175657291, "highway": "residential", "name": "", "ref": "", "oneway": "", "surface": ""}, "geometry": {"type": "LineString", "coordinates": [[60.7484933, 56.0305038], [60.7470177, 56.030647], [60.7454473, 56.0307156], [60.7438769, 56.0307567]]}}, {"type": "Feature", "properties": {"id": 175657292, "highway": "residential", "name": "", "ref": "", "oneway": "", "surface": ""}, "geometry": {"type": "LineString", "coordinates": [[60.7460349, 56.0303494], [60.748463, 56.0302126]]}}, {"type": "Feature", "properties": {"id": 175657294, "highway": "residential", "name": "", "ref": "", "oneway": "", "surface": ""}, "geometry": {"type": "LineString", "coordinates": [[60.7358557, 56.0345809], [60.7384915, 56.0344997], [60.7385735, 56.0344667]]}}, {"type": "Feature", "properties": {"id": 175657295, "highway": "residential", "name": "улица № 34", "ref": "", "oneway": "", "surface": ""}, "geometry": {"type": "LineString", "coordinates": [[60.7351075, 56.0312037], [60.735956, 56.0317065], [60.7371075, 56.0324605], [60.7377457, 56.0325418]]}}, {"type": "Feature", "properties": {"id": 175657297, "highway": "residential", "name": "", "ref": "", "oneway": "", "surface": ""}, "geometry": {"type": "LineString", "coordinates": [[60.7440097, 56.0312538], [60.7438769, 56.0307567], [60.7437044, 56.0300999], [60.7431692, 56.0292969], [60.7424671, 56.0285903]]}}, {"type": "Feature", "properties": {"id": 175657298, "highway": "residential", "name": "", "ref": "", "oneway": "", "surface": ""}, "geometry": {"type": "LineString", "coordinates": [[60.735956, 56.0317065], [60.736835, 56.0313974], [60.7369628, 56.0314312], [60.7380957, 56.0320526]]}}, {"type": "Feature", "properties": {"id": 175657299, "highway": "residential", "name": "улица № 11", "ref": "", "oneway": "", "surface": ""}, "geometry": {"type": "LineString", "coordinates": [[60.7431957, 56.0410353], [60.7430462, 56.0407524], [60.7428686, 56.0404588], [60.7426911, 56.0402538], [60.7420605, 56.0396632]]}}, {"type": "Feature", "properties": {"id": 175657306, "highway": "residential", "name": "улица № 3", "ref": "", "oneway": "", "surface": ""}, "geometry": {"type": "LineString", "coordinates": [[60.7450086, 56.0353352], [60.7449377, 56.0347871], [60.7448677, 56.0342152], [60.7448126, 56.0337535], [60.7447417, 56.0327438], [60.7445804, 56.0312184]]}}, {"type": "Feature", "properties": {"id": 175657307, "highway": "residential", "name": "улица № 10", "ref": "", "oneway": "", "surface": ""}, "geometry": {"type": "LineString", "coordinates": [[60.7453881, 56.0413708], [60.7452125, 56.0409095], [60.7451142, 56.0406931], [60.7450494, 56.0406692], [60.7430462, 56.0407524]]}}, {"type": "Feature", "properties": {"id": 175657308, "highway": "residential", "name": "улица № 9", "ref": "", "oneway": "", "surface": ""}, "geometry": {"type": "LineString", "coordinates": [[60.7479643, 56.0398532], [60.7479919, 56.0401356], [60.7479348, 56.0401824], [60.745195, 56.0403457], [60.7450926, 56.0403294], [60.7450322, 56.0402885], [60.7449043, 56.0400679]]}}, {"type": "Feature", "properties": {"id": 175657309, "highway": "residential", "name": "", "ref": "", "oneway": "", "surface": ""}, "geometry": {"type": "LineString", "coordinates": [[60.7470986, 56.0326326], [60.746407, 56.0326798], [60.7458531, 56.0327063], [60.7447417, 56.0327438], [60.7437191, 56.0327679], [60.7426657, 56.0328172], [60.7417734, 56.0328368], [60.740889, 56.0328487], [60.7402203, 56.032875], [60.7394581, 56.0328923]]}}, {"type": "Feature", "properties": {"id": 175657334, "highway": "residential", "name": "улица 1", "ref": "", "oneway": "", "surface": ""}, "geometry": {"type": "LineString", "coordinates": [[60.7732915, 56.0316205], [60.7730702, 56.0313914], [60.7727221, 56.0312001], [60.7710515, 56.0305853], [60.7700523, 56.0301793], [60.7694506, 56.0300472], [60.7680246, 56.0297612], [60.7674114, 56.0297213], [60.7646101, 56.0298753]]}}, {"type": "Feature", "properties": {"id": 175805984, "highway": "residential", "name": "", "ref": "", "oneway": "", "surface": ""}, "geometry": {"type": "LineString", "coordinates": [[60.6838581, 56.0525778], [60.6873965, 56.052497]]}}, {"type": "Feature", "properties": {"id": 175805985, "highway": "residential", "name": "", "ref": "", "oneway": "", "surface": ""}, "geometry": {"type": "LineString", "coordinates": [[60.6839862, 56.0536175], [60.6872772, 56.0535153]]}}, {"type": "Feature", "properties": {"id": 175952094, "highway": "residential", "name": "", "ref": "", "oneway": "", "surface": ""}, "geometry": {"type": "LineString", "coordinates": [[60.7769532, 56.0307951], [60.7771965, 56.0310901], [60.7778652, 56.0323147], [60.7779726, 56.0323654], [60.77856, 56.0323366], [60.7790683, 56.0322767]]}}, {"type": "Feature", "properties": {"id": 175952095, "highway": "residential", "name": "", "ref": "", "oneway": "", "surface": ""}, "geometry": {"type": "LineString", "coordinates": [[60.7782474, 56.0338784], [60.7774958, 56.0324368], [60.7773482, 56.0323645], [60.7769198, 56.0323628], [60.7761469, 56.0323815], [60.7737849, 56.0327314]]}}, {"type": "Feature", "properties": {"id": 175952097, "highway": "residential", "name": "", "ref": "", "oneway": "", "surface": ""}, "geometry": {"type": "LineString", "coordinates": [[60.7761469, 56.0323815], [60.7759294, 56.0319188], [60.7757086, 56.0315118], [60.7759571, 56.031412], [60.7759845, 56.0312266], [60.7762234, 56.0311212]]}}, {"type": "Feature", "properties": {"id": 175952099, "highway": "residential", "name": "", "ref": "", "oneway": "", "surface": ""}, "geometry": {"type": "LineString", "coordinates": [[60.7710515, 56.0305853], [60.7723438, 56.0292396], [60.772542, 56.0291757], [60.7742337, 56.0290006], [60.7752674, 56.0286112], [60.7765104, 56.0280376], [60.7771774, 56.0278352], [60.777809, 56.027734], [60.7779058, 56.0276383]]}}, {"type": "Feature", "properties": {"id": 175952100, "highway": "residential", "name": "", "ref": "", "oneway": "", "surface": ""}, "geometry": {"type": "LineString", "coordinates": [[60.7755365, 56.0367073], [60.7769356, 56.0361733], [60.7783176, 56.0354577], [60.7792468, 56.0349766], [60.7805353, 56.0341597], [60.7805793, 56.0341212], [60.7826299, 56.0325546], [60.7832605, 56.031963], [60.7848351, 56.0302223]]}}, {"type": "Feature", "properties": {"id": 175952101, "highway": "residential", "name": "", "ref": "", "oneway": "", "surface": ""}, "geometry": {"type": "LineString", "coordinates": [[60.7791601, 56.0298055], [60.7792418, 56.0299249], [60.7793386, 56.0307678], [60.7793097, 56.0313508], [60.779316, 56.0315244], [60.7790946, 56.0319752], [60.7790683, 56.0322767], [60.7792757, 56.0334754], [60.7792516, 56.0335476], [60.7792885, 56.0337687]]}}, {"type": "Feature", "properties": {"id": 175952105, "highway": "residential", "name": "", "ref": "", "oneway": "", "surface": ""}, "geometry": {"type": "LineString", "coordinates": [[60.77856, 56.0323366], [60.7783513, 56.0319065], [60.7779173, 56.0311332], [60.7780564, 56.0310199], [60.7782601, 56.0310196], [60.7783696, 56.0310476], [60.7786944, 56.0312954], [60.7793097, 56.0313508]]}}, {"type": "Feature", "properties": {"id": 175952123, "highway": "residential", "name": "", "ref": "", "oneway": "", "surface": ""}, "geometry": {"type": "LineString", "coordinates": [[60.7769198, 56.0323628], [60.7763529, 56.0312677], [60.7762234, 56.0311212], [60.7760576, 56.0309981], [60.7758875, 56.0307789], [60.7758943, 56.0305062], [60.7760099, 56.0301979], [60.7762376, 56.0299276], [60.7765184, 56.0296653], [60.7771349, 56.0293448], [60.7777454, 56.0291793], [60.7777311, 56.0290133]]}}, {"type": "Feature", "properties": {"id": 175952125, "highway": "residential", "name": "", "ref": "", "oneway": "", "surface": ""}, "geometry": {"type": "LineString", "coordinates": [[60.7805793, 56.0341212], [60.7805665, 56.0340166], [60.7805201, 56.0337968], [60.7807602, 56.0334572], [60.7807763, 56.0331475], [60.7806322, 56.0320666], [60.7809308, 56.0311803], [60.7808277, 56.0307153], [60.7808856, 56.0303908], [60.780893, 56.0297765], [60.7806743, 56.0294938], [60.7804526, 56.0293995], [60.7801779, 56.0293822], [60.7791601, 56.0298055], [60.7770614, 56.030738], [60.7769532, 56.0307951], [60.7762234, 56.0311212]]}}, {"type": "Feature", "properties": {"id": 175952131, "highway": "residential", "name": "", "ref": "", "oneway": "", "surface": ""}, "geometry": {"type": "LineString", "coordinates": [[60.7792468, 56.0349766], [60.7788196, 56.0338397], [60.7792516, 56.0335476]]}}, {"type": "Feature", "properties": {"id": 175952150, "highway": "residential", "name": "", "ref": "", "oneway": "", "surface": ""}, "geometry": {"type": "LineString", "coordinates": [[60.7792757, 56.0334754], [60.7796875, 56.0335341], [60.7803722, 56.0336912], [60.7805201, 56.0337968]]}}, {"type": "Feature", "properties": {"id": 175952154, "highway": "residential", "name": "", "ref": "", "oneway": "", "surface": ""}, "geometry": {"type": "LineString", "coordinates": [[60.7832605, 56.031963], [60.7831569, 56.0317405], [60.7831392, 56.0315208], [60.7832518, 56.0311691]]}}, {"type": "Feature", "properties": {"id": 175952159, "highway": "residential", "name": "", "ref": "", "oneway": "", "surface": ""}, "geometry": {"type": "LineString", "coordinates": [[60.7826299, 56.0325546], [60.7821868, 56.0323495], [60.7819382, 56.0320255], [60.7819059, 56.0307983]]}}, {"type": "Feature", "properties": {"id": 175952160, "highway": "residential", "name": "", "ref": "", "oneway": "", "surface": ""}, "geometry": {"type": "LineString", "coordinates": [[60.7818007, 56.0292154], [60.7824814, 56.0299598], [60.7828318, 56.0302059], [60.7831169, 56.0304833], [60.7833031, 56.0311157], [60.7832518, 56.0311691]]}}, {"type": "Feature", "properties": {"id": 175952162, "highway": "residential", "name": "", "ref": "", "oneway": "", "surface": ""}, "geometry": {"type": "LineString", "coordinates": [[60.7826066, 56.0283885], [60.7834976, 56.0294704], [60.7837575, 56.0297626], [60.7840796, 56.0299577], [60.7843723, 56.0301043], [60.7846681, 56.0301433]]}}, {"type": "Feature", "properties": {"id": 175952166, "highway": "residential", "name": "", "ref": "", "oneway": "", "surface": ""}, "geometry": {"type": "LineString", "coordinates": [[60.7770614, 56.030738], [60.7769137, 56.0305873], [60.776823, 56.0304407], [60.7768247, 56.0303229], [60.777032, 56.0301738], [60.7774974, 56.0299434]]}}, {"type": "Feature", "properties": {"id": 178012880, "highway": "secondary", "name": "Подъезд к Снежинску", "ref": "", "oneway": "", "surface": "asphalt"}, "geometry": {"type": "LineString", "coordinates": [[60.7958677, 56.0671196], [60.7969834, 56.0673268], [60.7985022, 56.0675915], [60.8034203, 56.0689911], [60.8046589, 56.0693436], [60.8059211, 56.0697152], [60.8067241, 56.0699516], [60.8083714, 56.0704364], [60.8101277, 56.0709534], [60.8112999, 56.0712984], [60.8127257, 56.0717105], [60.8132063, 56.0718595], [60.8178164, 56.0732013], [60.8261372, 56.0756643]]}}, {"type": "Feature", "properties": {"id": 178012881, "highway": "track", "name": "", "ref": "", "oneway": "", "surface": "ground"}, "geometry": {"type": "LineString", "coordinates": [[60.8012718, 56.1016108], [60.8017053, 56.1018107]]}}, {"type": "Feature", "properties": {"id": 179562304, "highway": "service", "name": "", "ref": "", "oneway": "", "surface": ""}, "geometry": {"type": "LineString", "coordinates": [[60.7535993, 56.0720081], [60.7535285, 56.0713838]]}}, {"type": "Feature", "properties": {"id": 179562314, "highway": "service", "name": "", "ref": "", "oneway": "", "surface": ""}, "geometry": {"type": "LineString", "coordinates": [[60.7537913, 56.0713629], [60.7538549, 56.072007]]}}, {"type": "Feature", "properties": {"id": 179562325, "highway": "unclassified", "name": "", "ref": "", "oneway": "", "surface": ""}, "geometry": {"type": "LineString", "coordinates": [[60.762848, 56.0726625], [60.7620835, 56.0726673], [60.7615682, 56.0726852], [60.7609989, 56.0727017], [60.7603494, 56.0727282], [60.7594118, 56.072757], [60.7581608, 56.0727709], [60.7575568, 56.0727873], [60.7571578, 56.0727951]]}}, {"type": "Feature", "properties": {"id": 179562378, "highway": "service", "name": "", "ref": "", "oneway": "", "surface": ""}, "geometry": {"type": "LineString", "coordinates": [[60.7616358, 56.0732874], [60.7617787, 56.0736169], [60.7619048, 56.0739822], [60.7621515, 56.0739613], [60.7625109, 56.0739104], [60.7630367, 56.0738909], [60.7630259, 56.0737666], [60.7629767, 56.0734323], [60.7629655, 56.0733565], [60.7629113, 56.0732403]]}}, {"type": "Feature", "properties": {"id": 179562384, "highway": "unclassified", "name": "", "ref": "", "oneway": "", "surface": ""}, "geometry": {"type": "LineString", "coordinates": [[60.7581608, 56.0727709], [60.7582439, 56.0734224], [60.7616358, 56.0732874], [60.7629113, 56.0732403]]}}, {"type": "Feature", "properties": {"id": 179562420, "highway": "service", "name": "", "ref": "", "oneway": "", "surface": ""}, "geometry": {"type": "LineString", "coordinates": [[60.7609989, 56.0727017], [60.7610009, 56.0723551], [60.7609953, 56.0722965], [60.7609692, 56.0720017], [60.7609499, 56.0717831]]}}, {"type": "Feature", "properties": {"id": 179562427, "highway": "service", "name": "", "ref": "", "oneway": "", "surface": ""}, "geometry": {"type": "LineString", "coordinates": [[60.7609692, 56.0720017], [60.7614032, 56.0719862], [60.7621565, 56.0719589], [60.7627997, 56.0719357]]}}, {"type": "Feature", "properties": {"id": 179562465, "highway": "service", "name": "", "ref": "", "oneway": "", "surface": ""}, "geometry": {"type": "LineString", "coordinates": [[60.7609499, 56.0717831], [60.7612989, 56.0717677], [60.7617312, 56.0717512], [60.7618205, 56.0717475], [60.7624137, 56.0717252], [60.7627741, 56.0717126]]}}, {"type": "Feature", "properties": {"id": 179562469, "highway": "service", "name": "", "ref": "", "oneway": "", "surface": ""}, "geometry": {"type": "LineString", "coordinates": [[60.7612989, 56.0717677], [60.7612948, 56.0717248], [60.7612452, 56.0712262], [60.7612439, 56.0712157], [60.7612396, 56.0711722]]}}, {"type": "Feature", "properties": {"id": 179562501, "highway": "service", "name": "", "ref": "", "oneway": "", "surface": ""}, "geometry": {"type": "LineString", "coordinates": [[60.7629655, 56.0733565], [60.7637609, 56.073319]]}}, {"type": "Feature", "properties": {"id": 179562514, "highway": "service", "name": "", "ref": "", "oneway": "", "surface": ""}, "geometry": {"type": "LineString", "coordinates": [[60.7627308, 56.0713349], [60.7632378, 56.0713339], [60.7634347, 56.0713437], [60.7637206, 56.0713579], [60.7642168, 56.0713684], [60.7644582, 56.0714238], [60.7644529, 56.0715315], [60.7641954, 56.071545], [60.7641203, 56.0715675], [60.7640264, 56.0716019], [60.7636777, 56.0716004], [60.7634551, 56.0714776], [60.7634229, 56.0714642], [60.7634347, 56.0713437]]}}, {"type": "Feature", "properties": {"id": 179562553, "highway": "service", "name": "", "ref": "", "oneway": "", "surface": ""}, "geometry": {"type": "LineString", "coordinates": [[60.7594118, 56.072757], [60.7594098, 56.0725674], [60.7594055, 56.0724821], [60.7593993, 56.0723491], [60.7593848, 56.0720496], [60.7593781, 56.0719373], [60.7596142, 56.0718819], [60.7596108, 56.0718548], [60.7595632, 56.0714702]]}}, {"type": "Feature", "properties": {"id": 179562560, "highway": "service", "name": "", "ref": "", "oneway": "", "surface": ""}, "geometry": {"type": "LineString", "coordinates": [[60.7593848, 56.0720496], [60.7609692, 56.0720017]]}}, {"type": "Feature", "properties": {"id": 179562563, "highway": "service", "name": "", "ref": "", "oneway": "", "surface": ""}, "geometry": {"type": "LineString", "coordinates": [[60.7593993, 56.0723491], [60.7609953, 56.0722965]]}}, {"type": "Feature", "properties": {"id": 179562569, "highway": "service", "name": "", "ref": "", "oneway": "", "surface": ""}, "geometry": {"type": "LineString", "coordinates": [[60.760392, 56.0730526], [60.7603494, 56.0727282]]}}, {"type": "Feature", "properties": {"id": 179562576, "highway": "service", "name": "", "ref": "", "oneway": "", "surface": ""}, "geometry": {"type": "LineString", "coordinates": [[60.7616358, 56.0732874], [60.7616589, 56.0730905], [60.7616143, 56.0730051], [60.7616424, 56.0728131], [60.7615682, 56.0726852]]}}, {"type": "Feature", "properties": {"id": 179562614, "highway": "service", "name": "", "ref": "", "oneway": "", "surface": ""}, "geometry": {"type": "LineString", "coordinates": [[60.7582439, 56.0734224], [60.7584876, 56.0735885], [60.7584876, 56.0735886], [60.7585386, 56.0737876]]}}, {"type": "Feature", "properties": {"id": 179562615, "highway": "service", "name": "", "ref": "", "oneway": "", "surface": ""}, "geometry": {"type": "LineString", "coordinates": [[60.7594137, 56.0741492], [60.7593616, 56.0737564]]}}, {"type": "Feature", "properties": {"id": 179562874, "highway": "footway", "name": "", "ref": "", "oneway": "", "surface": ""}, "geometry": {"type": "LineString", "coordinates": [[60.7606924, 56.0717456], [60.7606585, 56.0714312], [60.7606277, 56.0711451]]}}, {"type": "Feature", "properties": {"id": 179562881, "highway": "footway", "name": "", "ref": "", "oneway": "", "surface": ""}, "geometry": {"type": "LineString", "coordinates": [[60.7610009, 56.0723551], [60.7628106, 56.0722807]]}}, {"type": "Feature", "properties": {"id": 179562882, "highway": "footway", "name": "", "ref": "", "oneway": "", "surface": ""}, "geometry": {"type": "LineString", "coordinates": [[60.7621732, 56.0730728], [60.7621679, 56.0729961], [60.7620835, 56.0726673]]}}, {"type": "Feature", "properties": {"id": 179562891, "highway": "footway", "name": "", "ref": "", "oneway": "", "surface": ""}, "geometry": {"type": "LineString", "coordinates": [[60.7621679, 56.0729961], [60.7616708, 56.0728218], [60.7616424, 56.0728131]]}}, {"type": "Feature", "properties": {"id": 179562894, "highway": "footway", "name": "", "ref": "", "oneway": "", "surface": ""}, "geometry": {"type": "LineString", "coordinates": [[60.7616589, 56.0730905], [60.7621732, 56.0730728], [60.7628926, 56.0730097]]}}, {"type": "Feature", "properties": {"id": 179562915, "highway": "footway", "name": "", "ref": "", "oneway": "", "surface": ""}, "geometry": {"type": "LineString", "coordinates": [[60.7616143, 56.0730051], [60.760392, 56.0730526]]}}, {"type": "Feature", "properties": {"id": 179563113, "highway": "footway", "name": "", "ref": "", "oneway": "", "surface": ""}, "geometry": {"type": "LineString", "coordinates": [[60.7595156, 56.0711041], [60.759538, 56.0712726], [60.7595632, 56.0714702]]}}, {"type": "Feature", "properties": {"id": 179563186, "highway": "steps", "name": "", "ref": "", "oneway": "", "surface": ""}, "geometry": {"type": "LineString", "coordinates": [[60.7596812, 56.0712681], [60.759538, 56.0712726]]}}, {"type": "Feature", "properties": {"id": 179563258, "highway": "steps", "name": "", "ref": "", "oneway": "", "surface": ""}, "geometry": {"type": "LineString", "coordinates": [[60.7604001, 56.0712785], [60.7603861, 56.0711543]]}}, {"type": "Feature", "properties": {"id": 179563297, "highway": "cycleway", "name": "", "ref": "", "oneway": "", "surface": ""}, "geometry": {"type": "LineString", "coordinates": [[60.7584635, 56.0722861], [60.7582972, 56.0722831], [60.7581148, 56.0722247], [60.7580102, 56.0721394], [60.7579485, 56.0720346], [60.7579271, 56.0719073], [60.7578975, 56.07128], [60.7579244, 56.0712246], [60.7579995, 56.0711618], [60.7581014, 56.0711034], [60.7582516, 56.071054], [60.7584125, 56.071045], [60.7585413, 56.0710689], [60.7587264, 56.0711348], [60.7588229, 56.0712351], [60.7588766, 56.0713714], [60.7589237, 56.0717321], [60.7589265, 56.0717532], [60.7589409, 56.0718639], [60.7589624, 56.0720181], [60.7589087, 56.0721274], [60.758788, 56.0722127], [60.7586378, 56.0722666], [60.7584635, 56.0722861]]}}, {"type": "Feature", "properties": {"id": 179563298, "highway": "cycleway", "name": "", "ref": "", "oneway": "", "surface": ""}, "geometry": {"type": "LineString", "coordinates": [[60.7590333, 56.0721655], [60.758955, 56.0718635], [60.7589265, 56.0717532]]}}, {"type": "Feature", "properties": {"id": 179563304, "highway": "footway", "name": "", "ref": "", "oneway": "", "surface": ""}, "geometry": {"type": "LineString", "coordinates": [[60.7590333, 56.0721655], [60.7594055, 56.0724821]]}}, {"type": "Feature", "properties": {"id": 179563308, "highway": "footway", "name": "", "ref": "", "oneway": "", "surface": ""}, "geometry": {"type": "LineString", "coordinates": [[60.7580075, 56.07259], [60.7594098, 56.0725674]]}}, {"type": "Feature", "properties": {"id": 179563315, "highway": "footway", "name": "", "ref": "", "oneway": "", "surface": ""}, "geometry": {"type": "LineString", "coordinates": [[60.7621565, 56.0719589], [60.7617438, 56.0718639], [60.7614032, 56.0719862]]}}, {"type": "Feature", "properties": {"id": 179563316, "highway": "footway", "name": "", "ref": "", "oneway": "", "surface": ""}, "geometry": {"type": "LineString", "coordinates": [[60.7617312, 56.0717512], [60.7617438, 56.0718639]]}}, {"type": "Feature", "properties": {"id": 179563343, "highway": "footway", "name": "", "ref": "", "oneway": "", "surface": ""}, "geometry": {"type": "LineString", "coordinates": [[60.7618205, 56.0717475], [60.7618119, 56.0714836], [60.7618109, 56.0714582]]}}, {"type": "Feature", "properties": {"id": 179563358, "highway": "footway", "name": "", "ref": "", "oneway": "", "surface": ""}, "geometry": {"type": "LineString", "coordinates": [[60.7608936, 56.0712381], [60.7608877, 56.0711353]]}}, {"type": "Feature", "properties": {"id": 179563359, "highway": "footway", "name": "", "ref": "", "oneway": "", "surface": ""}, "geometry": {"type": "LineString", "coordinates": [[60.7612452, 56.0712262], [60.7608936, 56.0712381], [60.7607836, 56.0712456], [60.7606585, 56.0714312]]}}, {"type": "Feature", "properties": {"id": 179563370, "highway": "footway", "name": "", "ref": "", "oneway": "", "surface": ""}, "geometry": {"type": "LineString", "coordinates": [[60.759472, 56.0708848], [60.7599763, 56.0708623], [60.7600111, 56.0710764], [60.7595156, 56.0711041], [60.7595015, 56.0711049], [60.7594794, 56.0709401], [60.759472, 56.0708848]]}}, {"type": "Feature", "properties": {"id": 179563372, "highway": "footway", "name": "", "ref": "", "oneway": "", "surface": ""}, "geometry": {"type": "LineString", "coordinates": [[60.7575971, 56.07103], [60.7585386, 56.0709866], [60.7594794, 56.0709401]]}}, {"type": "Feature", "properties": {"id": 179563383, "highway": "footway", "name": "", "ref": "", "oneway": "", "surface": ""}, "geometry": {"type": "LineString", "coordinates": [[60.7596108, 56.0718548], [60.7592254, 56.0718601]]}}, {"type": "Feature", "properties": {"id": 179563403, "highway": "service", "name": "", "ref": "", "oneway": "", "surface": ""}, "geometry": {"type": "LineString", "coordinates": [[60.7628197, 56.0723987], [60.7632777, 56.0723738], [60.7643724, 56.0723235]]}}, {"type": "Feature", "properties": {"id": 179563632, "highway": "unclassified", "name": "", "ref": "", "oneway": "", "surface": ""}, "geometry": {"type": "LineString", "coordinates": [[60.7629113, 56.0732403], [60.7628926, 56.0730097], [60.762848, 56.0726625], [60.7628197, 56.0723987], [60.7628106, 56.0722807], [60.7627997, 56.0719357], [60.7627741, 56.0717126], [60.7627308, 56.0713349]]}}, {"type": "Feature", "properties": {"id": 179563677, "highway": "service", "name": "", "ref": "", "oneway": "", "surface": ""}, "geometry": {"type": "LineString", "coordinates": [[60.7627308, 56.0713349], [60.7626209, 56.071271], [60.7623768, 56.0711902], [60.762348, 56.0711868], [60.7621541, 56.0711642], [60.7619261, 56.0711642], [60.761336, 56.0711732], [60.7612396, 56.0711722], [60.7611509, 56.0711253], [60.7608877, 56.0711353], [60.7606277, 56.0711451], [60.7603861, 56.0711543], [60.7597134, 56.0711797]]}}, {"type": "Feature", "properties": {"id": 179564624, "highway": "pedestrian", "name": "", "ref": "", "oneway": "", "surface": ""}, "geometry": {"type": "LineString", "coordinates": [[60.7583375, 56.0733804], [60.7583102, 56.0731637], [60.7615158, 56.0730381], [60.761543, 56.0732549], [60.7583375, 56.0733804]]}}, {"type": "Feature", "properties": {"id": 179567438, "highway": "pedestrian", "name": "", "ref": "", "oneway": "", "surface": ""}, "geometry": {"type": "LineString", "coordinates": [[60.7594126, 56.0723457], [60.7593599, 56.0718761], [60.761002, 56.0718187], [60.7610547, 56.0722883], [60.7594126, 56.0723457]]}}, {"type": "Feature", "properties": {"id": 179573479, "highway": "service", "name": "", "ref": "", "oneway": "", "surface": ""}, "geometry": {"type": "LineString", "coordinates": [[60.7476971, 56.0778246], [60.747163, 56.0778436], [60.747163, 56.0779244], [60.7464603, 56.0779364], [60.7464423, 56.0777791], [60.746496, 56.0776982], [60.7464657, 56.0773406], [60.7471182, 56.077321], [60.747163, 56.0778436]]}}, {"type": "Feature", "properties": {"id": 179573513, "highway": "service", "name": "", "ref": "", "oneway": "", "surface": ""}, "geometry": {"type": "LineString", "coordinates": [[60.7476124, 56.0771107], [60.7473492, 56.0769917], [60.7471563, 56.0768854], [60.747096, 56.0762141], [60.7466765, 56.0762289], [60.7463189, 56.0764685], [60.7463291, 56.0766992], [60.7467242, 56.0768998], [60.7471563, 56.0768854]]}}, {"type": "Feature", "properties": {"id": 179573521, "highway": "service", "name": "", "ref": "", "oneway": "", "surface": ""}, "geometry": {"type": "LineString", "coordinates": [[60.7455124, 56.0762625], [60.7459955, 56.0764763], [60.7463189, 56.0764685]]}}, {"type": "Feature", "properties": {"id": 179573953, "highway": "service", "name": "", "ref": "", "oneway": "", "surface": ""}, "geometry": {"type": "LineString", "coordinates": [[60.7456098, 56.0753498], [60.7460965, 56.0753327]]}}, {"type": "Feature", "properties": {"id": 179573979, "highway": "service", "name": "", "ref": "", "oneway": "", "surface": ""}, "geometry": {"type": "LineString", "coordinates": [[60.7464937, 56.0731797], [60.747939, 56.0731379]]}}, {"type": "Feature", "properties": {"id": 179576153, "highway": "track", "name": "", "ref": "", "oneway": "", "surface": "ground"}, "geometry": {"type": "LineString", "coordinates": [[60.8029021, 56.1008758], [60.8027987, 56.1008586], [60.8004748, 56.100709], [60.7978677, 56.1005534], [60.7970201, 56.1005594], [60.7960867, 56.1006312], [60.7948421, 56.1008107], [60.7940589, 56.1009065], [60.7933401, 56.1009603], [60.7930157, 56.1009922]]}}, {"type": "Feature", "properties": {"id": 179576247, "highway": "track", "name": "", "ref": "", "oneway": "", "surface": "ground"}, "geometry": {"type": "LineString", "coordinates": [[60.8032858, 56.1007411], [60.8033647, 56.1008042], [60.8051075, 56.1018558], [60.8068348, 56.1026217], [60.8081974, 56.103226], [60.8104826, 56.1041654], [60.81221, 56.1048475], [60.8135403, 56.1054339], [60.8164371, 56.1066843], [60.8180903, 56.1073697], [60.818982, 56.1077394], [60.8197952, 56.1078988], [60.8209561, 56.1075599], [60.8212672, 56.1074701], [60.8215676, 56.1074941], [60.8217608, 56.1075838], [60.8220912, 56.1078809], [60.822574, 56.108527], [60.8225976, 56.1088163], [60.8248399, 56.1098871], [60.8257068, 56.1102559], [60.8294, 56.1117801]]}}, {"type": "Feature", "properties": {"id": 180522077, "highway": "footway", "name": "", "ref": "", "oneway": "", "surface": ""}, "geometry": {"type": "LineString", "coordinates": [[60.7618109, 56.0714582], [60.762348, 56.0711868]]}}, {"type": "Feature", "properties": {"id": 180522078, "highway": "footway", "name": "", "ref": "", "oneway": "", "surface": ""}, "geometry": {"type": "LineString", "coordinates": [[60.7618109, 56.0714582], [60.7612948, 56.0717248]]}}, {"type": "Feature", "properties": {"id": 180522079, "highway": "footway", "name": "", "ref": "", "oneway": "", "surface": ""}, "geometry": {"type": "LineString", "coordinates": [[60.7592091, 56.0717217], [60.7589237, 56.0717321]]}}, {"type": "Feature", "properties": {"id": 180522080, "highway": "footway", "name": "", "ref": "", "oneway": "", "surface": ""}, "geometry": {"type": "LineString", "coordinates": [[60.7592254, 56.0718601], [60.758955, 56.0718635]]}}, {"type": "Feature", "properties": {"id": 180522082, "highway": "footway", "name": "", "ref": "", "oneway": "", "surface": ""}, "geometry": {"type": "LineString", "coordinates": [[60.7618109, 56.0714582], [60.7624137, 56.0717252]]}}, {"type": "Feature", "properties": {"id": 180522084, "highway": "footway", "name": "", "ref": "", "oneway": "", "surface": ""}, "geometry": {"type": "LineString", "coordinates": [[60.7592091, 56.0717217], [60.7592869, 56.0716962]]}}, {"type": "Feature", "properties": {"id": 180522085, "highway": "footway", "name": "", "ref": "", "oneway": "", "surface": ""}, "geometry": {"type": "LineString", "coordinates": [[60.7618109, 56.0714582], [60.7612439, 56.0712157]]}}, {"type": "Feature", "properties": {"id": 180522090, "highway": "footway", "name": "", "ref": "", "oneway": "", "surface": ""}, "geometry": {"type": "LineString", "coordinates": [[60.7592254, 56.0718601], [60.7592091, 56.0717217]]}}, {"type": "Feature", "properties": {"id": 183695330, "highway": "residential", "name": "", "ref": "", "oneway": "", "surface": ""}, "geometry": {"type": "LineString", "coordinates": [[60.7498964, 56.0482086], [60.7505117, 56.0481863]]}}, {"type": "Feature", "properties": {"id": 183695331, "highway": "residential", "name": "", "ref": "", "oneway": "", "surface": ""}, "geometry": {"type": "LineString", "coordinates": [[60.74922, 56.0483428], [60.7493524, 56.048289], [60.7494907, 56.0482547], [60.7496719, 56.0482255], [60.7498964, 56.0482086]]}}, {"type": "Feature", "properties": {"id": 184102817, "highway": "service", "name": "", "ref": "", "oneway": "", "surface": ""}, "geometry": {"type": "LineString", "coordinates": [[60.7614141, 56.0682381], [60.7610119, 56.0682517], [60.7606251, 56.0682648], [60.7604391, 56.0682711], [60.7597672, 56.0682905], [60.7595292, 56.0682973], [60.7593422, 56.068276], [60.7592912, 56.0681574], [60.7592912, 56.0679391], [60.7595887, 56.0677446], [60.7595715, 56.0672451]]}}, {"type": "Feature", "properties": {"id": 184102818, "highway": "track", "name": "", "ref": "", "oneway": "", "surface": ""}, "geometry": {"type": "LineString", "coordinates": [[60.7531432, 56.0706806], [60.7535765, 56.0708385], [60.7542556, 56.0709324], [60.7547215, 56.0709062], [60.7549106, 56.0708955], [60.7554274, 56.0708922], [60.7568096, 56.0708485], [60.7574165, 56.0706808], [60.7582459, 56.0706171], [60.7592254, 56.0705836], [60.7598504, 56.0705601], [60.7607999, 56.0705098], [60.7620378, 56.0705265], [60.7628852, 56.0704226], [60.7635517, 56.070189]]}}, {"type": "Feature", "properties": {"id": 184102819, "highway": "service", "name": "", "ref": "", "oneway": "", "surface": ""}, "geometry": {"type": "LineString", "coordinates": [[60.765908, 56.06738], [60.76592, 56.0672459]]}}, {"type": "Feature", "properties": {"id": 184102820, "highway": "service", "name": "", "ref": "", "oneway": "", "surface": ""}, "geometry": {"type": "LineString", "coordinates": [[60.7663533, 56.0664144], [60.766706, 56.0663857], [60.7677654, 56.066327], [60.7685125, 56.0663962], [60.7685827, 56.0663978], [60.7692061, 56.0663937], [60.7693477, 56.0672794]]}}, {"type": "Feature", "properties": {"id": 184102821, "highway": "residential", "name": "улица Захаренкова", "ref": "", "oneway": "", "surface": ""}, "geometry": {"type": "LineString", "coordinates": [[60.7658087, 56.069634], [60.7634806, 56.0696784], [60.7575608, 56.069916]]}}, {"type": "Feature", "properties": {"id": 184102822, "highway": "service", "name": "", "ref": "", "oneway": "", "surface": ""}, "geometry": {"type": "LineString", "coordinates": [[60.7597672, 56.0682905], [60.7598016, 56.068846]]}}, {"type": "Feature", "properties": {"id": 184102823, "highway": "service", "name": "", "ref": "", "oneway": "", "surface": ""}, "geometry": {"type": "LineString", "coordinates": [[60.7609812, 56.067989], [60.7613903, 56.0679701]]}}, {"type": "Feature", "properties": {"id": 184102824, "highway": "service", "name": "", "ref": "", "oneway": "", "surface": ""}, "geometry": {"type": "LineString", "coordinates": [[60.759001, 56.0671374], [60.7594909, 56.0671445], [60.7595715, 56.0672451]]}}, {"type": "Feature", "properties": {"id": 184102825, "highway": "service", "name": "", "ref": "", "oneway": "", "surface": ""}, "geometry": {"type": "LineString", "coordinates": [[60.7652437, 56.0673608], [60.765908, 56.06738], [60.7659595, 56.0675582]]}}, {"type": "Feature", "properties": {"id": 184102826, "highway": "service", "name": "", "ref": "", "oneway": "", "surface": ""}, "geometry": {"type": "LineString", "coordinates": [[60.7613655, 56.0676925], [60.7609489, 56.067712], [60.7605737, 56.0677296], [60.7604066, 56.0677374]]}}, {"type": "Feature", "properties": {"id": 184102827, "highway": "service", "name": "", "ref": "", "oneway": "", "surface": ""}, "geometry": {"type": "LineString", "coordinates": [[60.7604721, 56.0688142], [60.7604391, 56.0682711], [60.7604066, 56.0677374], [60.7603748, 56.067216]]}}, {"type": "Feature", "properties": {"id": 184102828, "highway": "service", "name": "", "ref": "", "oneway": "", "surface": ""}, "geometry": {"type": "LineString", "coordinates": [[60.7589677, 56.0669028], [60.7599031, 56.0668504], [60.7598521, 56.0665681], [60.7596184, 56.0665871]]}}, {"type": "Feature", "properties": {"id": 184102829, "highway": "service", "name": "", "ref": "", "oneway": "", "surface": ""}, "geometry": {"type": "LineString", "coordinates": [[60.7663196, 56.0661182], [60.7663533, 56.0664144], [60.7658479, 56.0665145], [60.7658829, 56.0668702], [60.76592, 56.0672459]]}}, {"type": "Feature", "properties": {"id": 184102830, "highway": "service", "name": "", "ref": "", "oneway": "", "surface": ""}, "geometry": {"type": "LineString", "coordinates": [[60.7605448, 56.0673129], [60.7605737, 56.0677296], [60.7606251, 56.0682648], [60.760668, 56.0687124], [60.7610504, 56.0686934], [60.7610119, 56.0682517], [60.7609812, 56.067989], [60.7609489, 56.067712], [60.7608975, 56.0672821], [60.7605448, 56.0673129]]}}, {"type": "Feature", "properties": {"id": 184102860, "highway": "service", "name": "", "ref": "", "oneway": "", "surface": ""}, "geometry": {"type": "LineString", "coordinates": [[60.7658829, 56.0668702], [60.7651983, 56.0668641]]}}, {"type": "Feature", "properties": {"id": 184103379, "highway": "service", "name": "", "ref": "", "oneway": "", "surface": ""}, "geometry": {"type": "LineString", "coordinates": [[60.7685827, 56.0663978], [60.768554, 56.0660282]]}}, {"type": "Feature", "properties": {"id": 184103380, "highway": "service", "name": "", "ref": "", "oneway": "", "surface": ""}, "geometry": {"type": "LineString", "coordinates": [[60.766706, 56.0663857], [60.7667607, 56.0666827], [60.768522, 56.0666253], [60.7685125, 56.0663962]]}}, {"type": "Feature", "properties": {"id": 184103526, "highway": "residential", "name": "Солнечная улица", "ref": "", "oneway": "", "surface": ""}, "geometry": {"type": "LineString", "coordinates": [[60.7617275, 56.0687361], [60.7634023, 56.0686196]]}}, {"type": "Feature", "properties": {"id": 185271014, "highway": "secondary", "name": "", "ref": "", "oneway": "", "surface": "asphalt"}, "geometry": {"type": "LineString", "coordinates": [[60.792663, 56.0669523], [60.7921179, 56.0668226], [60.7917118, 56.0666423], [60.7909741, 56.066398]]}}, {"type": "Feature", "properties": {"id": 185271015, "highway": "secondary", "name": "", "ref": "", "oneway": "no", "surface": "asphalt"}, "geometry": {"type": "LineString", "coordinates": [[60.7932638, 56.0667097], [60.7942904, 56.0668653]]}}, {"type": "Feature", "properties": {"id": 185271016, "highway": "secondary", "name": "Подъезд к Снежинску", "ref": "", "oneway": "", "surface": "asphalt"}, "geometry": {"type": "LineString", "coordinates": [[60.7958677, 56.0671196], [60.7953136, 56.0671139], [60.7941795, 56.0671641]]}}, {"type": "Feature", "properties": {"id": 196250421, "highway": "service", "name": "", "ref": "", "oneway": "", "surface": ""}, "geometry": {"type": "LineString", "coordinates": [[60.7383705, 56.0542042], [60.73911, 56.0544712], [60.7393575, 56.0545696], [60.7393846, 56.0546357], [60.7393629, 56.0547074], [60.7392773, 56.0547884], [60.7373566, 56.05631], [60.737255, 56.0563461], [60.7371262, 56.0563491], [60.7370296, 56.0563461], [60.7368473, 56.0563131], [60.7359208, 56.0559692]]}}, {"type": "Feature", "properties": {"id": 196250437, "highway": "service", "name": "", "ref": "", "oneway": "", "surface": ""}, "geometry": {"type": "LineString", "coordinates": [[60.7353474, 56.0562834], [60.7357362, 56.0561186], [60.7359208, 56.0559692], [60.7380113, 56.0542462], [60.7381559, 56.0541922], [60.7382635, 56.0541863], [60.7383705, 56.0542042]]}}, {"type": "Feature", "properties": {"id": 200785910, "highway": "service", "name": "", "ref": "", "oneway": "", "surface": ""}, "geometry": {"type": "LineString", "coordinates": [[60.7897414, 56.0661818], [60.7895182, 56.0667111], [60.7896434, 56.0668704], [60.7896931, 56.067005], [60.7896784, 56.0671057], [60.7894096, 56.0680922], [60.7892936, 56.0686101], [60.7892715, 56.0686604], [60.7891979, 56.0686892], [60.7890598, 56.0686872]]}}, {"type": "Feature", "properties": {"id": 200785912, "highway": "service", "name": "", "ref": "", "oneway": "", "surface": ""}, "geometry": {"type": "LineString", "coordinates": [[60.7892715, 56.0669937], [60.7892237, 56.0669731], [60.7891464, 56.0669536], [60.789012, 56.06693], [60.7888555, 56.0669248], [60.7887248, 56.0669495], [60.7886401, 56.0669906], [60.7885775, 56.0670697], [60.7884984, 56.0672043], [60.7884284, 56.0675383], [60.7883143, 56.0679524], [60.7883548, 56.0680295], [60.7889236, 56.0680932]]}}, {"type": "Feature", "properties": {"id": 200785913, "highway": "service", "name": "", "ref": "", "oneway": "", "surface": "gravel"}, "geometry": {"type": "LineString", "coordinates": [[60.792663, 56.0669523], [60.7926482, 56.0671008], [60.7927608, 56.0671906], [60.7930964, 56.0673658], [60.7932573, 56.0674556], [60.7932704, 56.0676338], [60.7932275, 56.0678374], [60.7918328, 56.0677865]]}}, {"type": "Feature", "properties": {"id": 200785928, "highway": "service", "name": "", "ref": "", "oneway": "", "surface": ""}, "geometry": {"type": "LineString", "coordinates": [[60.7890598, 56.0686872], [60.788885, 56.0686625], [60.7888242, 56.0686255], [60.7888242, 56.0685608], [60.7889236, 56.0680932], [60.789023, 56.0675784], [60.7891556, 56.0670944], [60.7892715, 56.0669937], [60.7893765, 56.0669567], [60.7894759, 56.0668693], [60.7895182, 56.0667111]]}}, {"type": "Feature", "properties": {"id": 200790448, "highway": "service", "name": "", "ref": "", "oneway": "", "surface": ""}, "geometry": {"type": "LineString", "coordinates": [[60.7655497, 56.0408034], [60.7664163, 56.0416879], [60.7671927, 56.0424805], [60.7673858, 56.0425704], [60.7674931, 56.0425704], [60.7676648, 56.0425524], [60.7683407, 56.0423367], [60.7684373, 56.0422528], [60.7684373, 56.0421569], [60.7675897, 56.0413239], [60.7674824, 56.041237], [60.7674073, 56.041198], [60.7673107, 56.041195], [60.7671766, 56.0412519], [60.7667311, 56.0415903]]}}, {"type": "Feature", "properties": {"id": 200790449, "highway": "service", "name": "", "ref": "", "oneway": "", "surface": ""}, "geometry": {"type": "LineString", "coordinates": [[60.7664163, 56.0416879], [60.7667311, 56.0415903], [60.7675897, 56.0413239], [60.7689952, 56.0408983], [60.7692312, 56.0408983], [60.7693814, 56.0410062], [60.7694351, 56.04118], [60.7695209, 56.0413418], [60.7698213, 56.0416774]]}}, {"type": "Feature", "properties": {"id": 200798475, "highway": "residential", "name": "", "ref": "", "oneway": "", "surface": ""}, "geometry": {"type": "LineString", "coordinates": [[60.7150054, 56.1195309], [60.7148284, 56.1194471], [60.7146192, 56.119184], [60.7145914, 56.1191129], [60.7145487, 56.1190039], [60.7143052, 56.1186114], [60.7136555, 56.1173879], [60.7136329, 56.1173454], [60.7134371, 56.1171536], [60.7132253, 56.1170444], [60.7129977, 56.1169558], [60.7128071, 56.1169057], [60.710732, 56.1165781], [60.7103985, 56.1164718], [60.7101338, 56.1163331], [60.709929, 56.1161089], [60.7098484, 56.1159911], [60.7098437, 56.1159151], [60.7098368, 56.1158049], [60.709856, 56.1154666], [60.7101074, 56.113719], [60.7101331, 56.1135475], [60.7101571, 56.1133877], [60.7101746, 56.1131888], [60.71018, 56.1130075], [60.7101475, 56.1128201], [60.7100607, 56.1126055], [60.7099794, 56.1124378], [60.7095403, 56.1118059], [60.7090919, 56.1111605], [60.7079294, 56.1094874], [60.707018, 56.1081755], [60.7069174, 56.1079975], [60.7068636, 56.1078611], [60.7068168, 56.1077112], [60.7068081, 56.1075883], [60.7068272, 56.107452], [60.7071063, 56.1060567], [60.7071436, 56.1058526], [60.7071029, 56.1056788], [60.7069376, 56.1054144], [60.7065895, 56.1050116], [60.7050166, 56.103192], [60.7036578, 56.1016199], [60.7021711, 56.0998997], [60.701703, 56.0993581], [60.701306, 56.0989817], [60.7010965, 56.0988219], [60.700856, 56.0986384], [60.6972088, 56.0965929], [60.6968632, 56.0963566], [60.6966633, 56.0961639], [60.6965109, 56.0959711], [60.6958781, 56.0950593], [60.6954369, 56.0939963], [60.6953353, 56.0937014], [60.695298, 56.0934935], [60.6952709, 56.0930362], [60.6952743, 56.0929322], [60.6953387, 56.0927773], [60.6953964, 56.0927373], [60.6954776, 56.0926809], [60.6956605, 56.0926336], [60.6958672, 56.0926317], [60.6965315, 56.0927161], [60.6967328, 56.0927417], [60.6970756, 56.0927471], [60.6977361, 56.0926628], [60.698115, 56.0925931], [60.6982954, 56.0925436], [60.698584, 56.0924081], [60.6986918, 56.0923454], [60.6999159, 56.0912057], [60.7002428, 56.0908823], [60.7010379, 56.090147], [60.702832, 56.0884878], [60.703057, 56.0883193], [60.7032841, 56.0881957], [60.7034825, 56.0880959], [60.7038396, 56.0879673], [60.704852, 56.0876283], [60.7065865, 56.0870392], [60.7119511, 56.0853267], [60.7121276, 56.0852668], [60.7144195, 56.084522], [60.7148164, 56.0844554], [60.7153208, 56.0843968], [60.7165182, 56.0843542], [60.7174432, 56.0843305], [60.7183136, 56.0842888]]}}, {"type": "Feature", "properties": {"id": 200802311, "highway": "service", "name": "", "ref": "", "oneway": "", "surface": ""}, "geometry": {"type": "LineString", "coordinates": [[60.7377874, 56.0913125], [60.7379353, 56.0916206], [60.7384512, 56.0926953], [60.7384426, 56.0927779], [60.7383889, 56.0928796], [60.7377645, 56.0932279]]}}, {"type": "Feature", "properties": {"id": 200802313, "highway": "service", "name": "", "ref": "", "oneway": "", "surface": ""}, "geometry": {"type": "LineString", "coordinates": [[60.7769741, 56.0891563], [60.7774883, 56.0891961], [60.7779711, 56.089245], [60.7787168, 56.0894036], [60.7792157, 56.0894425]]}}, {"type": "Feature", "properties": {"id": 200802317, "highway": "unclassified", "name": "", "ref": "", "oneway": "", "surface": ""}, "geometry": {"type": "LineString", "coordinates": [[60.7664559, 56.0776104], [60.7665615, 56.0778637], [60.7671457, 56.0792658], [60.7679261, 56.0810064], [60.7682097, 56.0813357], [60.7683591, 56.0816364], [60.7690125, 56.0829508], [60.7699478, 56.0842302], [60.7720238, 56.0874119], [60.772379, 56.0878656], [60.7728266, 56.0881466], [60.7754088, 56.0892256], [60.7756824, 56.0892974], [60.7768929, 56.0894126]]}}, {"type": "Feature", "properties": {"id": 200802320, "highway": "service", "name": "", "ref": "", "oneway": "", "surface": ""}, "geometry": {"type": "LineString", "coordinates": [[60.7766139, 56.0898496], [60.7768626, 56.089477], [60.7768929, 56.0894126], [60.7769591, 56.0892316], [60.7769741, 56.0891563], [60.7770074, 56.0889891], [60.777002, 56.0888814], [60.7773775, 56.0887766]]}}, {"type": "Feature", "properties": {"id": 202125960, "highway": "residential", "name": "улица № 13", "ref": "", "oneway": "", "surface": ""}, "geometry": {"type": "LineString", "coordinates": [[60.7426461, 56.0396058], [60.7417915, 56.0382272], [60.7416489, 56.0380294], [60.7415483, 56.0378912], [60.7415367, 56.0378524], [60.7417489, 56.0377981]]}}, {"type": "Feature", "properties": {"id": 202126133, "highway": "residential", "name": "улица № 16", "ref": "", "oneway": "", "surface": ""}, "geometry": {"type": "LineString", "coordinates": [[60.7441545, 56.039172], [60.7442916, 56.0391323], [60.744957, 56.0390177], [60.7449813, 56.0389838], [60.744685, 56.0384989], [60.7437971, 56.0372758], [60.7436821, 56.0372118]]}}, {"type": "Feature", "properties": {"id": 202126690, "highway": "residential", "name": "улица № 14", "ref": "", "oneway": "", "surface": ""}, "geometry": {"type": "LineString", "coordinates": [[60.7421915, 56.0376603], [60.7435645, 56.0395613]]}}, {"type": "Feature", "properties": {"id": 202136343, "highway": "service", "name": "", "ref": "", "oneway": "", "surface": ""}, "geometry": {"type": "LineString", "coordinates": [[60.7412083, 56.0673884], [60.741337, 56.0683526], [60.7423753, 56.0683054], [60.7424635, 56.0689811], [60.7414781, 56.0690251], [60.7414443, 56.0691548], [60.7412413, 56.0691637], [60.7395854, 56.0692362], [60.7383767, 56.0692892], [60.7375391, 56.0693259], [60.7371527, 56.0693429], [60.7367664, 56.0693598]]}}, {"type": "Feature", "properties": {"id": 202136536, "highway": "service", "name": "", "ref": "", "oneway": "", "surface": ""}, "geometry": {"type": "LineString", "coordinates": [[60.7401032, 56.0705082], [60.7406718, 56.0704762], [60.7414607, 56.0704452], [60.7414014, 56.0700831], [60.7412413, 56.0691637]]}}, {"type": "Feature", "properties": {"id": 202136572, "highway": "service", "name": "", "ref": "", "oneway": "", "surface": ""}, "geometry": {"type": "LineString", "coordinates": [[60.7380647, 56.0706639], [60.7373142, 56.0706999], [60.7371527, 56.0693429]]}}, {"type": "Feature", "properties": {"id": 202136654, "highway": "service", "name": "", "ref": "", "oneway": "", "surface": ""}, "geometry": {"type": "LineString", "coordinates": [[60.7380689, 56.0673205], [60.7376039, 56.0673405], [60.737679, 56.0679454], [60.7375717, 56.068143], [60.737679, 56.0687539], [60.7383544, 56.0687299], [60.7382793, 56.068149]]}}, {"type": "Feature", "properties": {"id": 202136689, "highway": "service", "name": "", "ref": "", "oneway": "", "surface": ""}, "geometry": {"type": "LineString", "coordinates": [[60.7382042, 56.0698196], [60.737561, 56.0698495], [60.7375391, 56.0693259]]}}, {"type": "Feature", "properties": {"id": 202136703, "highway": "service", "name": "", "ref": "", "oneway": "", "surface": ""}, "geometry": {"type": "LineString", "coordinates": [[60.7383973, 56.0698076], [60.7383767, 56.0692892], [60.7383544, 56.0687299]]}}, {"type": "Feature", "properties": {"id": 202136728, "highway": "service", "name": "", "ref": "", "oneway": "", "surface": ""}, "geometry": {"type": "LineString", "coordinates": [[60.7370675, 56.0684784], [60.7371319, 56.0687718], [60.737679, 56.0687539]]}}, {"type": "Feature", "properties": {"id": 202137041, "highway": "service", "name": "", "ref": "", "oneway": "", "surface": ""}, "geometry": {"type": "LineString", "coordinates": [[60.7374854, 56.0759036], [60.7389012, 56.075945], [60.7392597, 56.075941], [60.7396088, 56.0759121], [60.7398635, 56.0758634], [60.740014, 56.0758051], [60.7400994, 56.0757317], [60.7401032, 56.0755443], [60.7399336, 56.0748897], [60.739741, 56.0734571]]}}, {"type": "Feature", "properties": {"id": 202137887, "highway": "service", "name": "", "ref": "", "oneway": "", "surface": ""}, "geometry": {"type": "LineString", "coordinates": [[60.7884284, 56.0675383], [60.7887011, 56.0676107], [60.7889157, 56.0676137], [60.789023, 56.0675784]]}}, {"type": "Feature", "properties": {"id": 202137948, "highway": "service", "name": "", "ref": "", "oneway": "", "surface": ""}, "geometry": {"type": "LineString", "coordinates": [[60.7749934, 56.0561394], [60.775165, 56.0568163], [60.7753152, 56.057661], [60.7756371, 56.0587273], [60.7758035, 56.0599408]]}}, {"type": "Feature", "properties": {"id": 202138479, "highway": "service", "name": "", "ref": "", "oneway": "", "surface": ""}, "geometry": {"type": "LineString", "coordinates": [[60.782782, 56.0596857], [60.7780827, 56.0569421], [60.7769026, 56.0562831], [60.7763232, 56.0560794], [60.7761301, 56.0558638], [60.7753147, 56.0558877], [60.7747353, 56.0560076], [60.7748126, 56.0562071], [60.7749934, 56.0561394]]}}, {"type": "Feature", "properties": {"id": 202138979, "highway": "service", "name": "", "ref": "", "oneway": "", "surface": ""}, "geometry": {"type": "LineString", "coordinates": [[60.7763046, 56.0638685], [60.7763735, 56.06405], [60.7763293, 56.0642477], [60.776121, 56.0644773], [60.776134, 56.0646008], [60.7762379, 56.064843], [60.7762356, 56.0650252], [60.7764729, 56.0655053], [60.7760902, 56.0655809], [60.7760225, 56.065607], [60.7759991, 56.0656724]]}}, {"type": "Feature", "properties": {"id": 202139230, "highway": "service", "name": "", "ref": "", "oneway": "", "surface": ""}, "geometry": {"type": "LineString", "coordinates": [[60.7763662, 56.0665357], [60.775934, 56.0665255], [60.775593, 56.0665357], [60.7753508, 56.0665706], [60.775054, 56.0665706], [60.7747992, 56.0665059]]}}, {"type": "Feature", "properties": {"id": 202139304, "highway": "service", "name": "", "ref": "", "oneway": "", "surface": ""}, "geometry": {"type": "LineString", "coordinates": [[60.7741955, 56.0661579], [60.7741245, 56.0665502], [60.7742431, 56.0670447], [60.774836, 56.0670347]]}}, {"type": "Feature", "properties": {"id": 202139342, "highway": "service", "name": "", "ref": "", "oneway": "", "surface": ""}, "geometry": {"type": "LineString", "coordinates": [[60.7743188, 56.067927], [60.7742388, 56.0677569], [60.7742636, 56.067585], [60.7742431, 56.0670447]]}}, {"type": "Feature", "properties": {"id": 202144443, "highway": "track", "name": "", "ref": "", "oneway": "", "surface": "ground"}, "geometry": {"type": "LineString", "coordinates": [[60.7924821, 56.081747], [60.7941558, 56.0823457], [60.7942914, 56.0823874], [60.7968809, 56.0831838], [60.7989194, 56.0838902], [60.7998206, 56.0845966], [60.8006574, 56.0847882], [60.8020307, 56.08486], [60.8033064, 56.0846505], [60.8043056, 56.0841778], [60.8045198, 56.083974], [60.8052883, 56.0834207], [60.8065424, 56.0825175], [60.8070304, 56.0821661], [60.8077385, 56.0806335]]}}, {"type": "Feature", "properties": {"id": 202144503, "highway": "residential", "name": "Берёзовая улица", "ref": "", "oneway": "", "surface": "ground"}, "geometry": {"type": "LineString", "coordinates": [[60.8127257, 56.0717105], [60.8124869, 56.0721631], [60.8122542, 56.0726041], [60.8114044, 56.0734234], [60.8083143, 56.0745967], [60.8074047, 56.0750677], [60.8069696, 56.0752929], [60.8051931, 56.0762182], [60.8049835, 56.0763274], [60.8042241, 56.0766726], [60.8028744, 56.0773541], [60.8017906, 56.078015]]}}, {"type": "Feature", "properties": {"id": 202144578, "highway": "residential", "name": "Зелёная улица", "ref": "", "oneway": "", "surface": "ground"}, "geometry": {"type": "LineString", "coordinates": [[60.8028744, 56.0773541], [60.8041553, 56.0796941], [60.8052883, 56.0834207]]}}, {"type": "Feature", "properties": {"id": 202144631, "highway": "residential", "name": "Снежинская улица", "ref": "", "oneway": "", "surface": "ground"}, "geometry": {"type": "LineString", "coordinates": [[60.8042241, 56.0766726], [60.8043285, 56.0769965], [60.8051161, 56.0784422], [60.805936, 56.0802503], [60.8063223, 56.0814956], [60.8065424, 56.0825175]]}}, {"type": "Feature", "properties": {"id": 202145437, "highway": "track", "name": "", "ref": "", "oneway": "", "surface": ""}, "geometry": {"type": "LineString", "coordinates": [[60.8028744, 56.0773541], [60.80261, 56.0770295], [60.8022887, 56.0764969], [60.801645, 56.0762035], [60.8013548, 56.0757841], [60.8001531, 56.0741674], [60.8003892, 56.0737362], [60.8002926, 56.0731314], [60.8001853, 56.0721913], [60.8000888, 56.0716523], [60.7986112, 56.071171]]}}, {"type": "Feature", "properties": {"id": 234445283, "highway": "service", "name": "", "ref": "", "oneway": "", "surface": ""}, "geometry": {"type": "LineString", "coordinates": [[60.7632777, 56.0723738], [60.763329, 56.0728998]]}}, {"type": "Feature", "properties": {"id": 243350369, "highway": "track", "name": "", "ref": "", "oneway": "", "surface": ""}, "geometry": {"type": "LineString", "coordinates": [[60.7610686, 56.0377461], [60.7615783, 56.0373305], [60.7624489, 56.036646], [60.7628066, 56.0362958], [60.7632973, 56.0359155], [60.763481, 56.0356998], [60.7634905, 56.0355477], [60.7634525, 56.0351444], [60.7634525, 56.0348702], [60.7634081, 56.0346297], [60.763386, 56.0345572], [60.7633385, 56.0345271], [60.7632277, 56.0345324], [60.7629206, 56.0345819], [60.7612775, 56.0346987], [60.7609609, 56.0347393], [60.7605303, 56.0347252], [60.760065, 56.0347553], [60.7579755, 56.0348101], [60.7576842, 56.0348278], [60.7573455, 56.0347783], [60.7564337, 56.0349091], [60.7548191, 56.0349693], [60.7537395, 56.0349587], [60.7513466, 56.0350248], [60.7507102, 56.0350832], [60.7500454, 56.035108], [60.7497415, 56.0350691], [60.7494945, 56.0350726], [60.7492792, 56.0350885], [60.7490527, 56.0351677]]}}, {"type": "Feature", "properties": {"id": 245408168, "highway": "service", "name": "", "ref": "", "oneway": "", "surface": ""}, "geometry": {"type": "LineString", "coordinates": [[60.7385259, 56.0810042], [60.7385051, 56.0808119], [60.7384739, 56.0805387], [60.7384408, 56.0802358]]}}, {"type": "Feature", "properties": {"id": 249410598, "highway": "unclassified", "name": "", "ref": "", "oneway": "", "surface": "unpaved"}, "geometry": {"type": "LineString", "coordinates": [[60.7679261, 56.0810064], [60.7680882, 56.0810512], [60.7703138, 56.0810102], [60.7764947, 56.0821765], [60.7828294, 56.0833734], [60.7835857, 56.0835181], [60.7837751, 56.0830662], [60.7853161, 56.0830173], [60.7865217, 56.0828024], [60.7877481, 56.0825296], [60.7887671, 56.0822066], [60.7886998, 56.0819717]]}}, {"type": "Feature", "properties": {"id": 249410600, "highway": "service", "name": "", "ref": "", "oneway": "", "surface": ""}, "geometry": {"type": "LineString", "coordinates": [[60.7807217, 56.0746508], [60.780729, 56.0747692]]}}, {"type": "Feature", "properties": {"id": 249410601, "highway": "service", "name": "", "ref": "", "oneway": "", "surface": ""}, "geometry": {"type": "LineString", "coordinates": [[60.7932275, 56.0678374], [60.7931479, 56.0682846]]}}, {"type": "Feature", "properties": {"id": 249410606, "highway": "service", "name": "", "ref": "", "oneway": "", "surface": ""}, "geometry": {"type": "LineString", "coordinates": [[60.7804503, 56.0746613], [60.7804577, 56.0747634]]}}, {"type": "Feature", "properties": {"id": 249410607, "highway": "service", "name": "", "ref": "", "oneway": "", "surface": ""}, "geometry": {"type": "LineString", "coordinates": [[60.7791984, 56.0747035], [60.7792021, 56.0747852]]}}, {"type": "Feature", "properties": {"id": 249410610, "highway": "service", "name": "", "ref": "", "oneway": "", "surface": ""}, "geometry": {"type": "LineString", "coordinates": [[60.7796555, 56.0746909], [60.7796573, 56.0747968]]}}, {"type": "Feature", "properties": {"id": 249410614, "highway": "service", "name": "", "ref": "", "oneway": "", "surface": ""}, "geometry": {"type": "LineString", "coordinates": [[60.7814512, 56.0735378], [60.7814604, 56.0736479]]}}, {"type": "Feature", "properties": {"id": 249410616, "highway": "service", "name": "", "ref": "", "oneway": "", "surface": ""}, "geometry": {"type": "LineString", "coordinates": [[60.781317, 56.0746225], [60.7813133, 56.0745174]]}}, {"type": "Feature", "properties": {"id": 249410619, "highway": "service", "name": "", "ref": "", "oneway": "", "surface": ""}, "geometry": {"type": "LineString", "coordinates": [[60.7767413, 56.0748061], [60.7767444, 56.0749401]]}}, {"type": "Feature", "properties": {"id": 249410624, "highway": "unclassified", "name": "", "ref": "", "oneway": "", "surface": "unpaved"}, "geometry": {"type": "LineString", "coordinates": [[60.7837751, 56.0830662], [60.7835661, 56.0830182], [60.7826941, 56.0830149]]}}, {"type": "Feature", "properties": {"id": 249410636, "highway": "service", "name": "", "ref": "", "oneway": "", "surface": ""}, "geometry": {"type": "LineString", "coordinates": [[60.7704646, 56.0687202], [60.7706843, 56.0687132], [60.770666, 56.0685335], [60.7704464, 56.0685405], [60.7704646, 56.0687202]]}}, {"type": "Feature", "properties": {"id": 249410645, "highway": "unclassified", "name": "", "ref": "", "oneway": "", "surface": "unpaved"}, "geometry": {"type": "LineString", "coordinates": [[60.7862896, 56.0822673], [60.7865217, 56.0828024], [60.7866888, 56.0833094], [60.7856747, 56.0835098], [60.7851496, 56.083593]]}}, {"type": "Feature", "properties": {"id": 249410648, "highway": "service", "name": "", "ref": "", "oneway": "", "surface": ""}, "geometry": {"type": "LineString", "coordinates": [[60.7585386, 56.0737876], [60.7593616, 56.0737564], [60.7597242, 56.0737427], [60.7601506, 56.0737187], [60.7602043, 56.074111], [60.7594137, 56.0741492], [60.7591919, 56.0740842], [60.7585386, 56.0737876]]}}, {"type": "Feature", "properties": {"id": 249410652, "highway": "track", "name": "", "ref": "", "oneway": "", "surface": ""}, "geometry": {"type": "LineString", "coordinates": [[60.7849297, 56.0858517], [60.7851125, 56.0858372], [60.7852003, 56.0857868], [60.785814, 56.0854106], [60.7915328, 56.081758], [60.7915789, 56.0817099], [60.7916097, 56.0816278], [60.7931479, 56.0682846]]}}, {"type": "Feature", "properties": {"id": 251388692, "highway": "service", "name": "", "ref": "", "oneway": "", "surface": ""}, "geometry": {"type": "LineString", "coordinates": [[60.7376435, 56.077049], [60.737443, 56.0770522], [60.7364949, 56.0770674]]}}, {"type": "Feature", "properties": {"id": 251388693, "highway": "footway", "name": "", "ref": "", "oneway": "", "surface": ""}, "geometry": {"type": "LineString", "coordinates": [[60.7370612, 56.0741771], [60.7358124, 56.0742263]]}}, {"type": "Feature", "properties": {"id": 251388694, "highway": "service", "name": "", "ref": "", "oneway": "", "surface": ""}, "geometry": {"type": "LineString", "coordinates": [[60.740014, 56.0758051], [60.7401838, 56.0758538], [60.7402215, 56.0758722], [60.7402734, 56.0759222], [60.740422, 56.0771069]]}}, {"type": "Feature", "properties": {"id": 251388695, "highway": "footway", "name": "", "ref": "", "oneway": "", "surface": ""}, "geometry": {"type": "LineString", "coordinates": [[60.737443, 56.0770522], [60.7371124, 56.0745677], [60.7370612, 56.0741771], [60.7367242, 56.0714224], [60.7367053, 56.0712953]]}}, {"type": "Feature", "properties": {"id": 251388696, "highway": "service", "name": "", "ref": "", "oneway": "", "surface": ""}, "geometry": {"type": "LineString", "coordinates": [[60.7386422, 56.0713558], [60.7386846, 56.0716519], [60.7387224, 56.0720028], [60.7387302, 56.0724986], [60.7374434, 56.0725639], [60.7373135, 56.0714197]]}}, {"type": "Feature", "properties": {"id": 251388697, "highway": "service", "name": "", "ref": "", "oneway": "", "surface": ""}, "geometry": {"type": "LineString", "coordinates": [[60.7413455, 56.0753671], [60.7409302, 56.0754257], [60.7405538, 56.0754392], [60.7407197, 56.0767767], [60.7408493, 56.0768696], [60.7408469, 56.0770635], [60.7408424, 56.0772647], [60.7408375, 56.0774785], [60.7426225, 56.0774292]]}}, {"type": "Feature", "properties": {"id": 252594545, "highway": "service", "name": "", "ref": "", "oneway": "", "surface": ""}, "geometry": {"type": "LineString", "coordinates": [[60.7350701, 56.0889824], [60.7346131, 56.0891923]]}}, {"type": "Feature", "properties": {"id": 252594547, "highway": "footway", "name": "", "ref": "", "oneway": "", "surface": "asphalt"}, "geometry": {"type": "LineString", "coordinates": [[60.7369831, 56.0880666], [60.7369158, 56.0881326], [60.7359919, 56.0890469], [60.7358757, 56.0891659], [60.7356278, 56.0893574], [60.7355231, 56.0895477], [60.7349881, 56.0897581], [60.7347274, 56.0898006], [60.734277, 56.0898326], [60.7334604, 56.0898753], [60.7332894, 56.0899032]]}}, {"type": "Feature", "properties": {"id": 254994153, "highway": "service", "name": "", "ref": "", "oneway": "", "surface": ""}, "geometry": {"type": "LineString", "coordinates": [[60.7550101, 56.0768777], [60.7549933, 56.0766124]]}}, {"type": "Feature", "properties": {"id": 254994155, "highway": "service", "name": "", "ref": "", "oneway": "", "surface": ""}, "geometry": {"type": "LineString", "coordinates": [[60.763919, 56.0816062], [60.7641366, 56.08183], [60.7646024, 56.0823088]]}}, {"type": "Feature", "properties": {"id": 254994156, "highway": "service", "name": "", "ref": "", "oneway": "", "surface": ""}, "geometry": {"type": "LineString", "coordinates": [[60.7541808, 56.077084], [60.7541426, 56.0766367]]}}, {"type": "Feature", "properties": {"id": 254994157, "highway": "service", "name": "", "ref": "", "oneway": "", "surface": ""}, "geometry": {"type": "LineString", "coordinates": [[60.7468458, 56.082141], [60.7468288, 56.0818226]]}}, {"type": "Feature", "properties": {"id": 254994158, "highway": "service", "name": "", "ref": "", "oneway": "", "surface": ""}, "geometry": {"type": "LineString", "coordinates": [[60.7462595, 56.0821163], [60.7464229, 56.0821099], [60.7466305, 56.0821056]]}}, {"type": "Feature", "properties": {"id": 254994159, "highway": "service", "name": "", "ref": "", "oneway": "", "surface": ""}, "geometry": {"type": "LineString", "coordinates": [[60.7550998, 56.0763285], [60.7550369, 56.0757726], [60.7549994, 56.0754406]]}}, {"type": "Feature", "properties": {"id": 254994160, "highway": "service", "name": "", "ref": "", "oneway": "", "surface": ""}, "geometry": {"type": "LineString", "coordinates": [[60.7534801, 56.0741447], [60.7540626, 56.0741663], [60.7550476, 56.0741447], [60.7559066, 56.074122], [60.756001, 56.0744422]]}}, {"type": "Feature", "properties": {"id": 254994161, "highway": "service", "name": "", "ref": "", "oneway": "", "surface": ""}, "geometry": {"type": "LineString", "coordinates": [[60.7541426, 56.0766367], [60.7541402, 56.076603], [60.7540819, 56.0757883], [60.7540726, 56.0756541], [60.7542847, 56.0756491]]}}, {"type": "Feature", "properties": {"id": 254994162, "highway": "service", "name": "", "ref": "", "oneway": "", "surface": ""}, "geometry": {"type": "LineString", "coordinates": [[60.756155, 56.0762961], [60.7561493, 56.0760627], [60.7555986, 56.076075], [60.7555677, 56.0757578], [60.7550369, 56.0757726]]}}, {"type": "Feature", "properties": {"id": 254994163, "highway": "service", "name": "", "ref": "", "oneway": "", "surface": "asphalt"}, "geometry": {"type": "LineString", "coordinates": [[60.7641006, 56.0836353], [60.765536, 56.083621], [60.7654232, 56.0823167], [60.7646024, 56.0823088], [60.7641006, 56.0830947], [60.7641006, 56.0836353]]}}, {"type": "Feature", "properties": {"id": 254994164, "highway": "service", "name": "", "ref": "", "oneway": "", "surface": ""}, "geometry": {"type": "LineString", "coordinates": [[60.7550632, 56.0744736], [60.756001, 56.0744422], [60.7561049, 56.0744437], [60.7561478, 56.0750265], [60.756048, 56.0752513], [60.7551258, 56.0753216], [60.7540702, 56.0753029], [60.7540438, 56.0749824], [60.7540626, 56.0741663]]}}, {"type": "Feature", "properties": {"id": 255018147, "highway": "service", "name": "", "ref": "", "oneway": "", "surface": ""}, "geometry": {"type": "LineString", "coordinates": [[60.7690229, 56.0764115], [60.769059, 56.076777], [60.7691333, 56.0768641], [60.7692558, 56.0769305], [60.7694412, 56.0769666], [60.7696419, 56.0769719], [60.7698418, 56.076947], [60.7699975, 56.0768934], [60.7700937, 56.0768162], [60.7701367, 56.0767372], [60.7701155, 56.0763813]]}}, {"type": "Feature", "properties": {"id": 255018148, "highway": "service", "name": "", "ref": "", "oneway": "", "surface": ""}, "geometry": {"type": "LineString", "coordinates": [[60.7637976, 56.0776667], [60.763787, 56.0774486], [60.7637833, 56.0773661], [60.7637692, 56.0770536], [60.7646432, 56.0770414], [60.7646256, 56.076649], [60.7637343, 56.0766615]]}}, {"type": "Feature", "properties": {"id": 255018149, "highway": "service", "name": "", "ref": "", "oneway": "", "surface": ""}, "geometry": {"type": "LineString", "coordinates": [[60.7432191, 56.0805778], [60.7433513, 56.0814129], [60.7441714, 56.081377], [60.7441072, 56.0809405], [60.743922, 56.0809447], [60.7438993, 56.0807465]]}}, {"type": "Feature", "properties": {"id": 255018150, "highway": "service", "name": "", "ref": "", "oneway": "", "surface": ""}, "geometry": {"type": "LineString", "coordinates": [[60.7710256, 56.0763581], [60.7701155, 56.0763813], [60.7690229, 56.0764115], [60.768341, 56.0764335], [60.7684143, 56.0773496]]}}, {"type": "Feature", "properties": {"id": 256127011, "highway": "track", "name": "", "ref": "", "oneway": "", "surface": ""}, "geometry": {"type": "LineString", "coordinates": [[60.6935866, 56.0926619], [60.6920174, 56.0922128], [60.690023, 56.0916411], [60.6886979, 56.0912446], [60.6874643, 56.0908754], [60.6861002, 56.0904373]]}}, {"type": "Feature", "properties": {"id": 256127012, "highway": "track", "name": "", "ref": "", "oneway": "", "surface": "ground"}, "geometry": {"type": "LineString", "coordinates": [[60.6859939, 56.0893748], [60.6859804, 56.0892816], [60.6859763, 56.0892428], [60.6859334, 56.0888323], [60.6857686, 56.0871486], [60.6856644, 56.0861404], [60.6856592, 56.08609], [60.685587, 56.0853765], [60.6854129, 56.083657], [60.6854039, 56.083571], [60.6852487, 56.0820943], [60.6851232, 56.0806154], [60.6851027, 56.0803738], [60.6849476, 56.078531], [60.6847812, 56.0762856], [60.6845361, 56.0736122]]}}, {"type": "Feature", "properties": {"id": 256127013, "highway": "track", "name": "", "ref": "", "oneway": "", "surface": ""}, "geometry": {"type": "LineString", "coordinates": [[60.6860874, 56.0903044], [60.6823847, 56.0903891], [60.6802526, 56.0904379], [60.6776539, 56.0904941], [60.6745181, 56.0905619], [60.6716597, 56.0906501], [60.6696949, 56.0907107], [60.6649384, 56.0908719], [60.6605052, 56.0909933], [60.6602353, 56.0910433], [60.6598357, 56.0912453], [60.6596729, 56.0913447], [60.6563085, 56.0933999], [60.6545061, 56.0944817], [60.6523649, 56.0957076], [60.6510541, 56.0964581], [60.6508291, 56.0965423], [60.639419, 56.0969956], [60.6392249, 56.0970608]]}}, {"type": "Feature", "properties": {"id": 256127014, "highway": "track", "name": "", "ref": "", "oneway": "", "surface": ""}, "geometry": {"type": "LineString", "coordinates": [[60.6862731, 56.0919642], [60.6863394, 56.0925742]]}}, {"type": "Feature", "properties": {"id": 256129813, "highway": "path", "name": "", "ref": "", "oneway": "", "surface": ""}, "geometry": {"type": "LineString", "coordinates": [[60.6886979, 56.0912446], [60.6885391, 56.0914291], [60.6885126, 56.0917025], [60.6885567, 56.0918667], [60.6886417, 56.0920183], [60.6887377, 56.0922195], [60.6887443, 56.0925519], [60.6887883, 56.092965], [60.6887708, 56.0934605], [60.6887841, 56.0938995], [60.6887885, 56.0939952], [60.68874, 56.0940467], [60.6886082, 56.0941233], [60.688466, 56.0941629]]}}, {"type": "Feature", "properties": {"id": 256129814, "highway": "path", "name": "освещённая лыжня", "ref": "", "oneway": "", "surface": ""}, "geometry": {"type": "LineString", "coordinates": [[60.688466, 56.0941629], [60.68813, 56.0940533], [60.6879468, 56.0939891], [60.6877719, 56.0939068], [60.6876079, 56.0937939], [60.6875279, 56.0936847], [60.6874733, 56.0935033], [60.6875805, 56.0933573], [60.6876383, 56.09325], [60.6877123, 56.093063], [60.6875365, 56.0927982], [60.6873917, 56.0926133], [60.6870833, 56.09239], [60.6867892, 56.0922097], [60.6865167, 56.0921116], [60.6862731, 56.0919642]]}}, {"type": "Feature", "properties": {"id": 256129815, "highway": "path", "name": "", "ref": "", "oneway": "", "surface": ""}, "geometry": {"type": "LineString", "coordinates": [[60.6823847, 56.0903891], [60.6823783, 56.0900817], [60.6824317, 56.0897867], [60.6827188, 56.0896348], [60.6833254, 56.0895759], [60.6838089, 56.0895318], [60.6842924, 56.0895023], [60.6848375, 56.0894778], [60.6852717, 56.0894667], [60.6856639, 56.0894386], [60.6859013, 56.0893405], [60.6859804, 56.0892816]]}}, {"type": "Feature", "properties": {"id": 256129817, "highway": "path", "name": "", "ref": "", "oneway": "", "surface": ""}, "geometry": {"type": "LineString", "coordinates": [[60.6870142, 56.0889222], [60.6870136, 56.0891197], [60.6870846, 56.0892485], [60.6873599, 56.0893773], [60.6876352, 56.0894516], [60.6879283, 56.08955], [60.68814, 56.0896733], [60.6883189, 56.0898133], [60.6884753, 56.0899247], [60.6886108, 56.0900591], [60.6887583, 56.0902217], [60.68882, 56.09037], [60.6888819, 56.0905044], [60.688912, 56.09065], [60.6888983, 56.090785], [60.688865, 56.0909333], [60.6888251, 56.0910766], [60.6887564, 56.0911793], [60.6886979, 56.0912446]]}}, {"type": "Feature", "properties": {"id": 256129818, "highway": "track", "name": "", "ref": "", "oneway": "", "surface": ""}, "geometry": {"type": "LineString", "coordinates": [[60.6856644, 56.0861404], [60.6862114, 56.08612], [60.6935057, 56.0857893]]}}, {"type": "Feature", "properties": {"id": 256129819, "highway": "track", "name": "освещённая лыжня", "ref": "", "oneway": "", "surface": ""}, "geometry": {"type": "LineString", "coordinates": [[60.6859939, 56.0893748], [60.6863233, 56.0892129], [60.6870142, 56.0889222], [60.6932486, 56.0859644], [60.6935057, 56.0857893]]}}, {"type": "Feature", "properties": {"id": 287996778, "highway": "service", "name": "", "ref": "", "oneway": "", "surface": ""}, "geometry": {"type": "LineString", "coordinates": [[60.7517386, 56.0728671], [60.7517132, 56.0726443], [60.7505853, 56.0726806]]}}, {"type": "Feature", "properties": {"id": 287996779, "highway": "service", "name": "", "ref": "", "oneway": "", "surface": ""}, "geometry": {"type": "LineString", "coordinates": [[60.7597368, 56.0751877], [60.7604327, 56.0751402], [60.760469, 56.0757521]]}}, {"type": "Feature", "properties": {"id": 287996780, "highway": "service", "name": "", "ref": "", "oneway": "", "surface": ""}, "geometry": {"type": "LineString", "coordinates": [[60.7506095, 56.0729019], [60.7505853, 56.0726806], [60.7504469, 56.0714124], [60.7520548, 56.0713574]]}}, {"type": "Feature", "properties": {"id": 287996781, "highway": "service", "name": "", "ref": "", "oneway": "", "surface": ""}, "geometry": {"type": "LineString", "coordinates": [[60.7529904, 56.0709015], [60.7521474, 56.0709237], [60.7520714, 56.070946], [60.7520207, 56.0710005], [60.7520548, 56.0713574], [60.752151, 56.0723676]]}}, {"type": "Feature", "properties": {"id": 287996782, "highway": "service", "name": "", "ref": "", "oneway": "", "surface": ""}, "geometry": {"type": "LineString", "coordinates": [[60.760469, 56.0757521], [60.7603643, 56.075847], [60.7599986, 56.0758608], [60.759061, 56.0758923], [60.7590344, 56.0756612], [60.7597693, 56.075638], [60.7597368, 56.0751877], [60.7595848, 56.0751514], [60.7595676, 56.0749497], [60.7588749, 56.0749544], [60.7588033, 56.0748981], [60.7588153, 56.0747082]]}}, {"type": "Feature", "properties": {"id": 299990451, "highway": "tertiary", "name": "", "ref": "", "oneway": "", "surface": "asphalt"}, "geometry": {"type": "LineString", "coordinates": [[60.7542856, 56.084697], [60.7542168, 56.0842391], [60.7541747, 56.0838619], [60.7540307, 56.0820018]]}}, {"type": "Feature", "properties": {"id": 300744877, "highway": "path", "name": "", "ref": "", "oneway": "", "surface": "ground"}, "geometry": {"type": "LineString", "coordinates": [[60.7631582, 56.0817784], [60.7632172, 56.0820149], [60.7631958, 56.0822154], [60.7633353, 56.082395], [60.7634426, 56.0825507], [60.7635284, 56.0828141], [60.7635199, 56.0829323], [60.7635328, 56.083047], [60.7636034, 56.0831563], [60.7636516, 56.08328], [60.7636741, 56.083452], [60.7637383, 56.0835344], [60.7638571, 56.0836473], [60.7639245, 56.083753], [60.7639727, 56.083882], [60.7640016, 56.0839985], [60.7641365, 56.0841508], [60.7642103, 56.084269], [60.7642617, 56.084407], [60.7642907, 56.0844833], [60.7643067, 56.0845253], [60.7643486, 56.0846563], [60.7642907, 56.0844833]]}}, {"type": "Feature", "properties": {"id": 300788112, "highway": "track", "name": "", "ref": "", "oneway": "", "surface": ""}, "geometry": {"type": "LineString", "coordinates": [[60.7778008, 56.0850381], [60.7775603, 56.0850315], [60.7771298, 56.0851122], [60.7766524, 56.0849386], [60.7765193, 56.0848511], [60.7765154, 56.0843583], [60.776401, 56.0842241], [60.776539, 56.0831834], [60.776472, 56.0826619], [60.776615, 56.0822854], [60.7764947, 56.0821765]]}}, {"type": "Feature", "properties": {"id": 300789625, "highway": "path", "name": "", "ref": "", "oneway": "", "surface": "ground"}, "geometry": {"type": "LineString", "coordinates": [[60.7766524, 56.0849386], [60.7766363, 56.0851092], [60.7766121, 56.0852305], [60.7765263, 56.0855163], [60.7759845, 56.0861493], [60.7757136, 56.0868557], [60.7750538, 56.0873675], [60.774233, 56.0875964], [60.7734445, 56.0879107], [60.7729, 56.0878149], [60.772379, 56.0878656]]}}, {"type": "Feature", "properties": {"id": 300789626, "highway": "footway", "name": "", "ref": "", "oneway": "", "surface": "ground"}, "geometry": {"type": "LineString", "coordinates": [[60.7327231, 56.0744989], [60.7326427, 56.0742486], [60.7323959, 56.0740989], [60.7321062, 56.0739312], [60.7317951, 56.0737217], [60.7314893, 56.073536], [60.7311889, 56.0733893], [60.7307276, 56.0731408], [60.7303199, 56.0729133], [60.7299122, 56.0726737], [60.7295635, 56.0724671], [60.7287749, 56.072036], [60.7285338, 56.0719042], [60.7282653, 56.0717575], [60.7277396, 56.0714551], [60.7273105, 56.0712096], [60.7268974, 56.0709581], [60.7264843, 56.0707245], [60.7260176, 56.070464], [60.7253364, 56.0700748], [60.724816, 56.0697604], [60.7242152, 56.069431], [60.7236197, 56.0690807], [60.723094, 56.0687872], [60.7226756, 56.0685626], [60.7222679, 56.0683141], [60.7217207, 56.0680146], [60.7213291, 56.067796], [60.7208785, 56.0675415], [60.7198968, 56.0669696], [60.7193979, 56.066709], [60.718883, 56.0664126], [60.7184753, 56.066173], [60.7181588, 56.0659754], [60.7180756, 56.0659064], [60.7179386, 56.0656308]]}}, {"type": "Feature", "properties": {"id": 300789627, "highway": "path", "name": "", "ref": "", "oneway": "", "surface": "ground"}, "geometry": {"type": "LineString", "coordinates": [[60.7287323, 56.0716907], [60.7286408, 56.0717755], [60.7285338, 56.0719042], [60.7283833, 56.0720749], [60.7281688, 56.0722486], [60.7276162, 56.0724342], [60.7270905, 56.0725869], [60.7267955, 56.0727157], [60.7264629, 56.0728983], [60.7262429, 56.0730091], [60.7260498, 56.0731797], [60.7259962, 56.0733534], [60.7259586, 56.0735121], [60.7259586, 56.073563]]}}, {"type": "Feature", "properties": {"id": 300952346, "highway": "path", "name": "", "ref": "", "oneway": "", "surface": ""}, "geometry": {"type": "LineString", "coordinates": [[60.743653, 56.0857766], [60.7436606, 56.0858852], [60.7434675, 56.0861007], [60.7433119, 56.0863821], [60.7432636, 56.0866903], [60.7432154, 56.0869986], [60.743151, 56.0872979], [60.7430115, 56.0876331], [60.7428774, 56.0879204], [60.7426682, 56.0882467], [60.7424214, 56.0885549], [60.741727, 56.0892902], [60.7415917, 56.0894119], [60.7413646, 56.0895815], [60.7409784, 56.089791], [60.7404956, 56.0899586], [60.7401308, 56.0900693], [60.7399699, 56.0902788], [60.7397285, 56.0905451], [60.7394817, 56.0906948], [60.7391813, 56.0908684], [60.7389644, 56.0909647]]}}, {"type": "Feature", "properties": {"id": 300953340, "highway": "footway", "name": "", "ref": "", "oneway": "", "surface": ""}, "geometry": {"type": "LineString", "coordinates": [[60.6866419, 56.0955802], [60.6867388, 56.0974726]]}}, {"type": "Feature", "properties": {"id": 300953341, "highway": "track", "name": "", "ref": "", "oneway": "", "surface": ""}, "geometry": {"type": "LineString", "coordinates": [[60.6798294, 56.0991123], [60.6803873, 56.0993278], [60.6807306, 56.0994355], [60.6812134, 56.0997586], [60.6824902, 56.0999321], [60.6829713, 56.0998994], [60.6841639, 56.0998184], [60.6845433, 56.0996248], [60.6846681, 56.0995611], [60.685108, 56.0992141], [60.6857732, 56.0979693], [60.6862131, 56.0977778], [60.6867598, 56.0976383], [60.6872216, 56.0975205], [60.690078, 56.0966063], [60.6904188, 56.0964972], [60.6918886, 56.0961202], [60.692307, 56.0957611], [60.6928181, 56.0951864]]}}, {"type": "Feature", "properties": {"id": 304407273, "highway": "track", "name": "", "ref": "", "oneway": "", "surface": ""}, "geometry": {"type": "LineString", "coordinates": [[60.7801532, 56.085895], [60.7780628, 56.086378], [60.7767655, 56.0869808], [60.7766906, 56.0870688], [60.7765407, 56.0876672], [60.7766787, 56.0877178], [60.7769114, 56.087709], [60.7771914, 56.0877662]]}}, {"type": "Feature", "properties": {"id": 304407274, "highway": "track", "name": "", "ref": "", "oneway": "", "surface": ""}, "geometry": {"type": "LineString", "coordinates": [[60.776401, 56.0842241], [60.7762843, 56.0842995], [60.7763847, 56.0843881], [60.7765154, 56.0843583], [60.7767862, 56.0844115], [60.777026, 56.0841766], [60.7773857, 56.0840677], [60.7775502, 56.0841003], [60.778066, 56.0845624], [60.7780493, 56.0846604], [60.7782716, 56.0851255]]}}, {"type": "Feature", "properties": {"id": 304407275, "highway": "track", "name": "", "ref": "", "oneway": "", "surface": ""}, "geometry": {"type": "LineString", "coordinates": [[60.7765193, 56.0848511], [60.776512, 56.0849145], [60.7765204, 56.0851448], [60.7766121, 56.0852305], [60.7770035, 56.0853666], [60.7779676, 56.0854062], [60.779485, 56.0856601], [60.7797917, 56.0858126], [60.7801532, 56.085895], [60.785556, 56.0845824], [60.7875695, 56.084174], [60.788396, 56.0832178], [60.7897529, 56.0821739], [60.7913868, 56.0817025], [60.7915789, 56.0817099]]}}, {"type": "Feature", "properties": {"id": 304407276, "highway": "track", "name": "", "ref": "", "oneway": "", "surface": ""}, "geometry": {"type": "LineString", "coordinates": [[60.7828294, 56.0833734], [60.7828071, 56.0834784], [60.7830971, 56.0838425], [60.783164, 56.0838954], [60.7831864, 56.0839623], [60.7831724, 56.0840292]]}}, {"type": "Feature", "properties": {"id": 344139099, "highway": "footway", "name": "", "ref": "", "oneway": "", "surface": "asphalt"}, "geometry": {"type": "LineString", "coordinates": [[60.7639507, 56.0764248], [60.765283, 56.0764075], [60.7654895, 56.0764048]]}}, {"type": "Feature", "properties": {"id": 344139100, "highway": "footway", "name": "", "ref": "", "oneway": "", "surface": "unpaved"}, "geometry": {"type": "LineString", "coordinates": [[60.7559637, 56.0765866], [60.7560953, 56.0766313], [60.7574989, 56.0765868], [60.7637022, 56.0763901], [60.7639507, 56.0764248]]}}, {"type": "Feature", "properties": {"id": 354725513, "highway": "track", "name": "", "ref": "", "oneway": "", "surface": "gravel"}, "geometry": {"type": "LineString", "coordinates": [[60.7861434, 56.0855711], [60.7869394, 56.0861032], [60.7870171, 56.0862912], [60.7868745, 56.0870579], [60.7868669, 56.0877074], [60.7871337, 56.089166], [60.7871677, 56.0897911], [60.7870852, 56.0901808], [60.7866293, 56.0913011], [60.7863771, 56.0926405], [60.7863916, 56.0931221], [60.7865323, 56.0935442], [60.7867311, 56.093785], [60.7884304, 56.0952863], [60.7904926, 56.0973267], [60.7906727, 56.0975385], [60.7918919, 56.0989719], [60.7922888, 56.0994522], [60.7925253, 56.0998081], [60.7926861, 56.1001416], [60.7930157, 56.1009922], [60.7930714, 56.1011956], [60.7940741, 56.1042301], [60.7947051, 56.1053166], [60.7949658, 56.1059516], [60.7953693, 56.1060854]]}}, {"type": "Feature", "properties": {"id": 355255880, "highway": "tertiary", "name": "", "ref": "", "oneway": "yes", "surface": "asphalt"}, "geometry": {"type": "LineString", "coordinates": [[60.7175118, 56.0656449], [60.7174239, 56.0646816], [60.7174139, 56.0645303], [60.7171998, 56.0645061], [60.7171983, 56.0644591]]}}, {"type": "Feature", "properties": {"id": 364143090, "highway": "cycleway", "name": "", "ref": "", "oneway": "", "surface": "asphalt"}, "geometry": {"type": "LineString", "coordinates": [[60.7180331, 56.0916919], [60.7174537, 56.0923263], [60.7167564, 56.0927273], [60.7160912, 56.0930625], [60.7159231, 56.0931375], [60.715662, 56.093254], [60.7151149, 56.0933079], [60.7144067, 56.0931822], [60.7135592, 56.0930445], [60.7133124, 56.0930206], [60.7129476, 56.092871], [60.7122288, 56.0922725], [60.7121215, 56.0920031], [60.7124541, 56.0915482], [60.712776, 56.0912191], [60.7131086, 56.0908719], [60.7133553, 56.0905307], [60.7138167, 56.0902434], [60.7142029, 56.09001], [60.7149003, 56.0896269], [60.7150397, 56.0892259], [60.7149754, 56.0888009], [60.7148895, 56.0884059], [60.7148681, 56.0880048], [60.7149901, 56.0875268], [60.7153616, 56.087478], [60.715941, 56.0875918], [60.716692, 56.0877175], [60.7172928, 56.0877953], [60.7181511, 56.0884807], [60.7183013, 56.088771], [60.7183657, 56.0893217], [60.7183979, 56.0897107], [60.7184086, 56.0901417], [60.7183871, 56.0905367], [60.7183442, 56.0907761], [60.7182262, 56.0910634], [60.7180331, 56.0916919]]}}, {"type": "Feature", "properties": {"id": 364145415, "highway": "track", "name": "", "ref": "", "oneway": "", "surface": ""}, "geometry": {"type": "LineString", "coordinates": [[60.6845806, 56.1079249], [60.685396, 56.1077694], [60.6865976, 56.1075181], [60.6872521, 56.1073327], [60.6879644, 56.1071872], [60.6880138, 56.1071771], [60.6883142, 56.1068181], [60.6895158, 56.106848], [60.6905458, 56.1066446], [60.6911359, 56.1061241], [60.6921015, 56.1055796], [60.6925521, 56.1053299], [60.6936464, 56.1052461], [60.694655, 56.1050606], [60.6954918, 56.1048452], [60.6962643, 56.1045401], [60.6974445, 56.10457], [60.6985012, 56.1042484], [60.6997136, 56.1041826], [60.701044, 56.1041287], [60.7024816, 56.1040031], [60.7033668, 56.1037922], [60.7038925, 56.1035708], [60.7050166, 56.103192], [60.7052618, 56.103201], [60.7058841, 56.1034612], [60.7060718, 56.103744], [60.7067478, 56.1038644], [60.7069294, 56.1038481], [60.7074237, 56.1037903], [60.7089955, 56.1042495], [60.7094997, 56.1045622], [60.7091591, 56.1049376], [60.7092395, 56.105319], [60.7086334, 56.1053026], [60.7078636, 56.1051515], [60.7072386, 56.105156], [60.7065895, 56.1050116]]}}, {"type": "Feature", "properties": {"id": 364348443, "highway": "track", "name": "", "ref": "", "oneway": "", "surface": ""}, "geometry": {"type": "LineString", "coordinates": [[60.6879553, 56.1070535], [60.6877524, 56.1054709], [60.6872302, 56.1013506], [60.6869737, 56.0993265], [60.6867598, 56.0976383], [60.6867388, 56.0974726]]}}, {"type": "Feature", "properties": {"id": 364348444, "highway": "track", "name": "", "ref": "", "oneway": "", "surface": ""}, "geometry": {"type": "LineString", "coordinates": [[60.6867388, 56.0974726], [60.6860199, 56.097718], [60.6851724, 56.0980292], [60.6842926, 56.0982566], [60.6818142, 56.0986037], [60.6805724, 56.09894], [60.6798294, 56.0991123], [60.6794635, 56.0991624], [60.6792608, 56.0991901], [60.6786063, 56.0991841], [60.6780806, 56.09925], [60.6771365, 56.0990226], [60.6763425, 56.0990345], [60.6757846, 56.0991243], [60.6746474, 56.099597], [60.6739929, 56.0997646], [60.6735638, 56.099992]]}}, {"type": "Feature", "properties": {"id": 364348445, "highway": "footway", "name": "", "ref": "", "oneway": "", "surface": ""}, "geometry": {"type": "LineString", "coordinates": [[60.6863394, 56.0925742], [60.686374, 56.0930489]]}}, {"type": "Feature", "properties": {"id": 364348446, "highway": "footway", "name": "", "ref": "", "oneway": "", "surface": ""}, "geometry": {"type": "LineString", "coordinates": [[60.6866419, 56.0955802], [60.6865995, 56.0952049], [60.6864868, 56.0942065]]}}, {"type": "Feature", "properties": {"id": 364348447, "highway": "track", "name": "", "ref": "", "oneway": "", "surface": ""}, "geometry": {"type": "LineString", "coordinates": [[60.6925521, 56.1053299], [60.6877524, 56.1054709], [60.6867189, 56.1055013], [60.6702314, 56.1059858], [60.6556711, 56.1064137], [60.6546296, 56.1064443]]}}, {"type": "Feature", "properties": {"id": 364348448, "highway": "track", "name": "", "ref": "", "oneway": "", "surface": ""}, "geometry": {"type": "LineString", "coordinates": [[60.6865995, 56.0952049], [60.6844438, 56.0952411], [60.6821907, 56.095301], [60.680281, 56.0953489], [60.6784142, 56.0953967], [60.6766546, 56.0954326]]}}, {"type": "Feature", "properties": {"id": 364974190, "highway": "path", "name": "", "ref": "", "oneway": "", "surface": ""}, "geometry": {"type": "LineString", "coordinates": [[60.718868, 56.0794399], [60.7177739, 56.0792483], [60.7156067, 56.0796315], [60.7135038, 56.0791884], [60.7119374, 56.0786496], [60.7110442, 56.0785034], [60.7103281, 56.0783861], [60.7096843, 56.0782903], [60.7068734, 56.0788052], [60.7051139, 56.0785059], [60.7032685, 56.0789729], [60.7005863, 56.0789729], [60.6985263, 56.0789609], [60.6968312, 56.0786077], [60.6957369, 56.0780449], [60.6944279, 56.0772425], [60.6930761, 56.0767276], [60.6911878, 56.0764163], [60.6903467, 56.0761306], [60.6897072, 56.0759133], [60.6894498, 56.0755301], [60.6895356, 56.0749073], [60.6895356, 56.0742487], [60.6896643, 56.0734583], [60.6893175, 56.0729582], [60.6885056, 56.0724043], [60.6885056, 56.0719373]]}}, {"type": "Feature", "properties": {"id": 365035717, "highway": "track", "name": "", "ref": "", "oneway": "", "surface": ""}, "geometry": {"type": "LineString", "coordinates": [[60.7649077, 56.0850132], [60.7654335, 56.0852227], [60.7665278, 56.0854472], [60.7673432, 56.0856238], [60.7681532, 56.0858363], [60.7688989, 56.0860697], [60.7696284, 56.0863241], [60.7699127, 56.0865756], [60.7702158, 56.0868419], [60.7703929, 56.0871562], [60.7707469, 56.0873059], [60.7711492, 56.0874705], [60.7715194, 56.0876411], [60.7719003, 56.0878296], [60.7720987, 56.0879014], [60.772379, 56.0878656]]}}, {"type": "Feature", "properties": {"id": 365035718, "highway": "path", "name": "", "ref": "", "oneway": "", "surface": ""}, "geometry": {"type": "LineString", "coordinates": [[60.7282554, 56.0804484], [60.7285879, 56.0806699], [60.7292424, 56.0809123], [60.7299827, 56.0812177], [60.730503, 56.0814631], [60.7308035, 56.0816906], [60.7308946, 56.0819032]]}}, {"type": "Feature", "properties": {"id": 365075544, "highway": "path", "name": "", "ref": "", "oneway": "", "surface": "paving_stones"}, "geometry": {"type": "LineString", "coordinates": [[60.7540403, 56.0843847], [60.7540242, 56.084246], [60.7539807, 56.083871], [60.7539735, 56.0838094], [60.7538688, 56.0821077], [60.7537454, 56.0820855], [60.7537338, 56.0820065]]}}, {"type": "Feature", "properties": {"id": 365075545, "highway": "footway", "name": "", "ref": "", "oneway": "", "surface": ""}, "geometry": {"type": "LineString", "coordinates": [[60.7333391, 56.0930285], [60.7321589, 56.0930884], [60.7322555, 56.0937796], [60.732336, 56.0943751]]}}, {"type": "Feature", "properties": {"id": 365075546, "highway": "footway", "name": "", "ref": "", "oneway": "", "surface": ""}, "geometry": {"type": "LineString", "coordinates": [[60.7334947, 56.0943407], [60.732336, 56.0943751], [60.7317244, 56.0943961]]}}, {"type": "Feature", "properties": {"id": 365075547, "highway": "footway", "name": "", "ref": "", "oneway": "", "surface": ""}, "geometry": {"type": "LineString", "coordinates": [[60.7322555, 56.0937796], [60.7334142, 56.0937452]]}}, {"type": "Feature", "properties": {"id": 365075548, "highway": "footway", "name": "", "ref": "", "oneway": "", "surface": ""}, "geometry": {"type": "LineString", "coordinates": [[60.7334947, 56.0943407], [60.7334142, 56.0937452], [60.7333391, 56.0930285]]}}, {"type": "Feature", "properties": {"id": 365075549, "highway": "path", "name": "", "ref": "", "oneway": "", "surface": ""}, "geometry": {"type": "LineString", "coordinates": [[60.7317244, 56.0943961], [60.7313489, 56.0945651], [60.7306569, 56.0947537]]}}, {"type": "Feature", "properties": {"id": 365075550, "highway": "path", "name": "Тропа здоровья", "ref": "", "oneway": "", "surface": ""}, "geometry": {"type": "LineString", "coordinates": [[60.7306569, 56.0947537], [60.7306891, 56.09423], [60.7308017, 56.093823], [60.7304691, 56.0931856], [60.7302546, 56.0928355], [60.7299381, 56.0926559], [60.7296967, 56.092638], [60.728892, 56.0929971], [60.7282966, 56.0930839], [60.7280016, 56.0931397], [60.7276957, 56.0931976], [60.726757, 56.0932066], [60.7258611, 56.0931976], [60.724858, 56.0930899], [60.7239406, 56.093039], [60.7229214, 56.0929791], [60.7221114, 56.0929402], [60.7215106, 56.0928415], [60.7211994, 56.0928145], [60.721017, 56.0929342], [60.7211941, 56.0934968], [60.7213872, 56.0939367], [60.7217251, 56.0941492], [60.7226854, 56.0943557], [60.7232004, 56.0945442], [60.7239138, 56.0947896], [60.7243001, 56.0950858], [60.7245254, 56.0953132], [60.7245844, 56.0956962], [60.7246327, 56.0959895], [60.7255232, 56.0959386], [60.7264566, 56.0958518], [60.7272129, 56.0957696], [60.7279801, 56.0956648], [60.7286238, 56.0955541], [60.72923, 56.0954165], [60.7297449, 56.095219], [60.7303189, 56.0949616], [60.7306569, 56.0947537]]}}, {"type": "Feature", "properties": {"id": 365075552, "highway": "path", "name": "", "ref": "", "oneway": "", "surface": ""}, "geometry": {"type": "LineString", "coordinates": [[60.7280016, 56.0931397], [60.7277011, 56.0933846], [60.7275294, 56.0939951], [60.7273041, 56.0946833], [60.7267033, 56.0951501], [60.7266819, 56.0955152], [60.7268643, 56.0957247], [60.7272129, 56.0957696]]}}, {"type": "Feature", "properties": {"id": 365082570, "highway": "path", "name": "", "ref": "", "oneway": "", "surface": ""}, "geometry": {"type": "LineString", "coordinates": [[60.758933, 56.0664006], [60.7581271, 56.0669289], [60.7573332, 56.0675757], [60.7567109, 56.0689052], [60.7557668, 56.0698993], [60.7553591, 56.0704982], [60.7547215, 56.0709062], [60.7544793, 56.0710611], [60.7542837, 56.0711568]]}}, {"type": "Feature", "properties": {"id": 365275272, "highway": "path", "name": "", "ref": "", "oneway": "", "surface": ""}, "geometry": {"type": "LineString", "coordinates": [[60.6958781, 56.0950593], [60.6965279, 56.0950335], [60.6975686, 56.09483], [60.6986629, 56.0945906], [60.6994247, 56.0945308], [60.7000255, 56.0946146], [60.7007336, 56.0947044], [60.7011091, 56.0947522]]}}, {"type": "Feature", "properties": {"id": 365275273, "highway": "path", "name": "", "ref": "", "oneway": "", "surface": ""}, "geometry": {"type": "LineString", "coordinates": [[60.7011091, 56.0947522], [60.7019245, 56.0942495], [60.7023339, 56.0939482], [60.7024288, 56.0938784], [60.7033836, 56.0935134], [60.7043063, 56.0931303], [60.7052504, 56.0927593], [60.7059049, 56.092454], [60.7065486, 56.0922445], [60.7072353, 56.092065], [60.708115, 56.0919333], [60.7088446, 56.0920291], [60.7094776, 56.0923164], [60.7101106, 56.0925677], [60.7107329, 56.0927952], [60.711323, 56.0929029], [60.7119452, 56.092855], [60.7131576, 56.0930585], [60.7133124, 56.0930206]]}}, {"type": "Feature", "properties": {"id": 365275274, "highway": "path", "name": "", "ref": "", "oneway": "", "surface": "dirt"}, "geometry": {"type": "LineString", "coordinates": [[60.7159231, 56.0931375], [60.7186615, 56.0931842], [60.7194793, 56.0934937], [60.7199597, 56.0938964], [60.7206571, 56.0940759], [60.7217251, 56.0941492]]}}, {"type": "Feature", "properties": {"id": 365705715, "highway": "path", "name": "", "ref": "", "oneway": "", "surface": ""}, "geometry": {"type": "LineString", "coordinates": [[60.7576254, 56.0745276], [60.7573905, 56.0748151], [60.7576373, 56.0755696], [60.7576265, 56.0762462], [60.7574989, 56.0765868], [60.7573798, 56.0769048], [60.7571652, 56.0772461], [60.7572242, 56.0777521]]}}, {"type": "Feature", "properties": {"id": 365705716, "highway": "path", "name": "", "ref": "", "oneway": "", "surface": ""}, "geometry": {"type": "LineString", "coordinates": [[60.716653, 56.0864951], [60.7166156, 56.0866169], [60.7162025, 56.0868414], [60.7155802, 56.087006], [60.7152476, 56.0870299], [60.7149955, 56.0871946], [60.7149901, 56.0875268]]}}, {"type": "Feature", "properties": {"id": 365705717, "highway": "track", "name": "", "ref": "", "oneway": "", "surface": ""}, "geometry": {"type": "LineString", "coordinates": [[60.7156763, 56.0754828], [60.7152476, 56.0750606], [60.714915, 56.0745876], [60.7142606, 56.0740307]]}}, {"type": "Feature", "properties": {"id": 365705718, "highway": "track", "name": "", "ref": "", "oneway": "", "surface": ""}, "geometry": {"type": "LineString", "coordinates": [[60.718663, 56.0754351], [60.718527, 56.075448], [60.7175007, 56.0755456], [60.7159772, 56.0754678], [60.7156763, 56.0754828], [60.7142928, 56.0755516], [60.7123401, 56.0755935], [60.7109239, 56.0756414]]}}, {"type": "Feature", "properties": {"id": 365734044, "highway": "track", "name": "", "ref": "", "oneway": "", "surface": ""}, "geometry": {"type": "LineString", "coordinates": [[60.7023339, 56.0939482], [60.7021388, 56.0939249], [60.7011303, 56.0937932], [60.7002291, 56.0936975], [60.6991991, 56.0933623], [60.6975469, 56.0932546], [60.6965315, 56.0927161]]}}, {"type": "Feature", "properties": {"id": 366469177, "highway": "track", "name": "", "ref": "", "oneway": "", "surface": ""}, "geometry": {"type": "LineString", "coordinates": [[60.6935866, 56.0926619], [60.6945118, 56.0926824], [60.6953964, 56.0927373]]}}, {"type": "Feature", "properties": {"id": 366534009, "highway": "track", "name": "", "ref": "", "oneway": "", "surface": ""}, "geometry": {"type": "LineString", "coordinates": [[60.7509724, 56.0551892], [60.7487226, 56.055249], [60.7464695, 56.0551651], [60.7453859, 56.0563034], [60.7443238, 56.0569264], [60.7431007, 56.0568485], [60.742414, 56.0567527]]}}, {"type": "Feature", "properties": {"id": 366534010, "highway": "track", "name": "", "ref": "", "oneway": "", "surface": ""}, "geometry": {"type": "LineString", "coordinates": [[60.7351137, 56.05381], [60.7258058, 56.0537632], [60.7251406, 56.0541107], [60.7158065, 56.0541107], [60.7149482, 56.0536794], [60.7009484, 56.0539485], [60.6910924, 56.0541992], [60.6906823, 56.0543249]]}}, {"type": "Feature", "properties": {"id": 366534011, "highway": "track", "name": "", "ref": "", "oneway": "", "surface": ""}, "geometry": {"type": "LineString", "coordinates": [[60.700953, 56.0661673], [60.701344, 56.0700437], [60.7014943, 56.0715528], [60.7016659, 56.0722594], [60.7016981, 56.0735349], [60.7019127, 56.0740379], [60.7019663, 56.0758163], [60.7063544, 56.0757325], [60.7107727, 56.0756444], [60.7109239, 56.0756414]]}}, {"type": "Feature", "properties": {"id": 366538282, "highway": "track", "name": "", "ref": "", "oneway": "", "surface": ""}, "geometry": {"type": "LineString", "coordinates": [[60.7739073, 56.0544233], [60.7548637, 56.0549512]]}}, {"type": "Feature", "properties": {"id": 366538283, "highway": "track", "name": "", "ref": "", "oneway": "", "surface": ""}, "geometry": {"type": "LineString", "coordinates": [[60.7548637, 56.0549512], [60.7538874, 56.0550531], [60.7531686, 56.0550052], [60.7512473, 56.0551306]]}}, {"type": "Feature", "properties": {"id": 366538284, "highway": "path", "name": "", "ref": "", "oneway": "", "surface": ""}, "geometry": {"type": "LineString", "coordinates": [[60.7531893, 56.0645786], [60.7554002, 56.0653022], [60.756355, 56.0654699], [60.758297, 56.0662605], [60.7586855, 56.0662906]]}}, {"type": "Feature", "properties": {"id": 366538285, "highway": "path", "name": "", "ref": "", "oneway": "", "surface": ""}, "geometry": {"type": "LineString", "coordinates": [[60.7698895, 56.0649429], [60.7702972, 56.0646883], [60.770898, 56.0641942]]}}, {"type": "Feature", "properties": {"id": 366538286, "highway": "service", "name": "", "ref": "", "oneway": "", "surface": ""}, "geometry": {"type": "LineString", "coordinates": [[60.741337, 56.0683526], [60.7414781, 56.0690251]]}}, {"type": "Feature", "properties": {"id": 366538288, "highway": "service", "name": "", "ref": "", "oneway": "", "surface": ""}, "geometry": {"type": "LineString", "coordinates": [[60.7406748, 56.0726151], [60.7406642, 56.0724804], [60.7405873, 56.0715026], [60.740612, 56.0714726], [60.7414607, 56.0704452]]}}, {"type": "Feature", "properties": {"id": 366824408, "highway": "track", "name": "", "ref": "", "oneway": "", "surface": ""}, "geometry": {"type": "LineString", "coordinates": [[60.6879553, 56.1070535], [60.6879644, 56.1071872], [60.6884545, 56.1143879], [60.6886633, 56.1165051], [60.688813, 56.1180222], [60.6892299, 56.1222491], [60.6893274, 56.123024]]}}, {"type": "Feature", "properties": {"id": 367160527, "highway": "service", "name": "", "ref": "", "oneway": "", "surface": ""}, "geometry": {"type": "LineString", "coordinates": [[60.7209553, 56.0807982], [60.7213911, 56.0807715], [60.7214741, 56.0806876], [60.7215226, 56.0806385], [60.7211041, 56.080454], [60.7210479, 56.0803887], [60.7209725, 56.0796686], [60.7214227, 56.079401]]}}, {"type": "Feature", "properties": {"id": 367178308, "highway": "service", "name": "", "ref": "", "oneway": "", "surface": ""}, "geometry": {"type": "LineString", "coordinates": [[60.7215226, 56.0806385], [60.7215941, 56.0806204], [60.722467, 56.0805931], [60.722453, 56.080475]]}}, {"type": "Feature", "properties": {"id": 381685095, "highway": "tertiary", "name": "", "ref": "", "oneway": "", "surface": "asphalt"}, "geometry": {"type": "LineString", "coordinates": [[60.7371238, 56.0727696], [60.7387834, 56.0726974], [60.7388768, 56.0726933], [60.7400661, 56.0726416], [60.7406748, 56.0726151], [60.7407674, 56.0726111], [60.7415065, 56.0725789], [60.7418498, 56.0726463], [60.7419699, 56.0727161], [60.7420248, 56.0727481], [60.7420897, 56.0727924], [60.7426116, 56.0730894], [60.74284, 56.0731487], [60.7437137, 56.0731095]]}}, {"type": "Feature", "properties": {"id": 385677154, "highway": "footway", "name": "", "ref": "", "oneway": "", "surface": ""}, "geometry": {"type": "LineString", "coordinates": [[60.7333391, 56.0930285], [60.7335215, 56.0930255], [60.7341545, 56.0929058], [60.7342986, 56.0929031]]}}, {"type": "Feature", "properties": {"id": 400103923, "highway": "service", "name": "", "ref": "", "oneway": "", "surface": ""}, "geometry": {"type": "LineString", "coordinates": [[60.7347549, 56.0745307], [60.7347128, 56.074304], [60.7347046, 56.0742597], [60.7345501, 56.0734281], [60.7343155, 56.073266], [60.733248, 56.0733289], [60.7333419, 56.0741358]]}}, {"type": "Feature", "properties": {"id": 430808923, "highway": "residential", "name": "улица Есенина", "ref": "", "oneway": "", "surface": "ground"}, "geometry": {"type": "LineString", "coordinates": [[60.8077758, 56.0705794], [60.8077083, 56.0708884], [60.8075329, 56.0714764]]}}, {"type": "Feature", "properties": {"id": 430808924, "highway": "residential", "name": "Лесная улица", "ref": "", "oneway": "", "surface": "ground"}, "geometry": {"type": "LineString", "coordinates": [[60.8017906, 56.078015], [60.8025439, 56.0794931], [60.8030482, 56.0810317], [60.8043056, 56.0841778]]}}, {"type": "Feature", "properties": {"id": 430808925, "highway": "residential", "name": "Луговая улица", "ref": "", "oneway": "", "surface": "ground"}, "geometry": {"type": "LineString", "coordinates": [[60.8077385, 56.0806335], [60.8060315, 56.0776578], [60.8057747, 56.0772774], [60.8049835, 56.0763274]]}}, {"type": "Feature", "properties": {"id": 430808926, "highway": "residential", "name": "Майская улица", "ref": "", "oneway": "", "surface": "ground"}, "geometry": {"type": "LineString", "coordinates": [[60.8069696, 56.0752929], [60.8073719, 56.0768048], [60.8078761, 56.078134], [60.8077581, 56.0790291]]}}, {"type": "Feature", "properties": {"id": 430808927, "highway": "residential", "name": "Садовая улица", "ref": "", "oneway": "", "surface": ""}, "geometry": {"type": "LineString", "coordinates": [[60.803718, 56.0695563], [60.8029935, 56.0710509]]}}, {"type": "Feature", "properties": {"id": 432369261, "highway": "track", "name": "", "ref": "", "oneway": "", "surface": "ground"}, "geometry": {"type": "LineString", "coordinates": [[60.7939572, 56.0541082], [60.7948638, 56.0547313], [60.7960171, 56.055531], [60.797267, 56.0563248], [60.7981146, 56.0570587], [60.7985786, 56.0572901], [60.7992304, 56.0576128], [60.800255, 56.0582748], [60.8006734, 56.0583137], [60.8011133, 56.0584635], [60.8013601, 56.058688], [60.8025617, 56.0592751], [60.8030619, 56.0595923], [60.8046262, 56.060286], [60.8052225, 56.0605719], [60.8063907, 56.0611084], [60.8074594, 56.0615992], [60.80822, 56.0617707]]}}, {"type": "Feature", "properties": {"id": 432369264, "highway": "track", "name": "", "ref": "", "oneway": "", "surface": "ground"}, "geometry": {"type": "LineString", "coordinates": [[60.8055157, 56.0538509], [60.8047464, 56.0537933], [60.8040487, 56.0538334], [60.8034157, 56.0538814], [60.8014362, 56.0539533], [60.8009749, 56.0551246], [60.8011036, 56.0555589], [60.801227, 56.0564306], [60.8013182, 56.0568918], [60.8013611, 56.0576197], [60.8015532, 56.058041], [60.8013601, 56.058688], [60.801285, 56.0593649], [60.8008129, 56.0597603], [60.8006794, 56.0606136], [60.8005983, 56.061132], [60.8010597, 56.0617729], [60.8009953, 56.0624378], [60.8007807, 56.0628691], [60.8009443, 56.0638604], [60.8011348, 56.0650418], [60.8010222, 56.0651852], [60.8009577, 56.0652672], [60.8002631, 56.0654858], [60.7998567, 56.0657192]]}}, {"type": "Feature", "properties": {"id": 432369266, "highway": "track", "name": "", "ref": "", "oneway": "", "surface": "ground"}, "geometry": {"type": "LineString", "coordinates": [[60.8204635, 56.0570493], [60.8196581, 56.0556478], [60.818832, 56.054833], [60.8186225, 56.0546919], [60.8182956, 56.0546053], [60.8175123, 56.0544616], [60.8172012, 56.0545634], [60.8137573, 56.0544196], [60.8110429, 56.0543657], [60.8089722, 56.0546533], [60.8079476, 56.0549139], [60.8067138, 56.0547042], [60.8059681, 56.0544825], [60.8057513, 56.0541798], [60.8055157, 56.0538509], [60.8050347, 56.0532034], [60.8045747, 56.052586], [60.8041228, 56.0518973], [60.8032645, 56.0508788], [60.802825, 56.0504077], [60.8020736, 56.0496025], [60.8017302, 56.0492071], [60.8008451, 56.0489674], [60.7996435, 56.0486948]]}}, {"type": "Feature", "properties": {"id": 434054798, "highway": "service", "name": "", "ref": "", "oneway": "", "surface": ""}, "geometry": {"type": "LineString", "coordinates": [[60.7604327, 56.0751402], [60.7609763, 56.0751272], [60.7609541, 56.0748381], [60.7612571, 56.0748308], [60.7620656, 56.0748114], [60.7623436, 56.0748048], [60.7623542, 56.07503]]}}, {"type": "Feature", "properties": {"id": 434334780, "highway": "service", "name": "", "ref": "", "oneway": "", "surface": ""}, "geometry": {"type": "LineString", "coordinates": [[60.7672302, 56.0773774], [60.7671623, 56.0764606]]}}, {"type": "Feature", "properties": {"id": 434334781, "highway": "service", "name": "", "ref": "", "oneway": "", "surface": ""}, "geometry": {"type": "LineString", "coordinates": [[60.7678347, 56.0773632], [60.767764, 56.0764451]]}}, {"type": "Feature", "properties": {"id": 434334782, "highway": "service", "name": "", "ref": "", "oneway": "", "surface": ""}, "geometry": {"type": "LineString", "coordinates": [[60.766561, 56.0767515], [60.7660435, 56.0767599]]}}, {"type": "Feature", "properties": {"id": 434334783, "highway": "service", "name": "", "ref": "", "oneway": "", "surface": ""}, "geometry": {"type": "LineString", "coordinates": [[60.7540438, 56.0749824], [60.7535543, 56.074994]]}}, {"type": "Feature", "properties": {"id": 434334784, "highway": "service", "name": "", "ref": "", "oneway": "", "surface": ""}, "geometry": {"type": "LineString", "coordinates": [[60.7665872, 56.0770595], [60.7660687, 56.0770707]]}}, {"type": "Feature", "properties": {"id": 434334785, "highway": "service", "name": "", "ref": "", "oneway": "", "surface": ""}, "geometry": {"type": "LineString", "coordinates": [[60.7550476, 56.0741447], [60.7550632, 56.0744736], [60.7551258, 56.0753216]]}}, {"type": "Feature", "properties": {"id": 434334786, "highway": "service", "name": "", "ref": "", "oneway": "", "surface": ""}, "geometry": {"type": "LineString", "coordinates": [[60.7666154, 56.0773918], [60.7665872, 56.0770595], [60.766561, 56.0767515], [60.7665377, 56.0764766]]}}, {"type": "Feature", "properties": {"id": 434334787, "highway": "service", "name": "", "ref": "", "oneway": "", "surface": ""}, "geometry": {"type": "LineString", "coordinates": [[60.7536239, 56.0757967], [60.7540819, 56.0757883], [60.7542916, 56.0757821], [60.7544639, 56.0757771]]}}, {"type": "Feature", "properties": {"id": 434334788, "highway": "service", "name": "", "ref": "", "oneway": "", "surface": ""}, "geometry": {"type": "LineString", "coordinates": [[60.768341, 56.0764335], [60.767764, 56.0764451], [60.7671623, 56.0764606], [60.7665377, 56.0764766], [60.7660158, 56.07649]]}}, {"type": "Feature", "properties": {"id": 434334789, "highway": "service", "name": "", "ref": "", "oneway": "", "surface": ""}, "geometry": {"type": "LineString", "coordinates": [[60.7542916, 56.0757821], [60.7542847, 56.0756491], [60.754275, 56.0754645], [60.7549994, 56.0754406], [60.7558541, 56.0754209]]}}, {"type": "Feature", "properties": {"id": 434334790, "highway": "service", "name": "", "ref": "", "oneway": "", "surface": ""}, "geometry": {"type": "LineString", "coordinates": [[60.7661133, 56.077424], [60.7666154, 56.0773918], [60.7672302, 56.0773774], [60.7678347, 56.0773632], [60.7684143, 56.0773496], [60.7707502, 56.0772949]]}}, {"type": "Feature", "properties": {"id": 434772697, "highway": "track", "name": "газовый", "ref": "", "oneway": "", "surface": "ground"}, "geometry": {"type": "LineString", "coordinates": [[60.8355539, 56.0488999], [60.8348164, 56.0487865], [60.8166923, 56.0463791], [60.8155822, 56.046139], [60.8107462, 56.0454723], [60.8094802, 56.0452297]]}}, {"type": "Feature", "properties": {"id": 439464126, "highway": "track", "name": "", "ref": "", "oneway": "", "surface": "ground"}, "geometry": {"type": "LineString", "coordinates": [[60.7997929, 56.1029231], [60.7997877, 56.1031548], [60.7989293, 56.1049319], [60.7988972, 56.105252], [60.7992673, 56.1063678], [60.8005977, 56.1073789], [60.8019817, 56.1078994], [60.8034301, 56.1081507], [60.8040899, 56.1082375], [60.8054793, 56.1085396], [60.8076143, 56.1088866], [60.8109832, 56.1085336], [60.8124101, 56.108384], [60.8142769, 56.1085635], [60.8156932, 56.1082584], [60.817281, 56.1077917], [60.8180903, 56.1073697]]}}, {"type": "Feature", "properties": {"id": 439464127, "highway": "track", "name": "", "ref": "", "oneway": "", "surface": "ground"}, "geometry": {"type": "LineString", "coordinates": [[60.8013969, 56.1031685], [60.8017779, 56.1038519], [60.8024162, 56.1049289], [60.8031887, 56.1063529], [60.8037895, 56.1079383], [60.8040899, 56.1082375]]}}, {"type": "Feature", "properties": {"id": 439464128, "highway": "track", "name": "", "ref": "", "oneway": "", "surface": "ground"}, "geometry": {"type": "LineString", "coordinates": [[60.7989293, 56.1049319], [60.7992298, 56.104881], [60.8017779, 56.1038519], [60.8028025, 56.1036844], [60.8031511, 56.1036245], [60.8033575, 56.1036496]]}}, {"type": "Feature", "properties": {"id": 439464129, "highway": "track", "name": "", "ref": "", "oneway": "", "surface": "ground"}, "geometry": {"type": "LineString", "coordinates": [[60.7995534, 56.1028408], [60.7997929, 56.1029231], [60.8007156, 56.1030009], [60.8013969, 56.1031685], [60.8019923, 56.1031804], [60.8031511, 56.1034736], [60.8033575, 56.1036496], [60.8035266, 56.1037937], [60.8050179, 56.104404]]}}, {"type": "Feature", "properties": {"id": 440803175, "highway": "track", "name": "", "ref": "", "oneway": "", "surface": "ground"}, "geometry": {"type": "LineString", "coordinates": [[60.8057513, 56.0541798], [60.8064614, 56.0533729], [60.8065365, 56.0531213], [60.8069763, 56.0518871], [60.8071051, 56.0510782], [60.8076093, 56.0500656], [60.8078025, 56.0486036], [60.808709, 56.0480793], [60.8092938, 56.0478906], [60.8094386, 56.0477977], [60.8097658, 56.0462397], [60.8094802, 56.0452297]]}}, {"type": "Feature", "properties": {"id": 440803181, "highway": "track", "name": "", "ref": "", "oneway": "", "surface": "ground"}, "geometry": {"type": "LineString", "coordinates": [[60.8041228, 56.0518973], [60.8038368, 56.0512452], [60.8038207, 56.0491871], [60.8039441, 56.0484381], [60.8040943, 56.0481954], [60.8047434, 56.0464787], [60.8055953, 56.044689]]}}, {"type": "Feature", "properties": {"id": 448178075, "highway": "track", "name": "", "ref": "", "oneway": "", "surface": "ground"}, "geometry": {"type": "LineString", "coordinates": [[60.8045747, 56.052586], [60.8050682, 56.0528047], [60.8065365, 56.0531213], [60.8073374, 56.053308], [60.8076163, 56.0534338], [60.8077773, 56.0537543], [60.8083083, 56.0538861], [60.8084639, 56.0541288], [60.8089521, 56.0541917], [60.8093437, 56.0541108]]}}, {"type": "Feature", "properties": {"id": 448178076, "highway": "track", "name": "", "ref": "", "oneway": "", "surface": "ground"}, "geometry": {"type": "LineString", "coordinates": [[60.7900326, 56.0471492], [60.7906795, 56.0471032], [60.791114, 56.0469924], [60.7915807, 56.0468066], [60.7921762, 56.0467017], [60.7926965, 56.046501], [60.7939143, 56.0461624], [60.7944078, 56.0460186], [60.7948906, 56.0458568], [60.7955075, 56.0457849], [60.7959849, 56.0456321]]}}, {"type": "Feature", "properties": {"id": 448178077, "highway": "track", "name": "", "ref": "", "oneway": "", "surface": "ground"}, "geometry": {"type": "LineString", "coordinates": [[60.8020529, 56.0654496], [60.8012257, 56.0650822], [60.8011348, 56.0650418], [60.8007619, 56.0648173], [60.8004991, 56.0642093], [60.7996461, 56.0640266], [60.7975379, 56.0608326], [60.796972, 56.0601258], [60.7965294, 56.0589292], [60.7952205, 56.0560477], [60.7947055, 56.0548975], [60.7941369, 56.0544706], [60.7939572, 56.0541082]]}}, {"type": "Feature", "properties": {"id": 448178080, "highway": "track", "name": "", "ref": "", "oneway": "", "surface": "ground"}, "geometry": {"type": "LineString", "coordinates": [[60.8039441, 56.0484381], [60.803766, 56.048578], [60.8036158, 56.0488057], [60.802825, 56.0504077], [60.8021996, 56.0516248], [60.8018885, 56.0518045], [60.801352, 56.0536379], [60.8014362, 56.0539533], [60.8007217, 56.05387], [60.7995845, 56.0535106], [60.7981629, 56.0529459], [60.7970846, 56.0524366], [60.796221, 56.0524067], [60.7948852, 56.0525175], [60.7938445, 56.0523947], [60.7933027, 56.0522329], [60.7929916, 56.0517926], [60.7928682, 56.0513462]]}}, {"type": "Feature", "properties": {"id": 448178082, "highway": "track", "name": "", "ref": "", "oneway": "", "surface": "ground"}, "geometry": {"type": "LineString", "coordinates": [[60.7922406, 56.0504182], [60.792659, 56.0505366], [60.7935173, 56.0506684]]}}, {"type": "Feature", "properties": {"id": 448178083, "highway": "track", "name": "", "ref": "", "oneway": "", "surface": "ground"}, "geometry": {"type": "LineString", "coordinates": [[60.8009749, 56.0551246], [60.8000887, 56.0542445], [60.7995845, 56.0535106]]}}, {"type": "Feature", "properties": {"id": 448178084, "highway": "track", "name": "", "ref": "", "oneway": "", "surface": "ground"}, "geometry": {"type": "LineString", "coordinates": [[60.7952366, 56.0225222], [60.7950448, 56.0232466], [60.7947873, 56.024182], [60.7942938, 56.0255879], [60.7942455, 56.0258877], [60.7945942, 56.0263823], [60.795372, 56.0264003], [60.7956617, 56.0266431], [60.7959407, 56.0269759], [60.7963108, 56.0269699], [60.7966595, 56.0272187], [60.7966273, 56.0274885], [60.7959621, 56.0275694], [60.7953881, 56.0276833], [60.7951253, 56.0278841], [60.7948571, 56.0279681], [60.7943099, 56.0279441], [60.7939129, 56.0283608], [60.7934945, 56.0285706], [60.7933228, 56.0290682], [60.7936662, 56.0294848], [60.7939237, 56.0298235], [60.7945298, 56.0302851], [60.7953613, 56.030471], [60.7960962, 56.0306958], [60.7966917, 56.0309086], [60.7966595, 56.0312323], [60.7960855, 56.0314691], [60.7958495, 56.0316879], [60.7957583, 56.0318677], [60.7953077, 56.0321045], [60.7951467, 56.0321705], [60.7951374, 56.0322735]]}}, {"type": "Feature", "properties": {"id": 448178085, "highway": "track", "name": "", "ref": "", "oneway": "", "surface": "ground"}, "geometry": {"type": "LineString", "coordinates": [[60.8035555, 56.0541438], [60.8040487, 56.0538334], [60.8047571, 56.0535626], [60.8050347, 56.0532034]]}}, {"type": "Feature", "properties": {"id": 448178086, "highway": "track", "name": "", "ref": "", "oneway": "", "surface": "ground"}, "geometry": {"type": "LineString", "coordinates": [[60.8015532, 56.058041], [60.802724, 56.0589124], [60.8036467, 56.0596671], [60.8046262, 56.060286]]}}, {"type": "Feature", "properties": {"id": 448178087, "highway": "track", "name": "", "ref": "", "oneway": "", "surface": "ground"}, "geometry": {"type": "LineString", "coordinates": [[60.7965294, 56.0589292], [60.7967923, 56.0586769], [60.7978491, 56.0582126], [60.7982085, 56.0578741], [60.7985786, 56.0572901]]}}, {"type": "Feature", "properties": {"id": 448178089, "highway": "track", "name": "", "ref": "", "oneway": "", "surface": "ground"}, "geometry": {"type": "LineString", "coordinates": [[60.7966716, 56.046143], [60.7954699, 56.0464845], [60.7949442, 56.0467991], [60.7939786, 56.0470778], [60.793469, 56.0472665], [60.7930238, 56.0474672]]}}, {"type": "Feature", "properties": {"id": 448178090, "highway": "track", "name": "", "ref": "", "oneway": "", "surface": "ground"}, "geometry": {"type": "LineString", "coordinates": [[60.7912321, 56.0498101], [60.7915781, 56.0498176], [60.7918114, 56.0499119], [60.7922406, 56.0504182], [60.7925866, 56.050798], [60.7928682, 56.0513462]]}}, {"type": "Feature", "properties": {"id": 448178091, "highway": "track", "name": "", "ref": "", "oneway": "", "surface": "ground"}, "geometry": {"type": "LineString", "coordinates": [[60.7907922, 56.0372366], [60.7915848, 56.0369987], [60.7922607, 56.0366031], [60.7931244, 56.0362525], [60.7938486, 56.0359468], [60.7945298, 56.0356831]]}}, {"type": "Feature", "properties": {"id": 448178092, "highway": "track", "name": "", "ref": "", "oneway": "", "surface": "ground"}, "geometry": {"type": "LineString", "coordinates": [[60.7996461, 56.0640266], [60.7968754, 56.0630458], [60.7965214, 56.0628482], [60.7949201, 56.0605263], [60.7943542, 56.0597574], [60.7936568, 56.0586432]]}}, {"type": "Feature", "properties": {"id": 448178093, "highway": "track", "name": "", "ref": "", "oneway": "", "surface": "ground"}, "geometry": {"type": "LineString", "coordinates": [[60.8009443, 56.0638604], [60.8011053, 56.0642018], [60.8012287, 56.0645942], [60.8013574, 56.0648158], [60.8012257, 56.0650822], [60.8010222, 56.0651852]]}}, {"type": "Feature", "properties": {"id": 448178094, "highway": "track", "name": "", "ref": "", "oneway": "", "surface": "ground"}, "geometry": {"type": "LineString", "coordinates": [[60.7901627, 56.0401977], [60.7905347, 56.040288], [60.7910336, 56.0406146], [60.7918597, 56.041202], [60.7926161, 56.0418252], [60.793469, 56.0423856], [60.7936997, 56.0426013]]}}, {"type": "Feature", "properties": {"id": 448178095, "highway": "track", "name": "", "ref": "", "oneway": "", "surface": "ground"}, "geometry": {"type": "LineString", "coordinates": [[60.7960855, 56.0314691], [60.7969653, 56.0312713], [60.7972979, 56.0310525], [60.7975446, 56.0306808], [60.7979041, 56.0303391], [60.7982045, 56.0297096], [60.7982957, 56.0288883]]}}, {"type": "Feature", "properties": {"id": 448178096, "highway": "track", "name": "", "ref": "", "oneway": "", "surface": "ground"}, "geometry": {"type": "LineString", "coordinates": [[60.8048443, 56.0452613], [60.8044285, 56.0451602], [60.8036829, 56.0448995], [60.8029855, 56.0445145], [60.8024222, 56.0444516], [60.8018643, 56.0442239], [60.8012903, 56.0436875], [60.801065, 56.0431422], [60.8009765, 56.0428808], [60.8009122, 56.042689], [60.8007378, 56.0426331], [60.8004213, 56.0425317], [60.7996542, 56.0423279], [60.7988173, 56.0421152], [60.7983185, 56.0419174], [60.7979161, 56.0416522], [60.7978839, 56.0413466], [60.7981629, 56.0409975], [60.7989568, 56.0402993], [60.7992519, 56.0400955], [60.7993055, 56.0398288], [60.7994289, 56.0390407], [60.8000512, 56.0380278], [60.7998473, 56.0372606], [60.7994503, 56.0360139], [60.7990748, 56.0355343], [60.7983989, 56.0350189], [60.7976908, 56.0347731], [60.7971222, 56.0345693], [60.7969398, 56.0339879], [60.797208, 56.0334304], [60.7973153, 56.0326092], [60.7972831, 56.0323334], [60.7968003, 56.0322915], [60.7958884, 56.0324353], [60.7951374, 56.0322735], [60.7948231, 56.0323074], [60.7945258, 56.0323394], [60.7930774, 56.0325912], [60.7927234, 56.0328729], [60.7920904, 56.0331666], [60.7918436, 56.0336941], [60.7914681, 56.0341737], [60.7911033, 56.0352706], [60.7907641, 56.0358094], [60.7908136, 56.0365773], [60.7907922, 56.0372366], [60.7908458, 56.0380158], [60.7907493, 56.0389807], [60.7907922, 56.0395081], [60.790245, 56.0400955], [60.7901627, 56.0401977], [60.7899553, 56.0404551], [60.7894296, 56.0410724], [60.7893223, 56.0414919], [60.7893867, 56.0421152], [60.7895584, 56.0426246], [60.7899339, 56.0432718], [60.7900412, 56.0441108], [60.7900304, 56.0450516], [60.7899339, 56.0460403], [60.7898802, 56.0463759], [60.7898802, 56.0468553], [60.7900326, 56.0471492], [60.7905669, 56.0481795], [60.791114, 56.0490124], [60.7913957, 56.049688], [60.7912321, 56.0498101], [60.7910711, 56.0498932], [60.7909531, 56.0502407], [60.7912642, 56.0511934], [60.7915284, 56.0517113], [60.7920582, 56.052194], [60.7929165, 56.0531706], [60.7939572, 56.0541082]]}}, {"type": "Feature", "properties": {"id": 448178097, "highway": "track", "name": "", "ref": "", "oneway": "", "surface": "ground"}, "geometry": {"type": "LineString", "coordinates": [[60.8006794, 56.0606136], [60.8000163, 56.0608199], [60.7992385, 56.0610265], [60.7975379, 56.0608326], [60.7949201, 56.0605263], [60.79433, 56.0600711], [60.7934824, 56.0597776], [60.7926778, 56.0598495], [60.7925276, 56.0602448]]}}, {"type": "Feature", "properties": {"id": 448178098, "highway": "track", "name": "", "ref": "", "oneway": "", "surface": "ground"}, "geometry": {"type": "LineString", "coordinates": [[60.8094802, 56.0452297], [60.8055953, 56.044689], [60.8052091, 56.044698], [60.8049784, 56.0448928], [60.8048443, 56.0452613], [60.8044205, 56.046274], [60.8038519, 56.0475474], [60.803589, 56.0480837], [60.803766, 56.048578]]}}, {"type": "Feature", "properties": {"id": 448178099, "highway": "track", "name": "", "ref": "", "oneway": "", "surface": "ground"}, "geometry": {"type": "LineString", "coordinates": [[60.8025617, 56.0592751], [60.802724, 56.0589124], [60.8027562, 56.0582624], [60.803137, 56.057262], [60.8028742, 56.0561088], [60.8031424, 56.0551233], [60.803416, 56.0544852], [60.8035555, 56.0541438], [60.8034157, 56.0538814]]}}, {"type": "Feature", "properties": {"id": 448183393, "highway": "service", "name": "Садовая улица", "ref": "", "oneway": "", "surface": ""}, "geometry": {"type": "LineString", "coordinates": [[60.7646101, 56.0298753], [60.7638208, 56.0298692], [60.7636773, 56.0298853], [60.7635747, 56.0299219], [60.7635091, 56.0299907], [60.7634681, 56.030346], [60.763427, 56.0304171], [60.763304, 56.0304996], [60.7631317, 56.0305706], [60.7628117, 56.0306302], [60.7621553, 56.0306692]]}}, {"type": "Feature", "properties": {"id": 477416514, "highway": "track", "name": "", "ref": "", "oneway": "", "surface": ""}, "geometry": {"type": "LineString", "coordinates": [[60.6967328, 56.0927417], [60.696727, 56.0925205], [60.6967941, 56.0923649], [60.6968719, 56.0920252], [60.6970999, 56.091084], [60.6971079, 56.0908731], [60.6969792, 56.0908057], [60.6968585, 56.0907219], [60.696786, 56.0905947], [60.6967941, 56.0901638], [60.696727, 56.0897628], [60.696845, 56.0889607], [60.696668, 56.0874313], [60.696609, 56.0869794], [60.6964856, 56.0867519], [60.6964213, 56.0862012], [60.6964407, 56.0856321], [60.6963604, 56.0840868], [60.6961887, 56.0829134], [60.69606, 56.0819915]]}}, {"type": "Feature", "properties": {"id": 477416515, "highway": "track", "name": "", "ref": "", "oneway": "", "surface": ""}, "geometry": {"type": "LineString", "coordinates": [[60.69606, 56.0819915], [60.6958883, 56.0818238], [60.6951802, 56.0815125], [60.6940644, 56.0810455], [60.692498, 56.0804109], [60.6911247, 56.079896], [60.6898158, 56.0795368], [60.6881636, 56.0791536], [60.6869619, 56.0788782]]}}, {"type": "Feature", "properties": {"id": 477416516, "highway": "track", "name": "", "ref": "", "oneway": "", "surface": ""}, "geometry": {"type": "LineString", "coordinates": [[60.6869619, 56.0788782], [60.6864255, 56.0790339], [60.6860392, 56.0792614], [60.6861465, 56.0796566], [60.6863611, 56.0800038], [60.6859105, 56.0803032], [60.6851232, 56.0806154]]}}, {"type": "Feature", "properties": {"id": 477416518, "highway": "track", "name": "", "ref": "", "oneway": "", "surface": ""}, "geometry": {"type": "LineString", "coordinates": [[60.685587, 56.0853765], [60.6852391, 56.0849589], [60.6850522, 56.084422], [60.6849664, 56.0841107], [60.6851487, 56.0837653], [60.6854039, 56.083571]]}}, {"type": "Feature", "properties": {"id": 477417076, "highway": "track", "name": "освещённая лыжня", "ref": "", "oneway": "", "surface": ""}, "geometry": {"type": "LineString", "coordinates": [[60.6888142, 56.0949461], [60.6886913, 56.094299], [60.688466, 56.0941629]]}}, {"type": "Feature", "properties": {"id": 477417077, "highway": "path", "name": "", "ref": "", "oneway": "", "surface": ""}, "geometry": {"type": "LineString", "coordinates": [[60.688466, 56.0941629], [60.688147, 56.0942201], [60.6877842, 56.094611], [60.6873765, 56.0949342], [60.6865995, 56.0952049]]}}, {"type": "Feature", "properties": {"id": 477417078, "highway": "track", "name": "", "ref": "", "oneway": "", "surface": ""}, "geometry": {"type": "LineString", "coordinates": [[60.6701816, 56.1026198], [60.6712618, 56.1030965], [60.6724634, 56.1032162], [60.6737723, 56.1034794], [60.6747809, 56.1033957], [60.6753173, 56.1030486], [60.6763258, 56.1028691], [60.6773772, 56.1030965], [60.678493, 56.1032521], [60.6796088, 56.1030486], [60.6808963, 56.1031803], [60.6819906, 56.1034675], [60.6834176, 56.1036948], [60.6839755, 56.1040628], [60.6845548, 56.1040867], [60.6855633, 56.1039431], [60.6864431, 56.103979], [60.6866362, 56.1047329], [60.6865075, 56.1051757], [60.6867189, 56.1055013]]}}, {"type": "Feature", "properties": {"id": 477417081, "highway": "track", "name": "", "ref": "", "oneway": "", "surface": ""}, "geometry": {"type": "LineString", "coordinates": [[60.6888142, 56.0949461], [60.6891627, 56.0949638], [60.6892645, 56.0949796], [60.6893633, 56.0950246], [60.6895757, 56.0951223], [60.6902439, 56.0953163]]}}, {"type": "Feature", "properties": {"id": 477417082, "highway": "track", "name": "", "ref": "", "oneway": "", "surface": ""}, "geometry": {"type": "LineString", "coordinates": [[60.6888142, 56.0949461], [60.6884116, 56.0951364], [60.6865995, 56.0952049]]}}, {"type": "Feature", "properties": {"id": 481944141, "highway": "track", "name": "", "ref": "", "oneway": "", "surface": "ground"}, "geometry": {"type": "LineString", "coordinates": [[60.6907911, 56.0761128], [60.690598, 56.0759691], [60.6910593, 56.0751668], [60.6912042, 56.0748614]]}}, {"type": "Feature", "properties": {"id": 481944142, "highway": "track", "name": "", "ref": "", "oneway": "", "surface": "ground"}, "geometry": {"type": "LineString", "coordinates": [[60.6847812, 56.0762856], [60.6903467, 56.0761306], [60.6907911, 56.0761128], [60.7014073, 56.0758464], [60.7019663, 56.0758163]]}}, {"type": "Feature", "properties": {"id": 528503308, "highway": "residential", "name": "Новая улица", "ref": "", "oneway": "", "surface": "unpaved"}, "geometry": {"type": "LineString", "coordinates": [[60.800271, 56.0656694], [60.8051526, 56.0662683], [60.8090119, 56.0668584]]}}, {"type": "Feature", "properties": {"id": 528503310, "highway": "residential", "name": "улица Чекистов", "ref": "", "oneway": "", "surface": "unpaved"}, "geometry": {"type": "LineString", "coordinates": [[60.806988, 56.0695948], [60.8054316, 56.0690352], [60.8065367, 56.06755], [60.8048093, 56.0672685]]}}, {"type": "Feature", "properties": {"id": 528503311, "highway": "residential", "name": "", "ref": "", "oneway": "", "surface": "unpaved"}, "geometry": {"type": "LineString", "coordinates": [[60.8061801, 56.0654091], [60.8081401, 56.0654012], [60.8100622, 56.0654385]]}}, {"type": "Feature", "properties": {"id": 528503312, "highway": "residential", "name": "Рассветная улица", "ref": "", "oneway": "", "surface": "unpaved"}, "geometry": {"type": "LineString", "coordinates": [[60.8063907, 56.0611084], [60.8063361, 56.0619634], [60.8061801, 56.0654091]]}}, {"type": "Feature", "properties": {"id": 528503313, "highway": "residential", "name": "Пышминская улица", "ref": "", "oneway": "", "surface": "unpaved"}, "geometry": {"type": "LineString", "coordinates": [[60.80822, 56.0617707], [60.8081674, 56.0628244], [60.8081401, 56.0654012]]}}, {"type": "Feature", "properties": {"id": 528503314, "highway": "residential", "name": "улица Александра Невского", "ref": "", "oneway": "", "surface": "unpaved"}, "geometry": {"type": "LineString", "coordinates": [[60.8067241, 56.0699516], [60.806988, 56.0695948], [60.8090119, 56.0668584], [60.8096451, 56.0660024], [60.8100622, 56.0654385], [60.8101845, 56.0631957]]}}, {"type": "Feature", "properties": {"id": 528503315, "highway": "residential", "name": "Никольская улица", "ref": "", "oneway": "", "surface": "unpaved"}, "geometry": {"type": "LineString", "coordinates": [[60.8083714, 56.0704364], [60.8114827, 56.0662803], [60.8119025, 56.065684], [60.8120942, 56.0634593], [60.8121067, 56.0629279]]}}, {"type": "Feature", "properties": {"id": 532764008, "highway": "tertiary", "name": "проспект Мира", "ref": "", "oneway": "yes", "surface": "asphalt"}, "geometry": {"type": "LineString", "coordinates": [[60.7529401, 56.0703529], [60.7531432, 56.0706806], [60.7531807, 56.0710429], [60.7532127, 56.0713521], [60.7532833, 56.072014], [60.7533641, 56.0728157]]}}, {"type": "Feature", "properties": {"id": 595890157, "highway": "track", "name": "", "ref": "", "oneway": "", "surface": ""}, "geometry": {"type": "LineString", "coordinates": [[60.775423, 56.0544498], [60.7890057, 56.0540544]]}}, {"type": "Feature", "properties": {"id": 596020394, "highway": "service", "name": "", "ref": "", "oneway": "", "surface": ""}, "geometry": {"type": "LineString", "coordinates": [[60.7443979, 56.0748215], [60.7450014, 56.0747958]]}}, {"type": "Feature", "properties": {"id": 596020395, "highway": "service", "name": "", "ref": "", "oneway": "", "surface": ""}, "geometry": {"type": "LineString", "coordinates": [[60.7443426, 56.0741303], [60.7443979, 56.0748215], [60.7444121, 56.0749587]]}}, {"type": "Feature", "properties": {"id": 604493669, "highway": "service", "name": "", "ref": "", "oneway": "", "surface": ""}, "geometry": {"type": "LineString", "coordinates": [[60.7692061, 56.0663937], [60.7693711, 56.0663237], [60.7698644, 56.0663028]]}}, {"type": "Feature", "properties": {"id": 606797374, "highway": "service", "name": "", "ref": "", "oneway": "", "surface": ""}, "geometry": {"type": "LineString", "coordinates": [[60.7773426, 56.0408359], [60.7763122, 56.0416673], [60.7765513, 56.0422771], [60.7779189, 56.0420821]]}}, {"type": "Feature", "properties": {"id": 606797384, "highway": "service", "name": "", "ref": "", "oneway": "", "surface": ""}, "geometry": {"type": "LineString", "coordinates": [[60.7764011, 56.0386776], [60.7765603, 56.0387456], [60.7769063, 56.0387156], [60.779036, 56.0384384], [60.7792988, 56.0383171], [60.7795, 56.0381538], [60.7791272, 56.037442], [60.7788992, 56.0373716], [60.7773274, 56.0375214], [60.7759655, 56.037679]]}}, {"type": "Feature", "properties": {"id": 606797399, "highway": "service", "name": "", "ref": "", "oneway": "", "surface": ""}, "geometry": {"type": "LineString", "coordinates": [[60.7756484, 56.040644], [60.7752568, 56.0405871], [60.7747793, 56.0405376], [60.7745621, 56.0404702], [60.7744092, 56.0403383], [60.7743207, 56.0401091], [60.7743019, 56.0399668], [60.7743233, 56.0398948], [60.7744548, 56.0398289], [60.7747096, 56.039718], [60.7748812, 56.0396072], [60.7748732, 56.0395547]]}}, {"type": "Feature", "properties": {"id": 606797401, "highway": "service", "name": "", "ref": "", "oneway": "", "surface": ""}, "geometry": {"type": "LineString", "coordinates": [[60.7753099, 56.0396076], [60.7753614, 56.039745], [60.775533, 56.0401735], [60.7755867, 56.0403578], [60.7755867, 56.0404822], [60.7756081, 56.0405976], [60.7756484, 56.040644], [60.7758602, 56.0407099], [60.7761285, 56.0408403]]}}, {"type": "Feature", "properties": {"id": 606797402, "highway": "service", "name": "", "ref": "", "oneway": "", "surface": ""}, "geometry": {"type": "LineString", "coordinates": [[60.7765229, 56.0389569], [60.7748222, 56.0392401], [60.7747686, 56.0392895], [60.7747713, 56.0393644], [60.7748732, 56.0395547], [60.7750314, 56.0395967], [60.7752594, 56.0396147], [60.7753099, 56.0396076], [60.7756644, 56.0395577]]}}, {"type": "Feature", "properties": {"id": 606819421, "highway": "service", "name": "", "ref": "", "oneway": "", "surface": ""}, "geometry": {"type": "LineString", "coordinates": [[60.7388768, 56.0726933], [60.7388914, 56.0727795], [60.7391193, 56.0727795], [60.7392178, 56.0728536]]}}, {"type": "Feature", "properties": {"id": 606819422, "highway": "service", "name": "", "ref": "", "oneway": "", "surface": ""}, "geometry": {"type": "LineString", "coordinates": [[60.7387302, 56.0724986], [60.7387834, 56.0726974]]}}, {"type": "Feature", "properties": {"id": 606819426, "highway": "service", "name": "", "ref": "", "oneway": "", "surface": ""}, "geometry": {"type": "LineString", "coordinates": [[60.7469844, 56.0723497], [60.7470962, 56.0721508], [60.7474288, 56.0722166]]}}, {"type": "Feature", "properties": {"id": 606819430, "highway": "service", "name": "", "ref": "", "oneway": "", "surface": ""}, "geometry": {"type": "LineString", "coordinates": [[60.7464632, 56.072525], [60.7465893, 56.0722945], [60.7469844, 56.0723497], [60.7473336, 56.0724135], [60.7474288, 56.0722166], [60.7478419, 56.072281], [60.7478445, 56.072796], [60.7464369, 56.0725698]]}}, {"type": "Feature", "properties": {"id": 606819431, "highway": "service", "name": "", "ref": "", "oneway": "", "surface": ""}, "geometry": {"type": "LineString", "coordinates": [[60.745347, 56.0725323], [60.7455763, 56.0721378], [60.7460797, 56.0722451], [60.7459789, 56.0724532], [60.7464632, 56.072525], [60.7464369, 56.0725698], [60.7462997, 56.0728017]]}}, {"type": "Feature", "properties": {"id": 606819433, "highway": "service", "name": "", "ref": "", "oneway": "", "surface": ""}, "geometry": {"type": "LineString", "coordinates": [[60.7458032, 56.0728126], [60.7458223, 56.0730467]]}}, {"type": "Feature", "properties": {"id": 606819438, "highway": "service", "name": "", "ref": "", "oneway": "", "surface": ""}, "geometry": {"type": "LineString", "coordinates": [[60.7650869, 56.0752105], [60.7653593, 56.075237]]}}, {"type": "Feature", "properties": {"id": 606819439, "highway": "service", "name": "", "ref": "", "oneway": "", "surface": ""}, "geometry": {"type": "LineString", "coordinates": [[60.7650349, 56.0744143], [60.7650869, 56.0752105], [60.7650992, 56.0753049], [60.7648498, 56.0753154], [60.7648764, 56.0756291]]}}, {"type": "Feature", "properties": {"id": 606819440, "highway": "service", "name": "", "ref": "", "oneway": "", "surface": ""}, "geometry": {"type": "LineString", "coordinates": [[60.7654238, 56.0757052], [60.7651985, 56.0757135], [60.765246, 56.0761154], [60.7654562, 56.0761077]]}}, {"type": "Feature", "properties": {"id": 606819441, "highway": "service", "name": "", "ref": "", "oneway": "", "surface": "concrete"}, "geometry": {"type": "LineString", "coordinates": [[60.764198, 56.0753648], [60.7642275, 56.0756507], [60.7648764, 56.0756291], [60.7654076, 56.0756067]]}}, {"type": "Feature", "properties": {"id": 606819443, "highway": "service", "name": "", "ref": "", "oneway": "", "surface": ""}, "geometry": {"type": "LineString", "coordinates": [[60.7635382, 56.07501], [60.763624, 56.0751193], [60.7641712, 56.0751044], [60.7642731, 56.0750669], [60.7645896, 56.075046], [60.7645494, 56.0747391], [60.763506, 56.074763], [60.7635382, 56.07501], [60.7630983, 56.075022], [60.7630903, 56.0749711], [60.7630097, 56.0749022], [60.7629429, 56.0744816], [60.7629267, 56.0743628]]}}, {"type": "Feature", "properties": {"id": 606819449, "highway": "service", "name": "", "ref": "", "oneway": "", "surface": ""}, "geometry": {"type": "LineString", "coordinates": [[60.7645297, 56.0816951], [60.7645789, 56.081626], [60.764595, 56.0815542]]}}, {"type": "Feature", "properties": {"id": 606819450, "highway": "service", "name": "", "ref": "", "oneway": "", "surface": ""}, "geometry": {"type": "LineString", "coordinates": [[60.7648659, 56.0815796], [60.764595, 56.0815542], [60.7643853, 56.0814087]]}}, {"type": "Feature", "properties": {"id": 606819451, "highway": "service", "name": "", "ref": "", "oneway": "", "surface": ""}, "geometry": {"type": "LineString", "coordinates": [[60.7683591, 56.0816364], [60.7648659, 56.0815796], [60.7645297, 56.0816951], [60.7641366, 56.08183]]}}, {"type": "Feature", "properties": {"id": 606819493, "highway": "residential", "name": "улица Энтузиастов", "ref": "", "oneway": "", "surface": "asphalt"}, "geometry": {"type": "LineString", "coordinates": [[60.7675937, 56.0793675], [60.7673576, 56.0788705], [60.7672202, 56.0778465], [60.767186, 56.0775917]]}}, {"type": "Feature", "properties": {"id": 606819500, "highway": "residential", "name": "", "ref": "", "oneway": "", "surface": ""}, "geometry": {"type": "LineString", "coordinates": [[60.771566, 56.0806172], [60.7714409, 56.0794945], [60.7714144, 56.0792564], [60.7714047, 56.0791691], [60.7713878, 56.0790172], [60.7712436, 56.0777228], [60.7711613, 56.0774351]]}}, {"type": "Feature", "properties": {"id": 606819501, "highway": "residential", "name": "", "ref": "", "oneway": "", "surface": "unpaved"}, "geometry": {"type": "LineString", "coordinates": [[60.7790051, 56.0771462], [60.7711597, 56.077387]]}}, {"type": "Feature", "properties": {"id": 606819502, "highway": "unclassified", "name": "", "ref": "", "oneway": "", "surface": "unpaved"}, "geometry": {"type": "LineString", "coordinates": [[60.7785049, 56.0796578], [60.7782313, 56.0791414], [60.7782205, 56.0790181], [60.7783478, 56.0786909], [60.7791062, 56.0783352], [60.7791353, 56.0775922], [60.7790306, 56.0773572], [60.7790051, 56.0771462], [60.778945, 56.0759355]]}}, {"type": "Feature", "properties": {"id": 606819504, "highway": "unclassified", "name": "", "ref": "", "oneway": "", "surface": "asphalt"}, "geometry": {"type": "LineString", "coordinates": [[60.7714144, 56.0792564], [60.770075, 56.079304], [60.7687457, 56.0793393], [60.7675937, 56.0793675]]}}, {"type": "Feature", "properties": {"id": 606819505, "highway": "residential", "name": "Академическая улица", "ref": "", "oneway": "", "surface": "asphalt"}, "geometry": {"type": "LineString", "coordinates": [[60.7701176, 56.0805768], [60.770075, 56.079304], [60.7699057, 56.0778542]]}}, {"type": "Feature", "properties": {"id": 606819542, "highway": "residential", "name": "Институтская улица", "ref": "", "oneway": "", "surface": "asphalt"}, "geometry": {"type": "LineString", "coordinates": [[60.7687551, 56.0805978], [60.7687457, 56.0793393], [60.7685619, 56.0778841]]}}, {"type": "Feature", "properties": {"id": 614658237, "highway": "service", "name": "", "ref": "", "oneway": "", "surface": ""}, "geometry": {"type": "LineString", "coordinates": [[60.7293703, 56.0833503], [60.7293526, 56.0832228], [60.7297981, 56.0832035], [60.7297893, 56.0831403], [60.7297668, 56.0829785]]}}, {"type": "Feature", "properties": {"id": 614659848, "highway": "path", "name": "", "ref": "", "oneway": "", "surface": ""}, "geometry": {"type": "LineString", "coordinates": [[60.7242105, 56.0847828], [60.7242712, 56.0847977], [60.725221, 56.0850305], [60.7258421, 56.0852545], [60.7258823, 56.085269], [60.7261176, 56.0852619]]}}, {"type": "Feature", "properties": {"id": 618407559, "highway": "footway", "name": "", "ref": "", "oneway": "", "surface": ""}, "geometry": {"type": "LineString", "coordinates": [[60.7220467, 56.0902761], [60.7220544, 56.0903382], [60.7220575, 56.0903633], [60.722146, 56.0910783], [60.722148, 56.0910947], [60.7221796, 56.0913498], [60.7222762, 56.0921141]]}}, {"type": "Feature", "properties": {"id": 618442507, "highway": "service", "name": "", "ref": "", "oneway": "", "surface": ""}, "geometry": {"type": "LineString", "coordinates": [[60.7349542, 56.0714288], [60.7349559, 56.0718083], [60.7349356, 56.0722891]]}}, {"type": "Feature", "properties": {"id": 618442508, "highway": "service", "name": "", "ref": "", "oneway": "", "surface": ""}, "geometry": {"type": "LineString", "coordinates": [[60.733248, 56.0733289], [60.7332373, 56.0729636], [60.7340071, 56.0729142]]}}, {"type": "Feature", "properties": {"id": 618442509, "highway": "service", "name": "", "ref": "", "oneway": "", "surface": ""}, "geometry": {"type": "LineString", "coordinates": [[60.7339346, 56.0742975], [60.7347128, 56.074304]]}}, {"type": "Feature", "properties": {"id": 618442510, "highway": "service", "name": "", "ref": "", "oneway": "", "surface": ""}, "geometry": {"type": "LineString", "coordinates": [[60.734868, 56.073314], [60.7354689, 56.073278], [60.7358124, 56.0742263], [60.7359513, 56.0745495]]}}, {"type": "Feature", "properties": {"id": 618450414, "highway": "service", "name": "", "ref": "", "oneway": "", "surface": ""}, "geometry": {"type": "LineString", "coordinates": [[60.7331751, 56.0746525], [60.7331997, 56.0749636], [60.7327089, 56.0749831], [60.7328403, 56.0755205], [60.7335645, 56.075501]]}}, {"type": "Feature", "properties": {"id": 618613886, "highway": "service", "name": "", "ref": "", "oneway": "", "surface": ""}, "geometry": {"type": "LineString", "coordinates": [[60.7635355, 56.0711402], [60.7636052, 56.0707989], [60.7644486, 56.0707659]]}}, {"type": "Feature", "properties": {"id": 618613890, "highway": "footway", "name": "", "ref": "", "oneway": "", "surface": "concrete:lanes"}, "geometry": {"type": "LineString", "coordinates": [[60.7651904, 56.0736538], [60.7652601, 56.0740407], [60.7658288, 56.0740348], [60.7658435, 56.0740992], [60.7658543, 56.0741725], [60.7657644, 56.074186], [60.7654747, 56.0743768], [60.7655472, 56.0750894], [60.7658301, 56.0750804], [60.7658344, 56.0752217], [60.7658395, 56.0752975], [60.7655123, 56.0754539], [60.7653877, 56.0754538], [60.7651904, 56.0754599]]}}, {"type": "Feature", "properties": {"id": 618613896, "highway": "footway", "name": "", "ref": "", "oneway": "", "surface": ""}, "geometry": {"type": "LineString", "coordinates": [[60.7211345, 56.0832496], [60.7211451, 56.083354], [60.7211564, 56.083481], [60.7211793, 56.0836343], [60.7212282, 56.0839612], [60.7212779, 56.084402], [60.7213154, 56.0847338], [60.7213664, 56.085164], [60.7213863, 56.0853323], [60.7213941, 56.0853979], [60.7216113, 56.0855768], [60.7216143, 56.0856067]]}}, {"type": "Feature", "properties": {"id": 618616900, "highway": "footway", "name": "", "ref": "", "oneway": "", "surface": ""}, "geometry": {"type": "LineString", "coordinates": [[60.7535292, 56.0800368], [60.7536918, 56.0800904], [60.7538172, 56.0800857], [60.7540197, 56.0800821], [60.7541766, 56.0800781]]}}, {"type": "Feature", "properties": {"id": 618616901, "highway": "footway", "name": "", "ref": "", "oneway": "", "surface": ""}, "geometry": {"type": "LineString", "coordinates": [[60.7543615, 56.081987], [60.7543447, 56.081839], [60.7542542, 56.0810395], [60.7541766, 56.0800781], [60.7540757, 56.0788375]]}}, {"type": "Feature", "properties": {"id": 618616902, "highway": "footway", "name": "", "ref": "", "oneway": "", "surface": ""}, "geometry": {"type": "LineString", "coordinates": [[60.7532962, 56.0767251], [60.7533614, 56.0772723], [60.7533698, 56.0778174], [60.753384, 56.07796], [60.7533879, 56.0782083], [60.7534374, 56.0790679], [60.753488, 56.0796289], [60.7535292, 56.0800368], [60.7535818, 56.0805574], [60.7535839, 56.0805876], [60.7536167, 56.0810618], [60.7536435, 56.0815752], [60.7537338, 56.0820065]]}}, {"type": "Feature", "properties": {"id": 618616903, "highway": "footway", "name": "", "ref": "", "oneway": "", "surface": ""}, "geometry": {"type": "LineString", "coordinates": [[60.7539887, 56.0778164], [60.7540567, 56.0779416], [60.7540872, 56.078192]]}}, {"type": "Feature", "properties": {"id": 618616904, "highway": "footway", "name": "", "ref": "", "oneway": "", "surface": ""}, "geometry": {"type": "LineString", "coordinates": [[60.7499048, 56.0779008], [60.751889, 56.0778376], [60.7533698, 56.0778174], [60.7535887, 56.0778144], [60.7537983, 56.0778109], [60.7539887, 56.0778164], [60.7550718, 56.0777359], [60.7551008, 56.0779019], [60.7551335, 56.0779979], [60.7554329, 56.0781457]]}}, {"type": "Feature", "properties": {"id": 618616905, "highway": "footway", "name": "", "ref": "", "oneway": "", "surface": "asphalt"}, "geometry": {"type": "LineString", "coordinates": [[60.7656112, 56.0778407], [60.7652228, 56.0778412], [60.7624915, 56.0779201], [60.7608921, 56.0779657], [60.7588599, 56.0780279], [60.7587133, 56.078033], [60.7577478, 56.0780662], [60.7554329, 56.0781457], [60.7540872, 56.078192], [60.7538226, 56.0781959], [60.7536244, 56.0781996], [60.7533879, 56.0782083], [60.7519255, 56.0782626], [60.7496138, 56.0783376]]}}, {"type": "Feature", "properties": {"id": 618618980, "highway": "footway", "name": "", "ref": "", "oneway": "", "surface": "asphalt"}, "geometry": {"type": "LineString", "coordinates": [[60.7653688, 56.0774515], [60.7653562, 56.0776298], [60.7652228, 56.0778412], [60.7653918, 56.0797361], [60.7654238, 56.0802745], [60.7654077, 56.0804092], [60.7652467, 56.0806068], [60.7650429, 56.0808043], [60.7649713, 56.080846], [60.7641846, 56.0813372], [60.7639431, 56.0814327], [60.7634336, 56.0815677], [60.7628542, 56.0815781], [60.7616595, 56.0816147], [60.7593996, 56.081684], [60.7570722, 56.0817554], [60.7543447, 56.081839]]}}, {"type": "Feature", "properties": {"id": 618618981, "highway": "footway", "name": "", "ref": "", "oneway": "", "surface": ""}, "geometry": {"type": "LineString", "coordinates": [[60.7656241, 56.0774553], [60.7653688, 56.0774515], [60.763787, 56.0774486], [60.7617296, 56.0775143], [60.7608691, 56.0775287], [60.759877, 56.0775428], [60.7594559, 56.0776042], [60.7586733, 56.0776371], [60.7586775, 56.0777867], [60.7587133, 56.078033]]}}, {"type": "Feature", "properties": {"id": 618620680, "highway": "footway", "name": "", "ref": "", "oneway": "", "surface": "asphalt"}, "geometry": {"type": "LineString", "coordinates": [[60.7430708, 56.0792106], [60.7430883, 56.0791235], [60.7430113, 56.0786437], [60.7429972, 56.0783541], [60.7430877, 56.0778654], [60.7432325, 56.0775638], [60.7433668, 56.0773491], [60.7441594, 56.0763428]]}}, {"type": "Feature", "properties": {"id": 618620681, "highway": "footway", "name": "", "ref": "", "oneway": "", "surface": "asphalt"}, "geometry": {"type": "LineString", "coordinates": [[60.7496138, 56.0783376], [60.7494612, 56.0783429], [60.7479572, 56.0783945], [60.7476794, 56.0785053], [60.7454145, 56.079125], [60.7430708, 56.0792106], [60.7427545, 56.0792221]]}}, {"type": "Feature", "properties": {"id": 627767737, "highway": "track", "name": "", "ref": "", "oneway": "", "surface": "ground"}, "geometry": {"type": "LineString", "coordinates": [[60.7939237, 56.0298235], [60.7940483, 56.0306101], [60.7939839, 56.0308379], [60.7942199, 56.0310058], [60.7948231, 56.0323074]]}}, {"type": "Feature", "properties": {"id": 631067137, "highway": "path", "name": "", "ref": "", "oneway": "", "surface": ""}, "geometry": {"type": "LineString", "coordinates": [[60.690078, 56.0966063], [60.690515, 56.097054], [60.6906988, 56.0972548], [60.690845, 56.0973846], [60.6909898, 56.0974938], [60.6910837, 56.0976748], [60.6911843, 56.0978409], [60.6911413, 56.0979277], [60.6911537, 56.0979608]]}}, {"type": "Feature", "properties": {"id": 631067139, "highway": "path", "name": "", "ref": "", "oneway": "", "surface": ""}, "geometry": {"type": "LineString", "coordinates": [[60.6845433, 56.0996248], [60.6846497, 56.0996507], [60.6851265, 56.0995838], [60.6857756, 56.0996182], [60.6864515, 56.099518], [60.6869737, 56.0993265]]}}, {"type": "Feature", "properties": {"id": 631067140, "highway": "track", "name": "", "ref": "", "oneway": "", "surface": ""}, "geometry": {"type": "LineString", "coordinates": [[60.6829713, 56.0998994], [60.6837773, 56.100248], [60.6845176, 56.1005637], [60.6849146, 56.1007477], [60.6852874, 56.1008254], [60.6856039, 56.1009347], [60.6858507, 56.1010738], [60.6864059, 56.1011381], [60.6872302, 56.1013506]]}}, {"type": "Feature", "properties": {"id": 641223228, "highway": "track", "name": "", "ref": "", "oneway": "", "surface": "ground"}, "geometry": {"type": "LineString", "coordinates": [[60.8047329, 56.0339519], [60.8055189, 56.0340583]]}}, {"type": "Feature", "properties": {"id": 641223230, "highway": "track", "name": "", "ref": "", "oneway": "", "surface": "ground"}, "geometry": {"type": "LineString", "coordinates": [[60.8052707, 56.032936], [60.8054101, 56.0333796], [60.8052599, 56.0338471], [60.8055189, 56.0340583], [60.8056569, 56.0341708], [60.8059466, 56.0343806], [60.806247, 56.0354296], [60.8066547, 56.0362088]]}}, {"type": "Feature", "properties": {"id": 641223231, "highway": "track", "name": "", "ref": "", "oneway": "", "surface": "ground"}, "geometry": {"type": "LineString", "coordinates": [[60.8086676, 56.0257995], [60.8086267, 56.0259069], [60.8086798, 56.0260447], [60.8087745, 56.0261516], [60.8088543, 56.0263712], [60.8087192, 56.0266524], [60.8085644, 56.027091], [60.8079958, 56.0278704], [60.8069551, 56.0288117], [60.8066976, 56.0297049], [60.8060539, 56.0309758], [60.8056676, 56.0314074], [60.8051312, 56.0322466], [60.8052707, 56.032936], [60.8052063, 56.0333916], [60.8047329, 56.0339519], [60.8043909, 56.0343566], [60.8036184, 56.0351059], [60.8028245, 56.0358971], [60.8026314, 56.0368682], [60.8022022, 56.0374315], [60.8019876, 56.0383426], [60.8018374, 56.0387022], [60.8014499, 56.0394517], [60.8014044, 56.0399518], [60.8012187, 56.0403732], [60.8011617, 56.0406807], [60.8010099, 56.0410621], [60.8008127, 56.0415452], [60.800843, 56.0421808], [60.8007378, 56.0426331]]}}, {"type": "Feature", "properties": {"id": 641223232, "highway": "path", "name": "возм.кварт.просека", "ref": "", "oneway": "", "surface": "ground"}, "geometry": {"type": "LineString", "coordinates": [[60.7884693, 56.0426816], [60.7902717, 56.0372637], [60.7907641, 56.0358094], [60.7936006, 56.0274311], [60.7940912, 56.0259819], [60.7951341, 56.0224668]]}}, {"type": "Feature", "properties": {"id": 661388821, "highway": "residential", "name": "улица № 3", "ref": "", "oneway": "", "surface": ""}, "geometry": {"type": "LineString", "coordinates": [[60.7413169, 56.0374066], [60.7437854, 56.0367229], [60.7445005, 56.0366943]]}}, {"type": "Feature", "properties": {"id": 661388822, "highway": "residential", "name": "улица № 3", "ref": "", "oneway": "", "surface": ""}, "geometry": {"type": "LineString", "coordinates": [[60.7436821, 56.0372118], [60.7429218, 56.037416], [60.7421915, 56.0376603]]}}, {"type": "Feature", "properties": {"id": 661388844, "highway": "residential", "name": "улица № 1", "ref": "", "oneway": "", "surface": ""}, "geometry": {"type": "LineString", "coordinates": [[60.7435051, 56.0356969], [60.7404974, 56.0365593]]}}, {"type": "Feature", "properties": {"id": 661388881, "highway": "residential", "name": "", "ref": "", "oneway": "", "surface": ""}, "geometry": {"type": "LineString", "coordinates": [[60.7439876, 56.0361111], [60.7436059, 56.0357205], [60.7435051, 56.0356969]]}}, {"type": "Feature", "properties": {"id": 661388883, "highway": "residential", "name": "", "ref": "", "oneway": "", "surface": ""}, "geometry": {"type": "LineString", "coordinates": [[60.7439876, 56.0361111], [60.7444324, 56.0359966], [60.7488296, 56.035811], [60.7489179, 56.0366145]]}}, {"type": "Feature", "properties": {"id": 661388916, "highway": "residential", "name": "улица № 4", "ref": "", "oneway": "", "surface": ""}, "geometry": {"type": "LineString", "coordinates": [[60.7457493, 56.0383863], [60.7453002, 56.037821], [60.7450828, 56.0375362], [60.7450701, 56.0373771], [60.7445005, 56.0366943]]}}, {"type": "Feature", "properties": {"id": 661388918, "highway": "residential", "name": "", "ref": "", "oneway": "", "surface": ""}, "geometry": {"type": "LineString", "coordinates": [[60.7445005, 56.0366943], [60.7466271, 56.0366786], [60.7478141, 56.0366431], [60.7489179, 56.0366145], [60.7492011, 56.0366159]]}}, {"type": "Feature", "properties": {"id": 661388920, "highway": "residential", "name": "улица № 4", "ref": "", "oneway": "", "surface": ""}, "geometry": {"type": "LineString", "coordinates": [[60.7445005, 56.0366943], [60.7439876, 56.0361111]]}}, {"type": "Feature", "properties": {"id": 661388972, "highway": "residential", "name": "улица № 13", "ref": "", "oneway": "", "surface": ""}, "geometry": {"type": "LineString", "coordinates": [[60.7403222, 56.0339133], [60.7410303, 56.0338983], [60.741909, 56.0338956], [60.7428188, 56.0338633], [60.7438322, 56.0338093], [60.7448126, 56.0337535], [60.7458178, 56.0337022], [60.7459824, 56.0336951], [60.746619, 56.0336703], [60.747188, 56.0336559]]}}, {"type": "Feature", "properties": {"id": 661389015, "highway": "residential", "name": "улица № 5", "ref": "", "oneway": "", "surface": ""}, "geometry": {"type": "LineString", "coordinates": [[60.7430625, 56.0353117], [60.7429871, 56.0352139], [60.7429311, 56.0348798]]}}, {"type": "Feature", "properties": {"id": 661389024, "highway": "residential", "name": "улица № 6", "ref": "", "oneway": "", "surface": ""}, "geometry": {"type": "LineString", "coordinates": [[60.7420507, 56.0349299], [60.741909, 56.0338956], [60.7417734, 56.0328368], [60.7415344, 56.0314566]]}}, {"type": "Feature", "properties": {"id": 661661174, "highway": "residential", "name": "", "ref": "", "oneway": "", "surface": ""}, "geometry": {"type": "LineString", "coordinates": [[60.7458885, 56.0347455], [60.7458178, 56.0337022]]}}, {"type": "Feature", "properties": {"id": 661661175, "highway": "residential", "name": "улица № 11", "ref": "", "oneway": "", "surface": ""}, "geometry": {"type": "LineString", "coordinates": [[60.7429311, 56.0348798], [60.7449377, 56.0347871], [60.7458885, 56.0347455]]}}, {"type": "Feature", "properties": {"id": 661661176, "highway": "residential", "name": "улица № 5", "ref": "", "oneway": "", "surface": ""}, "geometry": {"type": "LineString", "coordinates": [[60.7429311, 56.0348798], [60.7428691, 56.0343116], [60.7428188, 56.0338633], [60.7426657, 56.0328172], [60.7424515, 56.0313888]]}}, {"type": "Feature", "properties": {"id": 661980335, "highway": "residential", "name": "", "ref": "", "oneway": "", "surface": ""}, "geometry": {"type": "LineString", "coordinates": [[60.7490302, 56.039744], [60.7490339, 56.0393042], [60.748949, 56.0387846], [60.7488785, 56.0382615]]}}, {"type": "Feature", "properties": {"id": 661980401, "highway": "residential", "name": "улица № 8", "ref": "", "oneway": "", "surface": ""}, "geometry": {"type": "LineString", "coordinates": [[60.7414478, 56.0397943], [60.7420605, 56.0396632], [60.7426461, 56.0396058], [60.7435645, 56.0395613], [60.7442582, 56.0394635], [60.7490339, 56.0393042]]}}, {"type": "Feature", "properties": {"id": 662322184, "highway": "residential", "name": "", "ref": "", "oneway": "", "surface": ""}, "geometry": {"type": "LineString", "coordinates": [[60.7732915, 56.0316205], [60.7730209, 56.0310657], [60.7729918, 56.0310109], [60.7727315, 56.0304719], [60.7727838, 56.030258], [60.7768076, 56.0291824], [60.7777311, 56.0290133], [60.7780522, 56.0288855]]}}, {"type": "Feature", "properties": {"id": 675862156, "highway": "footway", "name": "", "ref": "", "oneway": "", "surface": "asphalt"}, "geometry": {"type": "LineString", "coordinates": [[60.7525307, 56.0820487], [60.7524624, 56.081425]]}}, {"type": "Feature", "properties": {"id": 675862157, "highway": "footway", "name": "", "ref": "", "oneway": "", "surface": ""}, "geometry": {"type": "LineString", "coordinates": [[60.7525307, 56.0820487], [60.7534284, 56.0814664]]}}, {"type": "Feature", "properties": {"id": 675862158, "highway": "footway", "name": "", "ref": "", "oneway": "", "surface": ""}, "geometry": {"type": "LineString", "coordinates": [[60.7534284, 56.0814664], [60.7532696, 56.0814834], [60.7532419, 56.0812015], [60.7534087, 56.0811309], [60.7533775, 56.0805981], [60.7535839, 56.0805876]]}}, {"type": "Feature", "properties": {"id": 675864424, "highway": "footway", "name": "", "ref": "", "oneway": "", "surface": ""}, "geometry": {"type": "LineString", "coordinates": [[60.7398205, 56.0830142], [60.7397472, 56.0830826], [60.7396851, 56.0831406], [60.7395759, 56.0832139], [60.7394384, 56.0833064], [60.7392685, 56.0833899], [60.7390246, 56.0834964], [60.738677, 56.083814], [60.738635, 56.0838647]]}}, {"type": "Feature", "properties": {"id": 685449678, "highway": "path", "name": "возм.кварт.просека", "ref": "", "oneway": "", "surface": ""}, "geometry": {"type": "LineString", "coordinates": [[60.8098626, 56.046385], [60.8104956, 56.0525386], [60.8124161, 56.0527483], [60.8169651, 56.0524428]]}}, {"type": "Feature", "properties": {"id": 697109983, "highway": "track", "name": "", "ref": "", "oneway": "", "surface": ""}, "geometry": {"type": "LineString", "coordinates": [[60.7095373, 56.0898259], [60.7089779, 56.0894375], [60.7076061, 56.0884851]]}}, {"type": "Feature", "properties": {"id": 697109984, "highway": "track", "name": "", "ref": "", "oneway": "", "surface": ""}, "geometry": {"type": "LineString", "coordinates": [[60.7089779, 56.0894375], [60.7097835, 56.0890335], [60.7100415, 56.0889041], [60.7099611, 56.0886946]]}}, {"type": "Feature", "properties": {"id": 697109985, "highway": "track", "name": "", "ref": "", "oneway": "", "surface": ""}, "geometry": {"type": "LineString", "coordinates": [[60.7097835, 56.0890335], [60.7083058, 56.0879392], [60.707494, 56.0874603], [60.7065865, 56.0870392]]}}, {"type": "Feature", "properties": {"id": 698282423, "highway": "residential", "name": "", "ref": "", "oneway": "", "surface": "unpaved"}, "geometry": {"type": "LineString", "coordinates": [[60.8043804, 56.0607795], [60.8043694, 56.0619634], [60.8043694, 56.0632331]]}}, {"type": "Feature", "properties": {"id": 698282424, "highway": "residential", "name": "", "ref": "", "oneway": "", "surface": "unpaved"}, "geometry": {"type": "LineString", "coordinates": [[60.8063361, 56.0619634], [60.8043694, 56.0619634]]}}, {"type": "Feature", "properties": {"id": 698282438, "highway": "residential", "name": "", "ref": "", "oneway": "", "surface": "ground"}, "geometry": {"type": "LineString", "coordinates": [[60.8026884, 56.0744197], [60.8050286, 56.0732791], [60.8052593, 56.0732668], [60.8062921, 56.0739168], [60.8060834, 56.0741866], [60.8067008, 56.0746092], [60.8074047, 56.0750677]]}}, {"type": "Feature", "properties": {"id": 698282439, "highway": "residential", "name": "", "ref": "", "oneway": "", "surface": "ground"}, "geometry": {"type": "LineString", "coordinates": [[60.8043623, 56.0756759], [60.8057296, 56.0750081]]}}, {"type": "Feature", "properties": {"id": 698282440, "highway": "residential", "name": "", "ref": "", "oneway": "", "surface": "ground"}, "geometry": {"type": "LineString", "coordinates": [[60.8051931, 56.0762182], [60.8043623, 56.0756759], [60.8040127, 56.0751122], [60.804673, 56.0748217]]}}, {"type": "Feature", "properties": {"id": 698283408, "highway": "service", "name": "", "ref": "", "oneway": "", "surface": "unpaved"}, "geometry": {"type": "LineString", "coordinates": [[60.7835857, 56.0835181], [60.7840481, 56.0836845], [60.7847309, 56.0838437], [60.7850939, 56.0840438], [60.7854181, 56.0843573], [60.785556, 56.0845824], [60.7858545, 56.0849987]]}}, {"type": "Feature", "properties": {"id": 702825802, "highway": "track", "name": "", "ref": "", "oneway": "", "surface": "ground"}, "geometry": {"type": "LineString", "coordinates": [[60.8012187, 56.0403732], [60.801537, 56.0402544], [60.8017623, 56.0400627], [60.8017301, 56.039721], [60.8014499, 56.0394517]]}}, {"type": "Feature", "properties": {"id": 702825805, "highway": "path", "name": "возм.неразрублена", "ref": "", "oneway": "", "surface": ""}, "geometry": {"type": "LineString", "coordinates": [[60.7987744, 56.0420118], [60.7995078, 56.0409858]]}}, {"type": "Feature", "properties": {"id": 760095301, "highway": "tertiary", "name": "улица Транспортная", "ref": "", "oneway": "", "surface": ""}, "geometry": {"type": "LineString", "coordinates": [[60.7360854, 56.065058], [60.7362672, 56.0660728], [60.7365909, 56.0678801], [60.736752, 56.0692377], [60.7367664, 56.0693598], [60.7369788, 56.0711601], [60.7370096, 56.0714214], [60.7371238, 56.0727696], [60.7371942, 56.0736012], [60.7372105, 56.073793], [60.7372384, 56.0739912], [60.7373216, 56.0745837], [60.7374854, 56.0759036], [60.7376435, 56.077049], [60.7377465, 56.0776703], [60.7378366, 56.0782137], [60.7379608, 56.0793036]]}}, {"type": "Feature", "properties": {"id": 760095302, "highway": "tertiary", "name": "улица Широкая", "ref": "", "oneway": "", "surface": ""}, "geometry": {"type": "LineString", "coordinates": [[60.7360854, 56.065058], [60.7340959, 56.0650903], [60.7337222, 56.0650964], [60.7317213, 56.0651689], [60.7315344, 56.0651749], [60.7282318, 56.0652806], [60.7179386, 56.0656308], [60.7176223, 56.0656415], [60.7175118, 56.0656449]]}}, {"type": "Feature", "properties": {"id": 760095303, "highway": "secondary", "name": "улица Широкая", "ref": "", "oneway": "", "surface": ""}, "geometry": {"type": "LineString", "coordinates": [[60.7696739, 56.0641463], [60.7654333, 56.0642445], [60.7592715, 56.0643645], [60.7587367, 56.0643749], [60.7534509, 56.0645461], [60.7523316, 56.0645824]]}}, {"type": "Feature", "properties": {"id": 760095304, "highway": "tertiary", "name": "улица Забабахина", "ref": "", "oneway": "", "surface": "asphalt"}, "geometry": {"type": "LineString", "coordinates": [[60.7535985, 56.0779574], [60.753384, 56.07796], [60.7519033, 56.0779917], [60.7517048, 56.0779965], [60.7499264, 56.0780388], [60.7496819, 56.0780501], [60.7495913, 56.0780544], [60.7494476, 56.0780613], [60.7490857, 56.0780783], [60.7484859, 56.0781465], [60.7480472, 56.0782356], [60.7476716, 56.0783322], [60.7473834, 56.0784203], [60.747177, 56.0784773], [60.7469601, 56.0785334], [60.7452858, 56.0789355], [60.7447409, 56.0790241], [60.7445599, 56.0790491], [60.74436, 56.0790697], [60.7441403, 56.0790803], [60.7437564, 56.0790985], [60.7430883, 56.0791235], [60.7427414, 56.0791333]]}}, {"type": "Feature", "properties": {"id": 760095305, "highway": "tertiary", "name": "проспект Мира", "ref": "", "oneway": "yes", "surface": "asphalt"}, "geometry": {"type": "LineString", "coordinates": [[60.7535985, 56.0779574], [60.7535887, 56.0778144], [60.7535616, 56.0772683], [60.7535162, 56.0767217], [60.7535071, 56.0766237], [60.7534182, 56.0756687], [60.7533659, 56.0749993]]}}, {"type": "Feature", "properties": {"id": 760095306, "highway": "tertiary", "name": "улица Забабахина", "ref": "", "oneway": "", "surface": "asphalt"}, "geometry": {"type": "LineString", "coordinates": [[60.7538128, 56.0779529], [60.7535985, 56.0779574]]}}, {"type": "Feature", "properties": {"id": 760095307, "highway": "tertiary", "name": "проспект Мира", "ref": "", "oneway": "yes", "surface": "asphalt"}, "geometry": {"type": "LineString", "coordinates": [[60.7538128, 56.0779529], [60.7538226, 56.0781959], [60.7538869, 56.0788422], [60.7539086, 56.0790364], [60.7539946, 56.0797881]]}}, {"type": "Feature", "properties": {"id": 760095308, "highway": "tertiary", "name": "улица Комсомольская", "ref": "", "oneway": "", "surface": "asphalt"}, "geometry": {"type": "LineString", "coordinates": [[60.7552967, 56.0819545], [60.7570781, 56.0818925], [60.759031, 56.0818252], [60.7594117, 56.0818121], [60.7616703, 56.08173], [60.7631468, 56.0817136], [60.7632365, 56.0817126], [60.7636244, 56.0816734], [60.763919, 56.0816062], [60.7640839, 56.0815504], [60.7642801, 56.081463], [60.7643853, 56.0814087], [60.7645504, 56.0813235], [60.7647257, 56.0812136], [60.764803, 56.0811652]]}}, {"type": "Feature", "properties": {"id": 760095309, "highway": "tertiary", "name": "улица Дзержинского", "ref": "", "oneway": "", "surface": "asphalt"}, "geometry": {"type": "LineString", "coordinates": [[60.7383969, 56.082639], [60.738515, 56.0826335], [60.7388262, 56.0826232], [60.7389446, 56.0826188], [60.7398493, 56.0825856], [60.7412431, 56.0825344], [60.7419289, 56.0825092], [60.742453, 56.0824829], [60.7431006, 56.0824505], [60.743219, 56.0824446]]}}, {"type": "Feature", "properties": {"id": 760095310, "highway": "tertiary", "name": "", "ref": "", "oneway": "yes", "surface": ""}, "geometry": {"type": "LineString", "coordinates": [[60.7213218, 56.0855325], [60.7214122, 56.0856066], [60.7214377, 56.0856951], [60.7213936, 56.0857813], [60.7212896, 56.0858483], [60.7211721, 56.085881], [60.7210414, 56.0858887], [60.7209142, 56.0858704], [60.7208152, 56.0858532]]}}, {"type": "Feature", "properties": {"id": 760095311, "highway": "tertiary", "name": "", "ref": "", "oneway": "yes", "surface": ""}, "geometry": {"type": "LineString", "coordinates": [[60.7207033, 56.0857635], [60.720699, 56.0856732], [60.7207343, 56.0855943], [60.7208215, 56.0855292], [60.7209471, 56.0854879], [60.7210914, 56.0854769], [60.7212323, 56.0854978], [60.7213218, 56.0855325]]}}, {"type": "Feature", "properties": {"id": 784696031, "highway": "residential", "name": "улица № 8", "ref": "", "oneway": "", "surface": ""}, "geometry": {"type": "LineString", "coordinates": [[60.7490339, 56.0393042], [60.7494649, 56.0393201]]}}, {"type": "Feature", "properties": {"id": 784887149, "highway": "service", "name": "", "ref": "", "oneway": "", "surface": ""}, "geometry": {"type": "LineString", "coordinates": [[60.7731362, 56.0779865], [60.7739006, 56.0779598]]}}, {"type": "Feature", "properties": {"id": 784887150, "highway": "service", "name": "", "ref": "", "oneway": "", "surface": ""}, "geometry": {"type": "LineString", "coordinates": [[60.7728083, 56.0778157], [60.7720356, 56.0778431], [60.7720583, 56.078214], [60.7728417, 56.0781835], [60.7728083, 56.0778157], [60.7731121, 56.077828], [60.7741894, 56.077788], [60.7741325, 56.0778453], [60.7739006, 56.0779598], [60.7731656, 56.0783514], [60.772096, 56.0783733]]}}, {"type": "Feature", "properties": {"id": 784887151, "highway": "service", "name": "", "ref": "", "oneway": "", "surface": ""}, "geometry": {"type": "LineString", "coordinates": [[60.7711613, 56.0774351], [60.7713836, 56.077468], [60.7727312, 56.077626], [60.7727685, 56.0777178], [60.7728083, 56.0778157]]}}, {"type": "Feature", "properties": {"id": 788786736, "highway": "service", "name": "", "ref": "", "oneway": "", "surface": ""}, "geometry": {"type": "LineString", "coordinates": [[60.7631526, 56.0662054], [60.7629858, 56.0649254], [60.7588077, 56.0650841]]}}, {"type": "Feature", "properties": {"id": 813061105, "highway": "path", "name": "", "ref": "", "oneway": "", "surface": ""}, "geometry": {"type": "LineString", "coordinates": [[60.7010379, 56.090147], [60.7007933, 56.0901413], [60.7002944, 56.0901922]]}}, {"type": "Feature", "properties": {"id": 845389784, "highway": "service", "name": "", "ref": "", "oneway": "", "surface": ""}, "geometry": {"type": "LineString", "coordinates": [[60.7738658, 56.0530309], [60.7733051, 56.0527054], [60.772597, 56.0525931], [60.7723127, 56.0524643], [60.7722269, 56.0525826], [60.772597, 56.0525931]]}}, {"type": "Feature", "properties": {"id": 845389785, "highway": "service", "name": "", "ref": "", "oneway": "", "surface": ""}, "geometry": {"type": "LineString", "coordinates": [[60.7722269, 56.0525826], [60.7719852, 56.052583], [60.7714461, 56.0525291], [60.7708103, 56.0525172], [60.769995, 56.0525021], [60.7699268, 56.0519989]]}}, {"type": "Feature", "properties": {"id": 845389786, "highway": "service", "name": "", "ref": "", "oneway": "", "surface": ""}, "geometry": {"type": "LineString", "coordinates": [[60.7708103, 56.0525172], [60.7699268, 56.0519989]]}}, {"type": "Feature", "properties": {"id": 845389787, "highway": "service", "name": "", "ref": "", "oneway": "", "surface": ""}, "geometry": {"type": "LineString", "coordinates": [[60.7699268, 56.0519989], [60.7697259, 56.0503056]]}}, {"type": "Feature", "properties": {"id": 845389788, "highway": "service", "name": "", "ref": "", "oneway": "", "surface": ""}, "geometry": {"type": "LineString", "coordinates": [[60.7723127, 56.0524643], [60.7722363, 56.0521583]]}}, {"type": "Feature", "properties": {"id": 845389793, "highway": "path", "name": "", "ref": "", "oneway": "", "surface": ""}, "geometry": {"type": "LineString", "coordinates": [[60.720817, 56.0818677], [60.7208505, 56.0822078], [60.7208656, 56.0823619], [60.7208677, 56.0823836]]}}, {"type": "Feature", "properties": {"id": 845432843, "highway": "track", "name": "", "ref": "", "oneway": "", "surface": ""}, "geometry": {"type": "LineString", "coordinates": [[60.7107727, 56.0756444], [60.7110442, 56.0785034]]}}, {"type": "Feature", "properties": {"id": 845432846, "highway": "footway", "name": "", "ref": "", "oneway": "", "surface": "asphalt"}, "geometry": {"type": "LineString", "coordinates": [[60.7239601, 56.079935], [60.7240764, 56.080013], [60.7244284, 56.0801473]]}}, {"type": "Feature", "properties": {"id": 845432847, "highway": "footway", "name": "", "ref": "", "oneway": "", "surface": ""}, "geometry": {"type": "LineString", "coordinates": [[60.7209868, 56.0810382], [60.7217689, 56.0810158], [60.7217042, 56.0809806], [60.7214741, 56.0806876]]}}, {"type": "Feature", "properties": {"id": 845432848, "highway": "footway", "name": "", "ref": "", "oneway": "", "surface": ""}, "geometry": {"type": "LineString", "coordinates": [[60.7217689, 56.0810158], [60.7220928, 56.0810103], [60.7221176, 56.0811791], [60.7226042, 56.0809945], [60.7220928, 56.0810103]]}}, {"type": "Feature", "properties": {"id": 845432849, "highway": "footway", "name": "", "ref": "", "oneway": "", "surface": ""}, "geometry": {"type": "LineString", "coordinates": [[60.7221176, 56.0811791], [60.7220666, 56.0814067]]}}, {"type": "Feature", "properties": {"id": 845432852, "highway": "footway", "name": "", "ref": "", "oneway": "", "surface": ""}, "geometry": {"type": "LineString", "coordinates": [[60.7193237, 56.0884106], [60.7192404, 56.0878254], [60.7191753, 56.0872415], [60.7190801, 56.0866499]]}}, {"type": "Feature", "properties": {"id": 845432853, "highway": "footway", "name": "", "ref": "", "oneway": "", "surface": ""}, "geometry": {"type": "LineString", "coordinates": [[60.7193081, 56.0872357], [60.7191753, 56.0872415]]}}, {"type": "Feature", "properties": {"id": 845432854, "highway": "path", "name": "", "ref": "", "oneway": "", "surface": ""}, "geometry": {"type": "LineString", "coordinates": [[60.7231797, 56.0885352], [60.7232591, 56.0884536], [60.7234298, 56.0881282], [60.7236822, 56.0873967], [60.7236862, 56.087355], [60.7238436, 56.0872731]]}}, {"type": "Feature", "properties": {"id": 845432857, "highway": "service", "name": "", "ref": "", "oneway": "", "surface": ""}, "geometry": {"type": "LineString", "coordinates": [[60.7241709, 56.0884178], [60.7246004, 56.0883978]]}}, {"type": "Feature", "properties": {"id": 845432858, "highway": "path", "name": "", "ref": "", "oneway": "", "surface": ""}, "geometry": {"type": "LineString", "coordinates": [[60.7203321, 56.0903771], [60.7206842, 56.0900762], [60.7209458, 56.0897313], [60.7209713, 56.0896978]]}}, {"type": "Feature", "properties": {"id": 845432860, "highway": "footway", "name": "", "ref": "", "oneway": "", "surface": ""}, "geometry": {"type": "LineString", "coordinates": [[60.7223992, 56.0884075], [60.7217952, 56.0883161], [60.7216557, 56.0883216], [60.7215407, 56.0883261], [60.7213228, 56.0883351], [60.720986, 56.0883489]]}}, {"type": "Feature", "properties": {"id": 845432861, "highway": "footway", "name": "", "ref": "", "oneway": "", "surface": ""}, "geometry": {"type": "LineString", "coordinates": [[60.7217952, 56.0883161], [60.7217922, 56.0882933], [60.7216577, 56.0872895], [60.7216518, 56.0872452], [60.7216483, 56.0872175], [60.7216406, 56.0871564], [60.7215497, 56.0864371], [60.7215466, 56.0864125]]}}, {"type": "Feature", "properties": {"id": 845432862, "highway": "footway", "name": "", "ref": "", "oneway": "", "surface": ""}, "geometry": {"type": "LineString", "coordinates": [[60.7210851, 56.0865951], [60.7211243, 56.0868686], [60.7211759, 56.0872283], [60.7208249, 56.0872304]]}}, {"type": "Feature", "properties": {"id": 845432863, "highway": "footway", "name": "", "ref": "", "oneway": "", "surface": ""}, "geometry": {"type": "LineString", "coordinates": [[60.7211759, 56.0872283], [60.7213166, 56.0872341], [60.7214142, 56.0872381]]}}, {"type": "Feature", "properties": {"id": 845432864, "highway": "footway", "name": "", "ref": "", "oneway": "", "surface": ""}, "geometry": {"type": "LineString", "coordinates": [[60.7211759, 56.0872283], [60.7211818, 56.0872747], [60.7212363, 56.0877046], [60.7212412, 56.0877434], [60.7213228, 56.0883351]]}}, {"type": "Feature", "properties": {"id": 845432865, "highway": "footway", "name": "", "ref": "", "oneway": "", "surface": ""}, "geometry": {"type": "LineString", "coordinates": [[60.7213228, 56.0883351], [60.7213278, 56.0883738], [60.7213963, 56.0889045], [60.7214472, 56.0892985], [60.7214672, 56.0894534], [60.7214831, 56.0895765], [60.7214873, 56.0896089], [60.7214909, 56.0896381], [60.7215112, 56.0898029], [60.7215489, 56.0901073], [60.7215512, 56.0901262], [60.7215535, 56.0901446], [60.7215687, 56.0902677], [60.7215768, 56.0903332], [60.7215791, 56.0903517], [60.7215905, 56.0904445], [60.7216238, 56.090714], [60.7216424, 56.090864]]}}, {"type": "Feature", "properties": {"id": 845432866, "highway": "footway", "name": "", "ref": "", "oneway": "", "surface": ""}, "geometry": {"type": "LineString", "coordinates": [[60.7216424, 56.090864], [60.721674, 56.0911204], [60.7217859, 56.0920287], [60.7217993, 56.0921372]]}}, {"type": "Feature", "properties": {"id": 845432867, "highway": "footway", "name": "", "ref": "", "oneway": "", "surface": ""}, "geometry": {"type": "LineString", "coordinates": [[60.7222762, 56.0921141], [60.7223876, 56.0922167], [60.7225714, 56.0922815], [60.7236096, 56.0922475], [60.7261139, 56.0921415], [60.7275029, 56.0920797], [60.7288812, 56.0920025], [60.7314121, 56.091923]]}}, {"type": "Feature", "properties": {"id": 845432869, "highway": "footway", "name": "", "ref": "", "oneway": "", "surface": ""}, "geometry": {"type": "LineString", "coordinates": [[60.7248347, 56.0869924], [60.724863, 56.0871552], [60.7248765, 56.0872333], [60.7249062, 56.0874045]]}}, {"type": "Feature", "properties": {"id": 845432870, "highway": "footway", "name": "", "ref": "", "oneway": "", "surface": ""}, "geometry": {"type": "LineString", "coordinates": [[60.7248765, 56.0872333], [60.7244844, 56.0872487], [60.7240253, 56.0872665], [60.7238436, 56.0872731], [60.7227516, 56.0873133]]}}, {"type": "Feature", "properties": {"id": 845432873, "highway": "footway", "name": "", "ref": "", "oneway": "", "surface": ""}, "geometry": {"type": "LineString", "coordinates": [[60.7216406, 56.0871564], [60.7219515, 56.0871442]]}}, {"type": "Feature", "properties": {"id": 845432874, "highway": "footway", "name": "", "ref": "", "oneway": "", "surface": ""}, "geometry": {"type": "LineString", "coordinates": [[60.7215512, 56.0901262], [60.7217971, 56.090115], [60.7218993, 56.0901124], [60.722027, 56.0901091], [60.7220382, 56.0902043], [60.7220467, 56.0902761]]}}, {"type": "Feature", "properties": {"id": 845432875, "highway": "footway", "name": "", "ref": "", "oneway": "", "surface": ""}, "geometry": {"type": "LineString", "coordinates": [[60.7220544, 56.0903382], [60.7218291, 56.090345], [60.7217037, 56.0903484], [60.7215791, 56.0903517]]}}, {"type": "Feature", "properties": {"id": 845432876, "highway": "footway", "name": "", "ref": "", "oneway": "", "surface": ""}, "geometry": {"type": "LineString", "coordinates": [[60.7220544, 56.0903382], [60.7224864, 56.0903212], [60.7243307, 56.0902428], [60.7248645, 56.090221], [60.7254692, 56.0901964], [60.7272378, 56.0901243], [60.7273375, 56.0901205], [60.7274167, 56.0901176], [60.7276681, 56.0901081], [60.7286587, 56.0900708], [60.7300584, 56.0900133], [60.7306974, 56.089987], [60.7313701, 56.0899594], [60.7326765, 56.0899038], [60.732681, 56.0899376], [60.7327814, 56.0906885], [60.732805, 56.0908654], [60.7328574, 56.0912573], [60.7329448, 56.0918543], [60.7314121, 56.091923]]}}, {"type": "Feature", "properties": {"id": 845432877, "highway": "footway", "name": "", "ref": "", "oneway": "", "surface": ""}, "geometry": {"type": "LineString", "coordinates": [[60.732805, 56.0908654], [60.7329616, 56.0908543], [60.7334175, 56.0908381], [60.7335689, 56.0908315], [60.733678, 56.0916001], [60.733699, 56.0918135], [60.7335592, 56.0918184], [60.7330687, 56.0918429], [60.7329448, 56.0918543]]}}, {"type": "Feature", "properties": {"id": 845432878, "highway": "footway", "name": "", "ref": "", "oneway": "", "surface": "asphalt"}, "geometry": {"type": "LineString", "coordinates": [[60.727029, 56.0899008], [60.7272996, 56.0898884], [60.7284298, 56.0898365], [60.7304386, 56.0897547], [60.7311296, 56.0897265], [60.7320196, 56.0896902], [60.7326413, 56.0896649], [60.7326466, 56.089703], [60.732665, 56.0898363], [60.7326765, 56.0899038]]}}, {"type": "Feature", "properties": {"id": 845432879, "highway": "footway", "name": "", "ref": "", "oneway": "", "surface": "asphalt"}, "geometry": {"type": "LineString", "coordinates": [[60.7334604, 56.0898753], [60.7334464, 56.0897923], [60.7334352, 56.089672], [60.733265, 56.0896763], [60.7328143, 56.0896959], [60.7326466, 56.089703]]}}, {"type": "Feature", "properties": {"id": 845432880, "highway": "footway", "name": "", "ref": "", "oneway": "", "surface": "asphalt"}, "geometry": {"type": "LineString", "coordinates": [[60.7332894, 56.0899032], [60.7328381, 56.0899329], [60.732681, 56.0899376]]}}, {"type": "Feature", "properties": {"id": 845432881, "highway": "footway", "name": "", "ref": "", "oneway": "", "surface": "asphalt"}, "geometry": {"type": "LineString", "coordinates": [[60.7326413, 56.0896649], [60.7325485, 56.0889059], [60.7325184, 56.0886781], [60.7324806, 56.0883915], [60.7324029, 56.0876228], [60.7323917, 56.0875123], [60.7318932, 56.0873794]]}}, {"type": "Feature", "properties": {"id": 845432882, "highway": "footway", "name": "", "ref": "", "oneway": "", "surface": "asphalt"}, "geometry": {"type": "LineString", "coordinates": [[60.7332945, 56.0886455], [60.7331161, 56.0886534], [60.7326632, 56.0886756], [60.7325184, 56.0886781]]}}, {"type": "Feature", "properties": {"id": 845432883, "highway": "footway", "name": "", "ref": "", "oneway": "", "surface": ""}, "geometry": {"type": "LineString", "coordinates": [[60.7278685, 56.0853168], [60.7269032, 56.0853558], [60.7261254, 56.0853909], [60.7242577, 56.0854659], [60.7241097, 56.0854721], [60.7219105, 56.0855637], [60.7216113, 56.0855768]]}}, {"type": "Feature", "properties": {"id": 845432884, "highway": "footway", "name": "", "ref": "", "oneway": "", "surface": ""}, "geometry": {"type": "LineString", "coordinates": [[60.7216143, 56.0856067], [60.7216364, 56.0857595], [60.7216438, 56.0858443], [60.7214789, 56.0859281], [60.721499, 56.086072], [60.7215466, 56.0864125]]}}, {"type": "Feature", "properties": {"id": 845432885, "highway": "footway", "name": "", "ref": "", "oneway": "", "surface": ""}, "geometry": {"type": "LineString", "coordinates": [[60.7216438, 56.0858443], [60.7220771, 56.0858268], [60.7241209, 56.085744], [60.7241878, 56.0857413], [60.7249503, 56.0857099], [60.7255289, 56.085686], [60.726326, 56.0856532], [60.7265918, 56.0856422], [60.7269397, 56.0856279], [60.7271829, 56.0856176], [60.7280633, 56.0855802], [60.7303935, 56.0854906], [60.7316782, 56.0854339], [60.7317019, 56.0856155], [60.7317303, 56.0859854], [60.7317559, 56.0862368]]}}, {"type": "Feature", "properties": {"id": 845432886, "highway": "footway", "name": "", "ref": "", "oneway": "", "surface": ""}, "geometry": {"type": "LineString", "coordinates": [[60.7278685, 56.0853168], [60.7280356, 56.0853511], [60.7280539, 56.0854727]]}}, {"type": "Feature", "properties": {"id": 845432887, "highway": "footway", "name": "", "ref": "", "oneway": "", "surface": ""}, "geometry": {"type": "LineString", "coordinates": [[60.7217952, 56.0883161], [60.7219077, 56.0891488], [60.7219155, 56.0892112], [60.722027, 56.0901091], [60.7221266, 56.0901053], [60.7223621, 56.0900962], [60.7238961, 56.0900373], [60.7252815, 56.0899842]]}}, {"type": "Feature", "properties": {"id": 845432889, "highway": "path", "name": "", "ref": "", "oneway": "", "surface": ""}, "geometry": {"type": "LineString", "coordinates": [[60.7221266, 56.0901053], [60.7223947, 56.0899558], [60.7224388, 56.0897862]]}}, {"type": "Feature", "properties": {"id": 845432890, "highway": "path", "name": "", "ref": "", "oneway": "", "surface": ""}, "geometry": {"type": "LineString", "coordinates": [[60.7223947, 56.0899558], [60.7223621, 56.0900962]]}}, {"type": "Feature", "properties": {"id": 845432891, "highway": "path", "name": "", "ref": "", "oneway": "", "surface": ""}, "geometry": {"type": "LineString", "coordinates": [[60.7216238, 56.090714], [60.7212995, 56.0908722]]}}, {"type": "Feature", "properties": {"id": 845432892, "highway": "path", "name": "", "ref": "", "oneway": "", "surface": ""}, "geometry": {"type": "LineString", "coordinates": [[60.7203714, 56.0910149], [60.7193055, 56.0915646], [60.7190441, 56.0916264]]}}, {"type": "Feature", "properties": {"id": 845432893, "highway": "path", "name": "", "ref": "", "oneway": "", "surface": ""}, "geometry": {"type": "LineString", "coordinates": [[60.7192903, 56.0921196], [60.7193545, 56.092057], [60.7193055, 56.0915646]]}}, {"type": "Feature", "properties": {"id": 845432895, "highway": "service", "name": "", "ref": "", "oneway": "", "surface": ""}, "geometry": {"type": "LineString", "coordinates": [[60.7225061, 56.090437], [60.7224864, 56.0903212], [60.7224757, 56.090259]]}}, {"type": "Feature", "properties": {"id": 845432896, "highway": "footway", "name": "", "ref": "", "oneway": "", "surface": ""}, "geometry": {"type": "LineString", "coordinates": [[60.721674, 56.0911204], [60.7219262, 56.0911051], [60.722148, 56.0910947], [60.7225932, 56.0910754], [60.722631, 56.0913347]]}}, {"type": "Feature", "properties": {"id": 845432897, "highway": "footway", "name": "", "ref": "", "oneway": "", "surface": ""}, "geometry": {"type": "LineString", "coordinates": [[60.7335689, 56.0908315], [60.733487, 56.0900725], [60.7334604, 56.0898753]]}}, {"type": "Feature", "properties": {"id": 845432898, "highway": "footway", "name": "", "ref": "", "oneway": "", "surface": "asphalt"}, "geometry": {"type": "LineString", "coordinates": [[60.7252815, 56.0899842], [60.7254362, 56.089979], [60.727029, 56.0899008]]}}, {"type": "Feature", "properties": {"id": 845432899, "highway": "footway", "name": "", "ref": "", "oneway": "", "surface": ""}, "geometry": {"type": "LineString", "coordinates": [[60.7254692, 56.0901964], [60.7254587, 56.0901266], [60.7254362, 56.089979]]}}, {"type": "Feature", "properties": {"id": 845432900, "highway": "footway", "name": "", "ref": "", "oneway": "", "surface": ""}, "geometry": {"type": "LineString", "coordinates": [[60.7211564, 56.083481], [60.7238314, 56.0833878], [60.7240227, 56.0833811], [60.7257637, 56.0833017], [60.7278387, 56.0832245], [60.7279025, 56.0832217], [60.7297893, 56.0831403], [60.7317277, 56.0830681], [60.7318819, 56.0830615], [60.7323566, 56.0830386], [60.7325611, 56.083025], [60.7327224, 56.0842404], [60.7328295, 56.0851732], [60.7342666, 56.0851123], [60.7358318, 56.0850573], [60.737202, 56.0850024], [60.7385796, 56.0849462]]}}, {"type": "Feature", "properties": {"id": 845432901, "highway": "footway", "name": "", "ref": "", "oneway": "", "surface": ""}, "geometry": {"type": "LineString", "coordinates": [[60.726326, 56.0856532], [60.7263413, 56.0858894], [60.7265965, 56.0858742], [60.7265918, 56.0856422]]}}, {"type": "Feature", "properties": {"id": 845432902, "highway": "path", "name": "", "ref": "", "oneway": "", "surface": ""}, "geometry": {"type": "LineString", "coordinates": [[60.7265965, 56.0858742], [60.7269461, 56.0856656]]}}, {"type": "Feature", "properties": {"id": 845432903, "highway": "footway", "name": "", "ref": "", "oneway": "", "surface": ""}, "geometry": {"type": "LineString", "coordinates": [[60.7269636, 56.085768], [60.7270581, 56.0857032], [60.7270757, 56.0856911], [60.7271829, 56.0856176]]}}, {"type": "Feature", "properties": {"id": 845432904, "highway": "footway", "name": "", "ref": "", "oneway": "", "surface": ""}, "geometry": {"type": "LineString", "coordinates": [[60.7269397, 56.0856279], [60.7270581, 56.0857032]]}}, {"type": "Feature", "properties": {"id": 845432905, "highway": "footway", "name": "", "ref": "", "oneway": "", "surface": "asphalt"}, "geometry": {"type": "LineString", "coordinates": [[60.7278519, 56.0874962], [60.7286982, 56.0876596]]}}, {"type": "Feature", "properties": {"id": 845432907, "highway": "service", "name": "", "ref": "", "oneway": "", "surface": ""}, "geometry": {"type": "LineString", "coordinates": [[60.7298094, 56.0902532], [60.7299289, 56.090801]]}}, {"type": "Feature", "properties": {"id": 845432908, "highway": "path", "name": "", "ref": "", "oneway": "", "surface": ""}, "geometry": {"type": "LineString", "coordinates": [[60.7298094, 56.0902532], [60.7300643, 56.0901293], [60.7300584, 56.0900133]]}}, {"type": "Feature", "properties": {"id": 845432909, "highway": "footway", "name": "", "ref": "", "oneway": "", "surface": "asphalt"}, "geometry": {"type": "LineString", "coordinates": [[60.7324806, 56.0883915], [60.7322062, 56.08841], [60.7320446, 56.0883814]]}}, {"type": "Feature", "properties": {"id": 845432910, "highway": "footway", "name": "", "ref": "", "oneway": "", "surface": ""}, "geometry": {"type": "LineString", "coordinates": [[60.7273375, 56.0901205], [60.7273308, 56.0900554], [60.7272996, 56.0898884]]}}, {"type": "Feature", "properties": {"id": 845432911, "highway": "footway", "name": "", "ref": "", "oneway": "", "surface": ""}, "geometry": {"type": "LineString", "coordinates": [[60.732384, 56.0904677], [60.7327814, 56.0906885], [60.7322648, 56.0907137], [60.732384, 56.0904677]]}}, {"type": "Feature", "properties": {"id": 845432912, "highway": "footway", "name": "", "ref": "", "oneway": "", "surface": ""}, "geometry": {"type": "LineString", "coordinates": [[60.7322134, 56.0907495], [60.7322648, 56.0907137]]}}, {"type": "Feature", "properties": {"id": 845432913, "highway": "footway", "name": "", "ref": "", "oneway": "", "surface": "asphalt"}, "geometry": {"type": "LineString", "coordinates": [[60.7306974, 56.089987], [60.7306873, 56.0899184], [60.7306792, 56.0898418]]}}, {"type": "Feature", "properties": {"id": 845432914, "highway": "path", "name": "", "ref": "", "oneway": "", "surface": ""}, "geometry": {"type": "LineString", "coordinates": [[60.7274167, 56.0901176], [60.7277142, 56.0902239], [60.7276681, 56.0901081]]}}, {"type": "Feature", "properties": {"id": 845432915, "highway": "path", "name": "", "ref": "", "oneway": "", "surface": ""}, "geometry": {"type": "LineString", "coordinates": [[60.7277142, 56.0902239], [60.7277891, 56.0902791]]}}, {"type": "Feature", "properties": {"id": 845432919, "highway": "footway", "name": "", "ref": "", "oneway": "", "surface": ""}, "geometry": {"type": "LineString", "coordinates": [[60.7214472, 56.0892985], [60.7215822, 56.0892295]]}}, {"type": "Feature", "properties": {"id": 845432920, "highway": "footway", "name": "", "ref": "", "oneway": "", "surface": ""}, "geometry": {"type": "LineString", "coordinates": [[60.7215822, 56.0892295], [60.7216779, 56.0892246], [60.7219155, 56.0892112]]}}, {"type": "Feature", "properties": {"id": 845432921, "highway": "path", "name": "", "ref": "", "oneway": "", "surface": ""}, "geometry": {"type": "LineString", "coordinates": [[60.7214672, 56.0894534], [60.7211177, 56.0896275], [60.7215112, 56.0898029]]}}, {"type": "Feature", "properties": {"id": 845432922, "highway": "path", "name": "", "ref": "", "oneway": "", "surface": ""}, "geometry": {"type": "LineString", "coordinates": [[60.7215687, 56.0902677], [60.7217037, 56.0903484], [60.7215905, 56.0904445]]}}, {"type": "Feature", "properties": {"id": 845432923, "highway": "footway", "name": "", "ref": "", "oneway": "", "surface": ""}, "geometry": {"type": "LineString", "coordinates": [[60.7217859, 56.0920287], [60.721484, 56.091784], [60.7213836, 56.0910037], [60.7215142, 56.0908671]]}}, {"type": "Feature", "properties": {"id": 845432930, "highway": "path", "name": "", "ref": "", "oneway": "", "surface": ""}, "geometry": {"type": "LineString", "coordinates": [[60.7207522, 56.086643], [60.7208093, 56.0866776], [60.7210808, 56.0868422], [60.7211243, 56.0868686]]}}, {"type": "Feature", "properties": {"id": 845432931, "highway": "path", "name": "", "ref": "", "oneway": "", "surface": ""}, "geometry": {"type": "LineString", "coordinates": [[60.7211818, 56.0872747], [60.7210482, 56.0875876], [60.7209501, 56.087684]]}}, {"type": "Feature", "properties": {"id": 845498871, "highway": "service", "name": "", "ref": "", "oneway": "", "surface": ""}, "geometry": {"type": "LineString", "coordinates": [[60.7222846, 56.0872444], [60.7221988, 56.0865916], [60.7221349, 56.0861051]]}}, {"type": "Feature", "properties": {"id": 845498872, "highway": "path", "name": "", "ref": "", "oneway": "", "surface": ""}, "geometry": {"type": "LineString", "coordinates": [[60.7227422, 56.087237], [60.7221988, 56.0865916]]}}, {"type": "Feature", "properties": {"id": 845498874, "highway": "footway", "name": "", "ref": "", "oneway": "", "surface": ""}, "geometry": {"type": "LineString", "coordinates": [[60.7212779, 56.084402], [60.7217103, 56.084386], [60.721862, 56.0844849], [60.7219366, 56.0845336]]}}, {"type": "Feature", "properties": {"id": 845498878, "highway": "path", "name": "", "ref": "", "oneway": "", "surface": ""}, "geometry": {"type": "LineString", "coordinates": [[60.7211691, 56.0851868], [60.7212501, 56.085241], [60.7213863, 56.0853323]]}}, {"type": "Feature", "properties": {"id": 845498882, "highway": "footway", "name": "", "ref": "", "oneway": "", "surface": ""}, "geometry": {"type": "LineString", "coordinates": [[60.7211793, 56.0836343], [60.7215279, 56.0836115], [60.7216325, 56.0836324], [60.7217556, 56.0837039], [60.7218442, 56.0837578]]}}, {"type": "Feature", "properties": {"id": 845498883, "highway": "path", "name": "", "ref": "", "oneway": "", "surface": ""}, "geometry": {"type": "LineString", "coordinates": [[60.7215279, 56.0836115], [60.7211564, 56.083481]]}}, {"type": "Feature", "properties": {"id": 845498884, "highway": "steps", "name": "", "ref": "", "oneway": "", "surface": ""}, "geometry": {"type": "LineString", "coordinates": [[60.7261655, 56.0849046], [60.7261159, 56.0846842]]}}, {"type": "Feature", "properties": {"id": 845498885, "highway": "footway", "name": "", "ref": "", "oneway": "", "surface": ""}, "geometry": {"type": "LineString", "coordinates": [[60.7242105, 56.0847828], [60.7240412, 56.0847504]]}}, {"type": "Feature", "properties": {"id": 845498886, "highway": "footway", "name": "", "ref": "", "oneway": "", "surface": ""}, "geometry": {"type": "LineString", "coordinates": [[60.7240412, 56.0847504], [60.7240092, 56.0845025], [60.7239975, 56.0844121]]}}, {"type": "Feature", "properties": {"id": 845498887, "highway": "footway", "name": "", "ref": "", "oneway": "", "surface": ""}, "geometry": {"type": "LineString", "coordinates": [[60.7220358, 56.0852763], [60.7219808, 56.0852449], [60.7218178, 56.0851519], [60.7213664, 56.085164]]}}, {"type": "Feature", "properties": {"id": 845498888, "highway": "footway", "name": "", "ref": "", "oneway": "", "surface": ""}, "geometry": {"type": "LineString", "coordinates": [[60.7211564, 56.083481], [60.7209587, 56.0834898], [60.7206193, 56.083505], [60.7205998, 56.0833802], [60.7205793, 56.0832282], [60.7207919, 56.0832196], [60.7211345, 56.0832496], [60.7231714, 56.083175], [60.7237882, 56.083154], [60.7247546, 56.0831211], [60.7254875, 56.0830961], [60.72574, 56.0830872], [60.727308, 56.0830317], [60.7296191, 56.0829393]]}}, {"type": "Feature", "properties": {"id": 845498889, "highway": "footway", "name": "", "ref": "", "oneway": "", "surface": ""}, "geometry": {"type": "LineString", "coordinates": [[60.7257637, 56.0833017], [60.7257489, 56.0831736], [60.72574, 56.0830872]]}}, {"type": "Feature", "properties": {"id": 845498893, "highway": "footway", "name": "", "ref": "", "oneway": "", "surface": ""}, "geometry": {"type": "LineString", "coordinates": [[60.7241209, 56.085744], [60.7241124, 56.085634], [60.7241097, 56.0854721]]}}, {"type": "Feature", "properties": {"id": 845498898, "highway": "service", "name": "", "ref": "", "oneway": "", "surface": ""}, "geometry": {"type": "LineString", "coordinates": [[60.721499, 56.086072], [60.7218488, 56.0860541], [60.7221038, 56.0861372]]}}, {"type": "Feature", "properties": {"id": 845498899, "highway": "path", "name": "", "ref": "", "oneway": "", "surface": ""}, "geometry": {"type": "LineString", "coordinates": [[60.7218488, 56.0860541], [60.7220771, 56.0858268]]}}, {"type": "Feature", "properties": {"id": 845498900, "highway": "footway", "name": "", "ref": "", "oneway": "", "surface": ""}, "geometry": {"type": "LineString", "coordinates": [[60.7210851, 56.0865951], [60.7206861, 56.0859314], [60.7204903, 56.0857825]]}}, {"type": "Feature", "properties": {"id": 845498901, "highway": "footway", "name": "", "ref": "", "oneway": "", "surface": ""}, "geometry": {"type": "LineString", "coordinates": [[60.7204903, 56.0857825], [60.7189149, 56.0846261]]}}, {"type": "Feature", "properties": {"id": 845498907, "highway": "footway", "name": "", "ref": "", "oneway": "", "surface": ""}, "geometry": {"type": "LineString", "coordinates": [[60.7197903, 56.0789569], [60.7198183, 56.0792122], [60.720072, 56.0792022], [60.722296, 56.0791136], [60.7223503, 56.0791115]]}}, {"type": "Feature", "properties": {"id": 845498908, "highway": "footway", "name": "", "ref": "", "oneway": "", "surface": ""}, "geometry": {"type": "LineString", "coordinates": [[60.722296, 56.0791136], [60.7219245, 56.0788735], [60.7223142, 56.0788508]]}}, {"type": "Feature", "properties": {"id": 845498909, "highway": "footway", "name": "", "ref": "", "oneway": "", "surface": ""}, "geometry": {"type": "LineString", "coordinates": [[60.7219245, 56.0788735], [60.7201848, 56.0789414], [60.7197903, 56.0789569]]}}, {"type": "Feature", "properties": {"id": 845498910, "highway": "path", "name": "", "ref": "", "oneway": "", "surface": ""}, "geometry": {"type": "LineString", "coordinates": [[60.720072, 56.0792022], [60.7201848, 56.0789414]]}}, {"type": "Feature", "properties": {"id": 845498912, "highway": "footway", "name": "", "ref": "", "oneway": "", "surface": ""}, "geometry": {"type": "LineString", "coordinates": [[60.7197466, 56.080851], [60.7196105, 56.079848], [60.7196417, 56.0796298], [60.7197156, 56.0793854], [60.7202156, 56.0794495]]}}, {"type": "Feature", "properties": {"id": 845498913, "highway": "footway", "name": "", "ref": "", "oneway": "", "surface": ""}, "geometry": {"type": "LineString", "coordinates": [[60.7197156, 56.0793854], [60.7198183, 56.0792122]]}}, {"type": "Feature", "properties": {"id": 845498915, "highway": "footway", "name": "", "ref": "", "oneway": "", "surface": ""}, "geometry": {"type": "LineString", "coordinates": [[60.7197466, 56.080851], [60.7197645, 56.0809975], [60.7198398, 56.0816139], [60.7199189, 56.08226], [60.71998, 56.0827903], [60.7200074, 56.0830285], [60.7201604, 56.0831432], [60.7203133, 56.0832318], [60.7205793, 56.0832282]]}}, {"type": "Feature", "properties": {"id": 845498916, "highway": "path", "name": "", "ref": "", "oneway": "", "surface": ""}, "geometry": {"type": "LineString", "coordinates": [[60.71998, 56.0827903], [60.7201914, 56.0823857], [60.7202624, 56.0822498]]}}, {"type": "Feature", "properties": {"id": 845498917, "highway": "path", "name": "", "ref": "", "oneway": "", "surface": ""}, "geometry": {"type": "LineString", "coordinates": [[60.7206791, 56.0823089], [60.7208505, 56.0822078], [60.7216142, 56.0817726], [60.7220793, 56.0815076]]}}, {"type": "Feature", "properties": {"id": 845498918, "highway": "path", "name": "", "ref": "", "oneway": "", "surface": ""}, "geometry": {"type": "LineString", "coordinates": [[60.7227139, 56.0822439], [60.7225106, 56.0821269], [60.722085, 56.0819587], [60.7216142, 56.0817726], [60.7210209, 56.0815358]]}}, {"type": "Feature", "properties": {"id": 845498919, "highway": "footway", "name": "", "ref": "", "oneway": "", "surface": ""}, "geometry": {"type": "LineString", "coordinates": [[60.7198398, 56.0816139], [60.7200765, 56.0816034], [60.720485, 56.0815855], [60.7201041, 56.0818055], [60.7200765, 56.0816034]]}}, {"type": "Feature", "properties": {"id": 845498920, "highway": "footway", "name": "", "ref": "", "oneway": "", "surface": ""}, "geometry": {"type": "LineString", "coordinates": [[60.7201041, 56.0818055], [60.7201548, 56.082253]]}}, {"type": "Feature", "properties": {"id": 845498921, "highway": "footway", "name": "", "ref": "", "oneway": "", "surface": ""}, "geometry": {"type": "LineString", "coordinates": [[60.7210044, 56.0812373], [60.72094, 56.0812394], [60.7206101, 56.08125], [60.7204465, 56.0813413], [60.720485, 56.0815855]]}}, {"type": "Feature", "properties": {"id": 845498922, "highway": "footway", "name": "", "ref": "", "oneway": "", "surface": ""}, "geometry": {"type": "LineString", "coordinates": [[60.72094, 56.0812394], [60.7205699, 56.0809806], [60.7199746, 56.0809931], [60.7197645, 56.0809975]]}}, {"type": "Feature", "properties": {"id": 845498923, "highway": "path", "name": "", "ref": "", "oneway": "", "surface": ""}, "geometry": {"type": "LineString", "coordinates": [[60.7197466, 56.080851], [60.7199746, 56.0809931]]}}, {"type": "Feature", "properties": {"id": 845498924, "highway": "footway", "name": "", "ref": "", "oneway": "", "surface": ""}, "geometry": {"type": "LineString", "coordinates": [[60.7192154, 56.0808684], [60.7194434, 56.0825671], [60.7194112, 56.0826779], [60.719202, 56.083064], [60.7187433, 56.0838243], [60.7185422, 56.0841311], [60.7185803, 56.084177], [60.7186693, 56.0843468], [60.7188383, 56.084539], [60.7189149, 56.0846261]]}}, {"type": "Feature", "properties": {"id": 845498925, "highway": "footway", "name": "", "ref": "", "oneway": "", "surface": ""}, "geometry": {"type": "LineString", "coordinates": [[60.7189149, 56.0846261], [60.7185475, 56.0849123], [60.7185212, 56.0850355]]}}, {"type": "Feature", "properties": {"id": 845498926, "highway": "footway", "name": "", "ref": "", "oneway": "", "surface": ""}, "geometry": {"type": "LineString", "coordinates": [[60.7206861, 56.0859314], [60.7199719, 56.0859622], [60.719033, 56.0859988], [60.7186467, 56.0860128], [60.7183758, 56.0859829], [60.7180248, 56.0859996]]}}, {"type": "Feature", "properties": {"id": 845498927, "highway": "footway", "name": "", "ref": "", "oneway": "", "surface": ""}, "geometry": {"type": "LineString", "coordinates": [[60.719033, 56.0859988], [60.71815, 56.0864302]]}}, {"type": "Feature", "properties": {"id": 845498928, "highway": "footway", "name": "", "ref": "", "oneway": "", "surface": ""}, "geometry": {"type": "LineString", "coordinates": [[60.7204903, 56.0857825], [60.7199719, 56.0859622]]}}, {"type": "Feature", "properties": {"id": 845498929, "highway": "service", "name": "", "ref": "", "oneway": "", "surface": ""}, "geometry": {"type": "LineString", "coordinates": [[60.7176818, 56.0848779], [60.7175024, 56.0848819]]}}, {"type": "Feature", "properties": {"id": 845498933, "highway": "path", "name": "", "ref": "", "oneway": "", "surface": ""}, "geometry": {"type": "LineString", "coordinates": [[60.7210851, 56.0865951], [60.720267, 56.0862149], [60.7196072, 56.0860533], [60.719033, 56.0859988]]}}, {"type": "Feature", "properties": {"id": 845498938, "highway": "path", "name": "", "ref": "", "oneway": "", "surface": ""}, "geometry": {"type": "LineString", "coordinates": [[60.7239989, 56.0862745], [60.7239102, 56.0863313], [60.7239219, 56.0865032]]}}, {"type": "Feature", "properties": {"id": 845498939, "highway": "footway", "name": "", "ref": "", "oneway": "", "surface": ""}, "geometry": {"type": "LineString", "coordinates": [[60.7239219, 56.0865032], [60.7239709, 56.086941], [60.7234351, 56.0869596]]}}, {"type": "Feature", "properties": {"id": 845498940, "highway": "footway", "name": "", "ref": "", "oneway": "", "surface": ""}, "geometry": {"type": "LineString", "coordinates": [[60.7239219, 56.0865032], [60.7229388, 56.086541], [60.7229645, 56.0867429], [60.7232536, 56.0867457]]}}, {"type": "Feature", "properties": {"id": 845498965, "highway": "footway", "name": "", "ref": "", "oneway": "", "surface": ""}, "geometry": {"type": "LineString", "coordinates": [[60.7206193, 56.083505], [60.7196531, 56.0835511], [60.7195359, 56.0835182], [60.7192747, 56.0838524], [60.7192347, 56.0841414], [60.7191704, 56.0843061], [60.7190417, 56.0844827], [60.7189852, 56.0845], [60.7188383, 56.084539]]}}, {"type": "Feature", "properties": {"id": 845498969, "highway": "footway", "name": "", "ref": "", "oneway": "", "surface": ""}, "geometry": {"type": "LineString", "coordinates": [[60.7238314, 56.0833878], [60.72381, 56.0832625], [60.7237882, 56.083154], [60.7234099, 56.0830131]]}}, {"type": "Feature", "properties": {"id": 845498974, "highway": "footway", "name": "", "ref": "", "oneway": "", "surface": ""}, "geometry": {"type": "LineString", "coordinates": [[60.7257637, 56.0833017], [60.725811, 56.083512], [60.7259126, 56.0842855], [60.7261159, 56.0843321]]}}, {"type": "Feature", "properties": {"id": 845498975, "highway": "path", "name": "", "ref": "", "oneway": "", "surface": ""}, "geometry": {"type": "LineString", "coordinates": [[60.7259126, 56.0842855], [60.7257744, 56.0843366], [60.7248292, 56.0844216], [60.7244755, 56.0843434], [60.7241281, 56.0843492]]}}, {"type": "Feature", "properties": {"id": 845498976, "highway": "path", "name": "", "ref": "", "oneway": "", "surface": ""}, "geometry": {"type": "LineString", "coordinates": [[60.7248292, 56.0844216], [60.7244613, 56.0844806], [60.7240092, 56.0845025]]}}, {"type": "Feature", "properties": {"id": 845498981, "highway": "path", "name": "", "ref": "", "oneway": "", "surface": ""}, "geometry": {"type": "LineString", "coordinates": [[60.7247546, 56.0831211], [60.7251009, 56.0829573]]}}, {"type": "Feature", "properties": {"id": 845498982, "highway": "path", "name": "", "ref": "", "oneway": "", "surface": ""}, "geometry": {"type": "LineString", "coordinates": [[60.7234099, 56.0830131], [60.7233029, 56.0829477], [60.7227674, 56.0826327]]}}, {"type": "Feature", "properties": {"id": 845498992, "highway": "steps", "name": "", "ref": "", "oneway": "", "surface": ""}, "geometry": {"type": "LineString", "coordinates": [[60.7260257, 56.0860842], [60.7257039, 56.0860703]]}}, {"type": "Feature", "properties": {"id": 845498993, "highway": "path", "name": "", "ref": "", "oneway": "", "surface": ""}, "geometry": {"type": "LineString", "coordinates": [[60.7263413, 56.0858894], [60.7255289, 56.085686]]}}, {"type": "Feature", "properties": {"id": 845498997, "highway": "path", "name": "", "ref": "", "oneway": "", "surface": ""}, "geometry": {"type": "LineString", "coordinates": [[60.7240092, 56.0845025], [60.7229855, 56.0847488], [60.7221464, 56.085071], [60.7218178, 56.0851519]]}}, {"type": "Feature", "properties": {"id": 845498998, "highway": "path", "name": "", "ref": "", "oneway": "", "surface": ""}, "geometry": {"type": "LineString", "coordinates": [[60.7221464, 56.085071], [60.722172, 56.0852443]]}}, {"type": "Feature", "properties": {"id": 845498999, "highway": "path", "name": "", "ref": "", "oneway": "", "surface": ""}, "geometry": {"type": "LineString", "coordinates": [[60.7242118, 56.0859265], [60.7249503, 56.0857099]]}}, {"type": "Feature", "properties": {"id": 846019297, "highway": "service", "name": "", "ref": "", "oneway": "", "surface": ""}, "geometry": {"type": "LineString", "coordinates": [[60.7228901, 56.0884335], [60.7224049, 56.0884526], [60.7223992, 56.0884075]]}}, {"type": "Feature", "properties": {"id": 846019298, "highway": "footway", "name": "", "ref": "", "oneway": "", "surface": ""}, "geometry": {"type": "LineString", "coordinates": [[60.7279025, 56.0832217], [60.7279381, 56.0834935], [60.7279704, 56.0837407], [60.728006, 56.084013], [60.7280382, 56.0842501]]}}, {"type": "Feature", "properties": {"id": 846019299, "highway": "service", "name": "", "ref": "", "oneway": "", "surface": ""}, "geometry": {"type": "LineString", "coordinates": [[60.7278733, 56.0834963], [60.7279381, 56.0834935], [60.728213, 56.0834845], [60.7282516, 56.0838236], [60.7287537, 56.083802]]}}, {"type": "Feature", "properties": {"id": 846019300, "highway": "path", "name": "", "ref": "", "oneway": "", "surface": ""}, "geometry": {"type": "LineString", "coordinates": [[60.7279704, 56.0837407], [60.728213, 56.0834845]]}}, {"type": "Feature", "properties": {"id": 846019312, "highway": "service", "name": "", "ref": "", "oneway": "", "surface": ""}, "geometry": {"type": "LineString", "coordinates": [[60.7308062, 56.057633], [60.7312099, 56.0576211], [60.7312221, 56.0577066]]}}, {"type": "Feature", "properties": {"id": 846019314, "highway": "service", "name": "", "ref": "", "oneway": "", "surface": ""}, "geometry": {"type": "LineString", "coordinates": [[60.7312099, 56.0576211], [60.7311962, 56.0575156], [60.7311934, 56.0574939], [60.7311772, 56.0573684]]}}, {"type": "Feature", "properties": {"id": 846019315, "highway": "service", "name": "", "ref": "", "oneway": "", "surface": ""}, "geometry": {"type": "LineString", "coordinates": [[60.7307915, 56.0575011], [60.7311934, 56.0574939]]}}, {"type": "Feature", "properties": {"id": 846019316, "highway": "service", "name": "", "ref": "", "oneway": "", "surface": ""}, "geometry": {"type": "LineString", "coordinates": [[60.7311934, 56.0574939], [60.7322003, 56.0574745]]}}, {"type": "Feature", "properties": {"id": 846019317, "highway": "service", "name": "", "ref": "", "oneway": "", "surface": ""}, "geometry": {"type": "LineString", "coordinates": [[60.7312099, 56.0576211], [60.7321709, 56.0575906]]}}, {"type": "Feature", "properties": {"id": 846019318, "highway": "service", "name": "", "ref": "", "oneway": "", "surface": ""}, "geometry": {"type": "LineString", "coordinates": [[60.7235998, 56.0576095], [60.7235694, 56.05715], [60.7236628, 56.0570809], [60.7238566, 56.0570418], [60.7255301, 56.0569778], [60.725514, 56.0568723], [60.725913, 56.0568596], [60.7259255, 56.0569648], [60.7264485, 56.0569453], [60.7266049, 56.0569805], [60.7266446, 56.0570483], [60.7266888, 56.0575167]]}}, {"type": "Feature", "properties": {"id": 846019319, "highway": "service", "name": "", "ref": "", "oneway": "", "surface": ""}, "geometry": {"type": "LineString", "coordinates": [[60.7255301, 56.0569778], [60.7259255, 56.0569648]]}}, {"type": "Feature", "properties": {"id": 846019320, "highway": "service", "name": "", "ref": "", "oneway": "", "surface": ""}, "geometry": {"type": "LineString", "coordinates": [[60.7169884, 56.0594079], [60.7173933, 56.0593978], [60.7194314, 56.059331], [60.7197678, 56.0593214], [60.7211038, 56.0592785], [60.721577, 56.0592633], [60.7219308, 56.059252]]}}, {"type": "Feature", "properties": {"id": 846019321, "highway": "service", "name": "", "ref": "", "oneway": "", "surface": ""}, "geometry": {"type": "LineString", "coordinates": [[60.7219308, 56.059252], [60.722224, 56.0592428], [60.7231859, 56.059213], [60.7239582, 56.059189], [60.7239975, 56.0601742]]}}, {"type": "Feature", "properties": {"id": 846019322, "highway": "service", "name": "", "ref": "", "oneway": "", "surface": ""}, "geometry": {"type": "LineString", "coordinates": [[60.7239582, 56.059189], [60.7239501, 56.0589103], [60.7239397, 56.058549]]}}, {"type": "Feature", "properties": {"id": 846019323, "highway": "service", "name": "", "ref": "", "oneway": "", "surface": ""}, "geometry": {"type": "LineString", "coordinates": [[60.7239501, 56.0589103], [60.7253262, 56.0588501]]}}, {"type": "Feature", "properties": {"id": 846019326, "highway": "service", "name": "", "ref": "", "oneway": "", "surface": ""}, "geometry": {"type": "LineString", "coordinates": [[60.717251, 56.0621092], [60.7170995, 56.0621127], [60.7163362, 56.0621394]]}}, {"type": "Feature", "properties": {"id": 846019327, "highway": "service", "name": "", "ref": "", "oneway": "", "surface": ""}, "geometry": {"type": "LineString", "coordinates": [[60.7149465, 56.0629785], [60.713057, 56.0630392], [60.7115014, 56.0630883], [60.7100142, 56.0631352], [60.7098365, 56.0616098], [60.709657, 56.0600684], [60.7096764, 56.059966], [60.7097313, 56.0599183], [60.7098228, 56.0598877], [60.7109001, 56.0598491], [60.7110241, 56.0598048], [60.7111312, 56.0596995], [60.7111481, 56.0596675], [60.7112294, 56.0596085], [60.7113676, 56.0595756], [60.7125804, 56.0595492], [60.7127255, 56.0595461], [60.7167665, 56.0594151], [60.7169884, 56.0594079]]}}, {"type": "Feature", "properties": {"id": 846019328, "highway": "service", "name": "", "ref": "", "oneway": "", "surface": ""}, "geometry": {"type": "LineString", "coordinates": [[60.7128175, 56.0605234], [60.7127255, 56.0595461]]}}, {"type": "Feature", "properties": {"id": 846019329, "highway": "service", "name": "", "ref": "", "oneway": "", "surface": ""}, "geometry": {"type": "LineString", "coordinates": [[60.7115014, 56.0630883], [60.7114875, 56.0629696], [60.7114408, 56.062572], [60.7113419, 56.0617299], [60.7113221, 56.0615611], [60.7112243, 56.0606072], [60.7111717, 56.0600942], [60.7111312, 56.0596995]]}}, {"type": "Feature", "properties": {"id": 846019330, "highway": "service", "name": "", "ref": "", "oneway": "", "surface": ""}, "geometry": {"type": "LineString", "coordinates": [[60.7192785, 56.0577354], [60.719287, 56.0578239], [60.7193635, 56.0586217], [60.7194314, 56.059331]]}}, {"type": "Feature", "properties": {"id": 846019331, "highway": "service", "name": "", "ref": "", "oneway": "", "surface": ""}, "geometry": {"type": "LineString", "coordinates": [[60.7246268, 56.0601542], [60.7247919, 56.0615616], [60.7248417, 56.0619855]]}}, {"type": "Feature", "properties": {"id": 846019332, "highway": "service", "name": "", "ref": "", "oneway": "", "surface": ""}, "geometry": {"type": "LineString", "coordinates": [[60.7247919, 56.0615616], [60.7241979, 56.0615842]]}}, {"type": "Feature", "properties": {"id": 846019333, "highway": "service", "name": "", "ref": "", "oneway": "", "surface": ""}, "geometry": {"type": "LineString", "coordinates": [[60.7197678, 56.0593214], [60.7198623, 56.060177], [60.7198765, 56.060305]]}}, {"type": "Feature", "properties": {"id": 846019334, "highway": "footway", "name": "", "ref": "", "oneway": "", "surface": ""}, "geometry": {"type": "LineString", "coordinates": [[60.7301335, 56.0575115], [60.7250373, 56.0576508], [60.7220654, 56.0577467], [60.722224, 56.0592428], [60.7223285, 56.0602272], [60.722565, 56.062629], [60.7222044, 56.0626396], [60.7198137, 56.0627103], [60.7174727, 56.062796], [60.7173094, 56.062802], [60.7149395, 56.0628685], [60.7130479, 56.0629239], [60.7129393, 56.0629271], [60.712502, 56.0629399], [60.7114875, 56.0629696]]}}, {"type": "Feature", "properties": {"id": 846019335, "highway": "service", "name": "", "ref": "", "oneway": "", "surface": ""}, "geometry": {"type": "LineString", "coordinates": [[60.7128175, 56.0605234], [60.7130479, 56.0629239], [60.713057, 56.0630392]]}}, {"type": "Feature", "properties": {"id": 846019336, "highway": "footway", "name": "", "ref": "", "oneway": "", "surface": ""}, "geometry": {"type": "LineString", "coordinates": [[60.7149465, 56.0629785], [60.7149395, 56.0628685], [60.7149127, 56.0625113]]}}, {"type": "Feature", "properties": {"id": 846019337, "highway": "footway", "name": "", "ref": "", "oneway": "", "surface": ""}, "geometry": {"type": "LineString", "coordinates": [[60.7198302, 56.0628379], [60.7198137, 56.0627103], [60.7197486, 56.0621017], [60.7196531, 56.0619734]]}}, {"type": "Feature", "properties": {"id": 846019338, "highway": "service", "name": "", "ref": "", "oneway": "", "surface": ""}, "geometry": {"type": "LineString", "coordinates": [[60.7222044, 56.0626396], [60.7222168, 56.0627482]]}}, {"type": "Feature", "properties": {"id": 846019339, "highway": "footway", "name": "", "ref": "", "oneway": "", "surface": ""}, "geometry": {"type": "LineString", "coordinates": [[60.722565, 56.062629], [60.7248228, 56.0625592]]}}, {"type": "Feature", "properties": {"id": 846019340, "highway": "footway", "name": "", "ref": "", "oneway": "", "surface": ""}, "geometry": {"type": "LineString", "coordinates": [[60.7174727, 56.062796], [60.7174539, 56.0626397], [60.7174414, 56.0624984], [60.7176802, 56.0623628], [60.7180117, 56.0621086], [60.7182196, 56.0619522], [60.7189294, 56.0615676], [60.7195085, 56.0612143], [60.7196439, 56.0611413], [60.7197793, 56.0609562], [60.7198494, 56.0607971], [60.7198704, 56.0606211], [60.7198741, 56.0604295], [60.7198765, 56.060305]]}}, {"type": "Feature", "properties": {"id": 846019341, "highway": "footway", "name": "", "ref": "", "oneway": "", "surface": ""}, "geometry": {"type": "LineString", "coordinates": [[60.7195085, 56.0612143], [60.7194057, 56.0604386], [60.7193936, 56.0603204]]}}, {"type": "Feature", "properties": {"id": 846019342, "highway": "footway", "name": "", "ref": "", "oneway": "", "surface": ""}, "geometry": {"type": "LineString", "coordinates": [[60.7194057, 56.0604386], [60.7198741, 56.0604295], [60.721413, 56.0603806], [60.7220117, 56.0603616]]}}, {"type": "Feature", "properties": {"id": 846019343, "highway": "footway", "name": "", "ref": "", "oneway": "", "surface": ""}, "geometry": {"type": "LineString", "coordinates": [[60.7194057, 56.0604386], [60.7174864, 56.0604908], [60.7175271, 56.0608845], [60.7176802, 56.0623628]]}}, {"type": "Feature", "properties": {"id": 846019344, "highway": "footway", "name": "", "ref": "", "oneway": "", "surface": ""}, "geometry": {"type": "LineString", "coordinates": [[60.7174864, 56.0604908], [60.7171183, 56.0605077]]}}, {"type": "Feature", "properties": {"id": 846019345, "highway": "footway", "name": "", "ref": "", "oneway": "", "surface": ""}, "geometry": {"type": "LineString", "coordinates": [[60.7174864, 56.0604908], [60.7174743, 56.0603813], [60.7173933, 56.0593978], [60.7173206, 56.0587634], [60.7172299, 56.0578827], [60.7172199, 56.0577856]]}}, {"type": "Feature", "properties": {"id": 846019346, "highway": "footway", "name": "", "ref": "", "oneway": "", "surface": ""}, "geometry": {"type": "LineString", "coordinates": [[60.7169884, 56.0594079], [60.7167485, 56.0592497], [60.7167665, 56.0594151], [60.7168815, 56.0603998], [60.7169283, 56.0608675]]}}, {"type": "Feature", "properties": {"id": 846019347, "highway": "service", "name": "", "ref": "", "oneway": "", "surface": ""}, "geometry": {"type": "LineString", "coordinates": [[60.7171449, 56.0608608], [60.7169283, 56.0608675], [60.7167252, 56.0608767]]}}, {"type": "Feature", "properties": {"id": 846019348, "highway": "service", "name": "", "ref": "", "oneway": "", "surface": ""}, "geometry": {"type": "LineString", "coordinates": [[60.7171477, 56.0608936], [60.7175271, 56.0608845], [60.7185721, 56.0608545]]}}, {"type": "Feature", "properties": {"id": 846019349, "highway": "footway", "name": "", "ref": "", "oneway": "", "surface": ""}, "geometry": {"type": "LineString", "coordinates": [[60.7211038, 56.0592785], [60.7198623, 56.060177]]}}, {"type": "Feature", "properties": {"id": 846019350, "highway": "footway", "name": "", "ref": "", "oneway": "", "surface": ""}, "geometry": {"type": "LineString", "coordinates": [[60.7220654, 56.0577467], [60.7217772, 56.0577597], [60.719287, 56.0578239], [60.7172299, 56.0578827]]}}, {"type": "Feature", "properties": {"id": 846019351, "highway": "footway", "name": "", "ref": "", "oneway": "", "surface": ""}, "geometry": {"type": "LineString", "coordinates": [[60.7167485, 56.0592497], [60.7164805, 56.0590867], [60.7169288, 56.058823]]}}, {"type": "Feature", "properties": {"id": 846019352, "highway": "footway", "name": "", "ref": "", "oneway": "", "surface": ""}, "geometry": {"type": "LineString", "coordinates": [[60.7125804, 56.0595492], [60.7126315, 56.0600286], [60.7126815, 56.0605313], [60.7129393, 56.0629271]]}}, {"type": "Feature", "properties": {"id": 846019353, "highway": "service", "name": "", "ref": "", "oneway": "", "surface": ""}, "geometry": {"type": "LineString", "coordinates": [[60.7100142, 56.0631352], [60.7100271, 56.0633066]]}}, {"type": "Feature", "properties": {"id": 846019354, "highway": "service", "name": "", "ref": "", "oneway": "", "surface": ""}, "geometry": {"type": "LineString", "coordinates": [[60.7264322, 56.0618047], [60.7264019, 56.0615142]]}}, {"type": "Feature", "properties": {"id": 846019355, "highway": "service", "name": "", "ref": "", "oneway": "", "surface": ""}, "geometry": {"type": "LineString", "coordinates": [[60.7264499, 56.0600963], [60.7265039, 56.060698]]}}, {"type": "Feature", "properties": {"id": 846019356, "highway": "service", "name": "", "ref": "", "oneway": "", "surface": ""}, "geometry": {"type": "LineString", "coordinates": [[60.7231859, 56.059213], [60.7231726, 56.0590507]]}}, {"type": "Feature", "properties": {"id": 846019357, "highway": "footway", "name": "", "ref": "", "oneway": "", "surface": ""}, "geometry": {"type": "LineString", "coordinates": [[60.7215525, 56.0590747], [60.721577, 56.0592633], [60.7216249, 56.0599493], [60.7214719, 56.0602544], [60.721413, 56.0603806]]}}, {"type": "Feature", "properties": {"id": 846019358, "highway": "footway", "name": "", "ref": "", "oneway": "", "surface": ""}, "geometry": {"type": "LineString", "coordinates": [[60.7211038, 56.0592785], [60.7210027, 56.0589895], [60.7208239, 56.0588374], [60.7193635, 56.0586217]]}}, {"type": "Feature", "properties": {"id": 846019359, "highway": "service", "name": "", "ref": "", "oneway": "", "surface": ""}, "geometry": {"type": "LineString", "coordinates": [[60.716924, 56.0587759], [60.7173206, 56.0587634], [60.718161, 56.0587285]]}}, {"type": "Feature", "properties": {"id": 846019360, "highway": "service", "name": "", "ref": "", "oneway": "", "surface": ""}, "geometry": {"type": "LineString", "coordinates": [[60.7111717, 56.0600942], [60.7118868, 56.0600703]]}}, {"type": "Feature", "properties": {"id": 846019361, "highway": "service", "name": "", "ref": "", "oneway": "", "surface": ""}, "geometry": {"type": "LineString", "coordinates": [[60.7112243, 56.0606072], [60.7117574, 56.0605864], [60.711853, 56.0606294]]}}, {"type": "Feature", "properties": {"id": 846019362, "highway": "service", "name": "", "ref": "", "oneway": "", "surface": ""}, "geometry": {"type": "LineString", "coordinates": [[60.7113221, 56.0615611], [60.7098365, 56.0616098]]}}, {"type": "Feature", "properties": {"id": 846019364, "highway": "service", "name": "", "ref": "", "oneway": "", "surface": ""}, "geometry": {"type": "LineString", "coordinates": [[60.7114408, 56.062572], [60.7118083, 56.0626391], [60.7118189, 56.0627952]]}}, {"type": "Feature", "properties": {"id": 846019365, "highway": "footway", "name": "", "ref": "", "oneway": "", "surface": ""}, "geometry": {"type": "LineString", "coordinates": [[60.7113419, 56.0617299], [60.7119277, 56.0621685], [60.7124489, 56.0624139]]}}, {"type": "Feature", "properties": {"id": 846019366, "highway": "footway", "name": "", "ref": "", "oneway": "", "surface": ""}, "geometry": {"type": "LineString", "coordinates": [[60.712502, 56.0629399], [60.7124489, 56.0624139]]}}, {"type": "Feature", "properties": {"id": 846019367, "highway": "footway", "name": "", "ref": "", "oneway": "", "surface": ""}, "geometry": {"type": "LineString", "coordinates": [[60.7170995, 56.0621127], [60.7171478, 56.0625089]]}}, {"type": "Feature", "properties": {"id": 846019368, "highway": "footway", "name": "", "ref": "", "oneway": "", "surface": ""}, "geometry": {"type": "LineString", "coordinates": [[60.7171478, 56.0625089], [60.7164588, 56.0622222]]}}, {"type": "Feature", "properties": {"id": 846019370, "highway": "service", "name": "", "ref": "", "oneway": "", "surface": ""}, "geometry": {"type": "LineString", "coordinates": [[60.7101232, 56.0642644], [60.710067, 56.0637377]]}}, {"type": "Feature", "properties": {"id": 846019371, "highway": "service", "name": "", "ref": "", "oneway": "", "surface": ""}, "geometry": {"type": "LineString", "coordinates": [[60.7156307, 56.0659915], [60.7152479, 56.066003]]}}, {"type": "Feature", "properties": {"id": 846019372, "highway": "footway", "name": "", "ref": "", "oneway": "", "surface": ""}, "geometry": {"type": "LineString", "coordinates": [[60.718527, 56.075448], [60.7173037, 56.065652]]}}, {"type": "Feature", "properties": {"id": 846019373, "highway": "footway", "name": "", "ref": "", "oneway": "", "surface": ""}, "geometry": {"type": "LineString", "coordinates": [[60.7173037, 56.065652], [60.7171728, 56.0646088]]}}, {"type": "Feature", "properties": {"id": 846019374, "highway": "service", "name": "", "ref": "", "oneway": "", "surface": ""}, "geometry": {"type": "LineString", "coordinates": [[60.7174276, 56.0639785], [60.7174154, 56.0644818]]}}, {"type": "Feature", "properties": {"id": 846019375, "highway": "footway", "name": "", "ref": "", "oneway": "", "surface": ""}, "geometry": {"type": "LineString", "coordinates": [[60.716972, 56.0634562], [60.7173726, 56.0634472], [60.7177281, 56.0634437], [60.7177918, 56.0640318], [60.7178055, 56.0641567], [60.7178207, 56.0642948]]}}, {"type": "Feature", "properties": {"id": 846019376, "highway": "footway", "name": "", "ref": "", "oneway": "", "surface": ""}, "geometry": {"type": "LineString", "coordinates": [[60.7177918, 56.0640318], [60.7180005, 56.0641473], [60.7178207, 56.0642948]]}}, {"type": "Feature", "properties": {"id": 846019377, "highway": "footway", "name": "", "ref": "", "oneway": "", "surface": ""}, "geometry": {"type": "LineString", "coordinates": [[60.7180005, 56.0641473], [60.7178055, 56.0641567]]}}, {"type": "Feature", "properties": {"id": 846019378, "highway": "footway", "name": "", "ref": "", "oneway": "", "surface": ""}, "geometry": {"type": "LineString", "coordinates": [[60.7178207, 56.0642948], [60.7179386, 56.0656308]]}}, {"type": "Feature", "properties": {"id": 846019384, "highway": "path", "name": "", "ref": "", "oneway": "", "surface": ""}, "geometry": {"type": "LineString", "coordinates": [[60.7241709, 56.0884178], [60.7240454, 56.0885011]]}}, {"type": "Feature", "properties": {"id": 846019385, "highway": "path", "name": "", "ref": "", "oneway": "", "surface": ""}, "geometry": {"type": "LineString", "coordinates": [[60.7246004, 56.0883978], [60.7247942, 56.0884715]]}}, {"type": "Feature", "properties": {"id": 846019386, "highway": "footway", "name": "", "ref": "", "oneway": "", "surface": ""}, "geometry": {"type": "LineString", "coordinates": [[60.7250477, 56.0883011], [60.7250434, 56.0883573], [60.7250005, 56.0884194], [60.7248961, 56.0884675]]}}, {"type": "Feature", "properties": {"id": 846019387, "highway": "footway", "name": "", "ref": "", "oneway": "", "surface": ""}, "geometry": {"type": "LineString", "coordinates": [[60.7251975, 56.0885668], [60.7248738, 56.0886031]]}}, {"type": "Feature", "properties": {"id": 846019388, "highway": "service", "name": "", "ref": "", "oneway": "", "surface": ""}, "geometry": {"type": "LineString", "coordinates": [[60.7250673, 56.0891616], [60.7249439, 56.0891622], [60.7244815, 56.0891736], [60.724386, 56.0891305], [60.724386, 56.088881]]}}, {"type": "Feature", "properties": {"id": 846019392, "highway": "footway", "name": "", "ref": "", "oneway": "", "surface": ""}, "geometry": {"type": "LineString", "coordinates": [[60.7248613, 56.0903469], [60.7248645, 56.090221]]}}, {"type": "Feature", "properties": {"id": 846019397, "highway": "footway", "name": "", "ref": "", "oneway": "", "surface": ""}, "geometry": {"type": "LineString", "coordinates": [[60.7270236, 56.0898214], [60.7266143, 56.0898516], [60.7265981, 56.0897069], [60.7265866, 56.0895776], [60.7262719, 56.089588], [60.7261246, 56.0895929], [60.7257477, 56.0896053], [60.7254505, 56.0896151], [60.7254169, 56.0896595]]}}, {"type": "Feature", "properties": {"id": 846019398, "highway": "footway", "name": "", "ref": "", "oneway": "", "surface": ""}, "geometry": {"type": "LineString", "coordinates": [[60.7265502, 56.0898136], [60.726235, 56.0898495], [60.7254505, 56.0899182], [60.725378, 56.0898896], [60.725355, 56.0898175], [60.7253836, 56.089697]]}}, {"type": "Feature", "properties": {"id": 846019399, "highway": "footway", "name": "", "ref": "", "oneway": "", "surface": ""}, "geometry": {"type": "LineString", "coordinates": [[60.7254505, 56.0896151], [60.7252311, 56.0895154], [60.7251844, 56.0891562]]}}, {"type": "Feature", "properties": {"id": 846019400, "highway": "steps", "name": "", "ref": "", "oneway": "", "surface": ""}, "geometry": {"type": "LineString", "coordinates": [[60.7251975, 56.0885668], [60.7253168, 56.0885592]]}}, {"type": "Feature", "properties": {"id": 846019401, "highway": "steps", "name": "", "ref": "", "oneway": "", "surface": ""}, "geometry": {"type": "LineString", "coordinates": [[60.7254466, 56.0891439], [60.7254315, 56.0890516]]}}, {"type": "Feature", "properties": {"id": 846019402, "highway": "steps", "name": "", "ref": "", "oneway": "", "surface": ""}, "geometry": {"type": "LineString", "coordinates": [[60.7253836, 56.089697], [60.7254169, 56.0896595]]}}, {"type": "Feature", "properties": {"id": 846019404, "highway": "footway", "name": "", "ref": "", "oneway": "", "surface": ""}, "geometry": {"type": "LineString", "coordinates": [[60.7238605, 56.0897513], [60.7238961, 56.0900373]]}}, {"type": "Feature", "properties": {"id": 846019405, "highway": "footway", "name": "", "ref": "", "oneway": "", "surface": ""}, "geometry": {"type": "LineString", "coordinates": [[60.725864, 56.0895703], [60.7257477, 56.0896053]]}}, {"type": "Feature", "properties": {"id": 846019406, "highway": "footway", "name": "", "ref": "", "oneway": "", "surface": ""}, "geometry": {"type": "LineString", "coordinates": [[60.7262305, 56.0895624], [60.7261246, 56.0895929]]}}, {"type": "Feature", "properties": {"id": 846019407, "highway": "path", "name": "", "ref": "", "oneway": "", "surface": ""}, "geometry": {"type": "LineString", "coordinates": [[60.7265981, 56.0897069], [60.7270148, 56.0896906]]}}, {"type": "Feature", "properties": {"id": 846019408, "highway": "steps", "name": "", "ref": "", "oneway": "", "surface": ""}, "geometry": {"type": "LineString", "coordinates": [[60.7254362, 56.089979], [60.7254505, 56.0899182]]}}, {"type": "Feature", "properties": {"id": 846019409, "highway": "footway", "name": "", "ref": "", "oneway": "", "surface": ""}, "geometry": {"type": "LineString", "coordinates": [[60.7265981, 56.0897069], [60.7265603, 56.0897518]]}}, {"type": "Feature", "properties": {"id": 846019410, "highway": "steps", "name": "", "ref": "", "oneway": "", "surface": ""}, "geometry": {"type": "LineString", "coordinates": [[60.7265502, 56.0898136], [60.7265603, 56.0897518]]}}, {"type": "Feature", "properties": {"id": 846019411, "highway": "footway", "name": "", "ref": "", "oneway": "", "surface": ""}, "geometry": {"type": "LineString", "coordinates": [[60.726235, 56.0898495], [60.726272, 56.0896527]]}}, {"type": "Feature", "properties": {"id": 846019412, "highway": "steps", "name": "", "ref": "", "oneway": "", "surface": ""}, "geometry": {"type": "LineString", "coordinates": [[60.726272, 56.0896527], [60.726271, 56.0896147]]}}, {"type": "Feature", "properties": {"id": 846019413, "highway": "footway", "name": "", "ref": "", "oneway": "", "surface": ""}, "geometry": {"type": "LineString", "coordinates": [[60.726271, 56.0896147], [60.7262719, 56.089588]]}}, {"type": "Feature", "properties": {"id": 846019420, "highway": "service", "name": "", "ref": "", "oneway": "", "surface": ""}, "geometry": {"type": "LineString", "coordinates": [[60.7258627, 56.0891227], [60.7258834, 56.0893193], [60.7256941, 56.0893272]]}}, {"type": "Feature", "properties": {"id": 846019421, "highway": "footway", "name": "", "ref": "", "oneway": "", "surface": ""}, "geometry": {"type": "LineString", "coordinates": [[60.7270818, 56.0896104], [60.7269806, 56.0890271], [60.7270461, 56.0889975], [60.7270319, 56.0888563], [60.7269593, 56.0888306], [60.7269041, 56.0887833]]}}, {"type": "Feature", "properties": {"id": 846019423, "highway": "footway", "name": "", "ref": "", "oneway": "", "surface": "asphalt"}, "geometry": {"type": "LineString", "coordinates": [[60.7320196, 56.0896902], [60.731998, 56.0895564]]}}, {"type": "Feature", "properties": {"id": 846019424, "highway": "footway", "name": "", "ref": "", "oneway": "", "surface": "asphalt"}, "geometry": {"type": "LineString", "coordinates": [[60.7311296, 56.0897265], [60.7311218, 56.0896303]]}}, {"type": "Feature", "properties": {"id": 846019425, "highway": "footway", "name": "", "ref": "", "oneway": "", "surface": "asphalt"}, "geometry": {"type": "LineString", "coordinates": [[60.7304728, 56.0899262], [60.7304575, 56.0898494], [60.7304386, 56.0897547], [60.7304213, 56.0895468], [60.7305346, 56.0895063], [60.7308889, 56.0894469]]}}, {"type": "Feature", "properties": {"id": 846019426, "highway": "footway", "name": "", "ref": "", "oneway": "", "surface": "asphalt"}, "geometry": {"type": "LineString", "coordinates": [[60.7306792, 56.0898418], [60.7304575, 56.0898494]]}}, {"type": "Feature", "properties": {"id": 846019427, "highway": "path", "name": "", "ref": "", "oneway": "", "surface": "asphalt"}, "geometry": {"type": "LineString", "coordinates": [[60.7304386, 56.0897547], [60.7294555, 56.0894791]]}}, {"type": "Feature", "properties": {"id": 846019429, "highway": "steps", "name": "", "ref": "", "oneway": "", "surface": ""}, "geometry": {"type": "LineString", "coordinates": [[60.722387, 56.0927837], [60.7223642, 56.0926124]]}}, {"type": "Feature", "properties": {"id": 846019430, "highway": "steps", "name": "", "ref": "", "oneway": "", "surface": "paving_stones"}, "geometry": {"type": "LineString", "coordinates": [[60.7213799, 56.09264], [60.7214429, 56.0926094]]}}, {"type": "Feature", "properties": {"id": 846019431, "highway": "footway", "name": "", "ref": "", "oneway": "", "surface": "dirt"}, "geometry": {"type": "LineString", "coordinates": [[60.7211343, 56.092691], [60.7213799, 56.09264]]}}, {"type": "Feature", "properties": {"id": 850498119, "highway": "path", "name": "", "ref": "", "oneway": "", "surface": ""}, "geometry": {"type": "LineString", "coordinates": [[60.6994247, 56.0945308], [60.6988192, 56.0942576], [60.6977677, 56.0940272], [60.6972635, 56.0938656], [60.6960511, 56.0936741], [60.695298, 56.0934935], [60.6949997, 56.0934018], [60.6945115, 56.0933315], [60.6943613, 56.0931444], [60.6939322, 56.0929215], [60.6935866, 56.0926619]]}}, {"type": "Feature", "properties": {"id": 860955097, "highway": "track", "name": "", "ref": "", "oneway": "", "surface": "ground"}, "geometry": {"type": "LineString", "coordinates": [[60.7962745, 56.0780712], [60.7961774, 56.0774982], [60.7961926, 56.076753], [60.7960257, 56.0759189], [60.7957753, 56.0753727], [60.7952594, 56.0747842], [60.7947511, 56.0742168], [60.7946222, 56.0738019]]}}, {"type": "Feature", "properties": {"id": 860955098, "highway": "track", "name": "", "ref": "", "oneway": "", "surface": "ground"}, "geometry": {"type": "LineString", "coordinates": [[60.7988012, 56.0795321], [60.7983547, 56.079344], [60.7979858, 56.0789573], [60.7973903, 56.0785891], [60.7969236, 56.0782897], [60.7962745, 56.0780712], [60.7957327, 56.0779844], [60.7949817, 56.0780413], [60.7945579, 56.0781461], [60.7941234, 56.0783317], [60.7937533, 56.0784963], [60.7934046, 56.0787717], [60.7932061, 56.0793435]]}}, {"type": "Feature", "properties": {"id": 860955099, "highway": "track", "name": "", "ref": "", "oneway": "", "surface": "ground"}, "geometry": {"type": "LineString", "coordinates": [[60.7973152, 56.0818161], [60.7967251, 56.0818969], [60.7953884, 56.082155], [60.7945842, 56.0822863], [60.7942914, 56.0823874]]}}, {"type": "Feature", "properties": {"id": 860955100, "highway": "track", "name": "", "ref": "", "oneway": "", "surface": "ground"}, "geometry": {"type": "LineString", "coordinates": [[60.8017906, 56.078015], [60.8010381, 56.0786819], [60.800153, 56.0790771], [60.7988012, 56.0795321], [60.7988655, 56.0796997], [60.7986295, 56.0798913], [60.797857, 56.0803224], [60.7973528, 56.0816275], [60.7973152, 56.0818161], [60.7973528, 56.0820526], [60.7975674, 56.0830404], [60.7979429, 56.0834116], [60.7989621, 56.0837947], [60.7989194, 56.0838902]]}}, {"type": "Feature", "properties": {"id": 927631174, "highway": "service", "name": "", "ref": "", "oneway": "", "surface": ""}, "geometry": {"type": "LineString", "coordinates": [[60.7340959, 56.0650903], [60.7341517, 56.0664031]]}}, {"type": "Feature", "properties": {"id": 927632675, "highway": "service", "name": "", "ref": "", "oneway": "", "surface": ""}, "geometry": {"type": "LineString", "coordinates": [[60.7168972, 56.0481744], [60.7169522, 56.0486614]]}}, {"type": "Feature", "properties": {"id": 927634345, "highway": "service", "name": "", "ref": "", "oneway": "", "surface": ""}, "geometry": {"type": "LineString", "coordinates": [[60.7740188, 56.0788883], [60.7742402, 56.078893], [60.7744387, 56.0789222], [60.7746076, 56.0789926], [60.7746827, 56.0790891], [60.7746879, 56.0791508], [60.7746908, 56.0791863], [60.7746854, 56.0792492], [60.7746345, 56.079325], [60.7744098, 56.0794172], [60.7743502, 56.0794416], [60.7740766, 56.0794686], [60.7738567, 56.0795], [60.7737198, 56.0795569], [60.7736447, 56.0796473], [60.7736501, 56.0798404], [60.7737305, 56.0802305], [60.7737869, 56.0803359], [60.773854, 56.0803808], [60.7739666, 56.0804152], [60.7743174, 56.0804425], [60.7755227, 56.0804163], [60.7765884, 56.0803794]]}}, {"type": "Feature", "properties": {"id": 927634347, "highway": "service", "name": "", "ref": "", "oneway": "", "surface": ""}, "geometry": {"type": "LineString", "coordinates": [[60.7790306, 56.0773572], [60.778283, 56.0774709], [60.7771536, 56.0775083], [60.7727312, 56.077626]]}}, {"type": "Feature", "properties": {"id": 927638738, "highway": "service", "name": "", "ref": "", "oneway": "", "surface": ""}, "geometry": {"type": "LineString", "coordinates": [[60.7437137, 56.0731095], [60.7436515, 56.0727346], [60.7436756, 56.0726703], [60.7439484, 56.0719408], [60.7441141, 56.0716518], [60.7441969, 56.0716056], [60.7443626, 56.0715825], [60.7448109, 56.071028]]}}, {"type": "Feature", "properties": {"id": 927638739, "highway": "service", "name": "", "ref": "", "oneway": "", "surface": ""}, "geometry": {"type": "LineString", "coordinates": [[60.7448109, 56.071028], [60.746401, 56.0712927], [60.7465788, 56.0709967], [60.7454811, 56.0707925], [60.7457085, 56.0703746], [60.7457755, 56.0702513], [60.7473162, 56.0705039], [60.7475173, 56.0701341], [60.7453394, 56.0698048], [60.7451141, 56.0702015], [60.7451731, 56.0702824], [60.7457085, 56.0703746]]}}, {"type": "Feature", "properties": {"id": 927638741, "highway": "service", "name": "", "ref": "", "oneway": "", "surface": ""}, "geometry": {"type": "LineString", "coordinates": [[60.7436756, 56.0726703], [60.7433201, 56.0726499], [60.7422017, 56.0727192], [60.7420897, 56.0727924]]}}, {"type": "Feature", "properties": {"id": 927639148, "highway": "service", "name": "", "ref": "", "oneway": "yes", "surface": ""}, "geometry": {"type": "LineString", "coordinates": [[60.7419699, 56.0727161], [60.7417977, 56.0727899], [60.7410086, 56.0727917], [60.7408514, 56.0727451], [60.7408046, 56.0726891], [60.7407674, 56.0726111]]}}, {"type": "Feature", "properties": {"id": 927639943, "highway": "service", "name": "", "ref": "", "oneway": "", "surface": ""}, "geometry": {"type": "LineString", "coordinates": [[60.73462, 56.0486369], [60.733119, 56.04867], [60.7317864, 56.0486994], [60.7318552, 56.0500308], [60.732406, 56.0500453], [60.7328536, 56.0500308], [60.733129, 56.0499876], [60.7332495, 56.0499251], [60.733119, 56.04867]]}}, {"type": "Feature", "properties": {"id": 927639944, "highway": "service", "name": "", "ref": "", "oneway": "", "surface": ""}, "geometry": {"type": "LineString", "coordinates": [[60.7317864, 56.0486994], [60.7315282, 56.047219], [60.7315023, 56.0468248]]}}, {"type": "Feature", "properties": {"id": 927639945, "highway": "service", "name": "", "ref": "", "oneway": "", "surface": ""}, "geometry": {"type": "LineString", "coordinates": [[60.7318552, 56.0500308], [60.7315798, 56.0500693], [60.7310032, 56.0500693], [60.7298843, 56.0501126], [60.7297294, 56.0500741], [60.7296347, 56.0499828], [60.7295056, 56.0488581], [60.7295831, 56.048709], [60.7298155, 56.0486273], [60.7302544, 56.0486129], [60.7315798, 56.0485841], [60.7317864, 56.0486994]]}}, {"type": "Feature", "properties": {"id": 927639946, "highway": "service", "name": "", "ref": "", "oneway": "", "surface": ""}, "geometry": {"type": "LineString", "coordinates": [[60.73462, 56.0486369], [60.7355732, 56.0486033]]}}, {"type": "Feature", "properties": {"id": 927642455, "highway": "tertiary", "name": "", "ref": "", "oneway": "yes", "surface": ""}, "geometry": {"type": "LineString", "coordinates": [[60.7171983, 56.0644591], [60.7174154, 56.0644818]]}}, {"type": "Feature", "properties": {"id": 945744694, "highway": "service", "name": "", "ref": "", "oneway": "", "surface": ""}, "geometry": {"type": "LineString", "coordinates": [[60.7378024, 56.0918741], [60.7376106, 56.0919018], [60.7376683, 56.092133], [60.7380411, 56.0927659], [60.7382208, 56.0926843]]}}, {"type": "Feature", "properties": {"id": 945744696, "highway": "service", "name": "", "ref": "", "oneway": "", "surface": ""}, "geometry": {"type": "LineString", "coordinates": [[60.7379353, 56.0916206], [60.7378024, 56.0917813], [60.7378024, 56.0918741], [60.7382208, 56.0926843]]}}, {"type": "Feature", "properties": {"id": 962670401, "highway": "service", "name": "", "ref": "", "oneway": "", "surface": ""}, "geometry": {"type": "LineString", "coordinates": [[60.7195543, 56.0808588], [60.7197466, 56.080851], [60.720369, 56.0808256], [60.7202156, 56.0794495], [60.7214227, 56.079401], [60.7223863, 56.0793722]]}}, {"type": "Feature", "properties": {"id": 962675818, "highway": "service", "name": "", "ref": "", "oneway": "", "surface": ""}, "geometry": {"type": "LineString", "coordinates": [[60.7278955, 56.0854789], [60.7278685, 56.0853168], [60.7277272, 56.0842637]]}}, {"type": "Feature", "properties": {"id": 962679638, "highway": "service", "name": "", "ref": "", "oneway": "", "surface": ""}, "geometry": {"type": "LineString", "coordinates": [[60.7373843, 56.0910845], [60.737532, 56.0909767]]}}, {"type": "Feature", "properties": {"id": 969492954, "highway": "path", "name": "", "ref": "", "oneway": "", "surface": "unpaved"}, "geometry": {"type": "LineString", "coordinates": [[60.7450465, 56.0848171], [60.7450283, 56.0853212], [60.7450229, 56.085432], [60.7447698, 56.0857966], [60.7436606, 56.0858852]]}}, {"type": "Feature", "properties": {"id": 971281801, "highway": "path", "name": "", "ref": "", "oneway": "", "surface": "unpaved"}, "geometry": {"type": "LineString", "coordinates": [[60.7506209, 56.0759704], [60.7507067, 56.0760187], [60.7512724, 56.0762031], [60.7520342, 56.0764486], [60.7521093, 56.0765025], [60.7523252, 56.0766042], [60.7524981, 56.0766449]]}}, {"type": "Feature", "properties": {"id": 1016154453, "highway": "service", "name": "", "ref": "", "oneway": "", "surface": ""}, "geometry": {"type": "LineString", "coordinates": [[60.7746268, 56.0779417], [60.7754874, 56.0779155]]}}, {"type": "Feature", "properties": {"id": 1016154454, "highway": "service", "name": "", "ref": "", "oneway": "", "surface": ""}, "geometry": {"type": "LineString", "coordinates": [[60.7758495, 56.0777344], [60.7756269, 56.0778602], [60.7754874, 56.0779155], [60.7748088, 56.078185], [60.7747525, 56.0781655], [60.7746586, 56.0780113], [60.7746268, 56.0779417], [60.774551, 56.0777763]]}}, {"type": "Feature", "properties": {"id": 1016154455, "highway": "service", "name": "", "ref": "", "oneway": "", "surface": ""}, "geometry": {"type": "LineString", "coordinates": [[60.7764658, 56.0778881], [60.777447, 56.0778584]]}}, {"type": "Feature", "properties": {"id": 1016154456, "highway": "service", "name": "", "ref": "", "oneway": "", "surface": ""}, "geometry": {"type": "LineString", "coordinates": [[60.778283, 56.0774709], [60.7782313, 56.0775279], [60.7779855, 56.0776421], [60.777447, 56.0778584], [60.7768017, 56.0781176], [60.7766569, 56.0781176], [60.7765844, 56.0780697], [60.7764658, 56.0778881], [60.7763512, 56.0777127]]}}, {"type": "Feature", "properties": {"id": 1016154457, "highway": "service", "name": "", "ref": "", "oneway": "", "surface": ""}, "geometry": {"type": "LineString", "coordinates": [[60.7740188, 56.0788883], [60.7732048, 56.0788965], [60.7731796, 56.0785461], [60.7731656, 56.0783514], [60.7731362, 56.0779865], [60.7731121, 56.077828]]}}, {"type": "Feature", "properties": {"id": 1016154458, "highway": "service", "name": "", "ref": "", "oneway": "", "surface": ""}, "geometry": {"type": "LineString", "coordinates": [[60.7741894, 56.077788], [60.774551, 56.0777763], [60.7758495, 56.0777344], [60.7762601, 56.0777167], [60.7763512, 56.0777127], [60.7779855, 56.0776421]]}}, {"type": "Feature", "properties": {"id": 1016154463, "highway": "service", "name": "", "ref": "", "oneway": "", "surface": ""}, "geometry": {"type": "LineString", "coordinates": [[60.7620974, 56.0750405], [60.7620941, 56.0753035], [60.762197, 56.0753469], [60.7623634, 56.0753408], [60.7625055, 56.0753364], [60.7625269, 56.0755205], [60.7617059, 56.0755552], [60.7614648, 56.0755654], [60.7614058, 56.0755489], [60.761387, 56.0754576], [60.7614621, 56.0753903], [60.76154, 56.0753484], [60.7615129, 56.0751146]]}}, {"type": "Feature", "properties": {"id": 1016154464, "highway": "service", "name": "", "ref": "", "oneway": "", "surface": ""}, "geometry": {"type": "LineString", "coordinates": [[60.7630097, 56.0749022], [60.7629025, 56.0749592], [60.7627764, 56.075022], [60.7623542, 56.07503], [60.7620974, 56.0750405], [60.761544, 56.0750563], [60.7615129, 56.0751146], [60.7609763, 56.0751272]]}}, {"type": "Feature", "properties": {"id": 1016154465, "highway": "footway", "name": "", "ref": "", "oneway": "", "surface": ""}, "geometry": {"type": "LineString", "coordinates": [[60.7614347, 56.0745394], [60.7614172, 56.074412]]}}, {"type": "Feature", "properties": {"id": 1016154466, "highway": "footway", "name": "", "ref": "", "oneway": "", "surface": ""}, "geometry": {"type": "LineString", "coordinates": [[60.7654747, 56.0743768], [60.765282, 56.0743917], [60.7650349, 56.0744143], [60.7629429, 56.0744816], [60.7614347, 56.0745394], [60.7601666, 56.0745879]]}}, {"type": "Feature", "properties": {"id": 1016154467, "highway": "footway", "name": "", "ref": "", "oneway": "", "surface": "concrete:lanes"}, "geometry": {"type": "LineString", "coordinates": [[60.765246, 56.0761154], [60.765283, 56.0764075]]}}, {"type": "Feature", "properties": {"id": 1016154468, "highway": "footway", "name": "", "ref": "", "oneway": "", "surface": ""}, "geometry": {"type": "LineString", "coordinates": [[60.7656241, 56.0774553], [60.7661133, 56.077424]]}}, {"type": "Feature", "properties": {"id": 1016154469, "highway": "service", "name": "", "ref": "", "oneway": "", "surface": ""}, "geometry": {"type": "LineString", "coordinates": [[60.7630983, 56.075022], [60.76316, 56.0755415], [60.7635355, 56.0755325], [60.7635602, 56.075785], [60.7636026, 56.0762188], [60.7640652, 56.0762039], [60.7640532, 56.0759801], [60.7646915, 56.0759614], [60.7646956, 56.0761006], [60.7647157, 56.0761208], [60.765246, 56.0761154]]}}, {"type": "Feature", "properties": {"id": 1016160851, "highway": "footway", "name": "", "ref": "", "oneway": "", "surface": ""}, "geometry": {"type": "LineString", "coordinates": [[60.7743716, 56.0798105], [60.7743448, 56.0798898], [60.7743528, 56.0799467], [60.7744628, 56.0800185], [60.7745969, 56.080038], [60.7750475, 56.0800141], [60.7752085, 56.0799751]]}}, {"type": "Feature", "properties": {"id": 1016160852, "highway": "footway", "name": "", "ref": "", "oneway": "", "surface": ""}, "geometry": {"type": "LineString", "coordinates": [[60.7747684, 56.0794782], [60.7744667, 56.0795834]]}}, {"type": "Feature", "properties": {"id": 1016160853, "highway": "footway", "name": "", "ref": "", "oneway": "", "surface": ""}, "geometry": {"type": "LineString", "coordinates": [[60.7746854, 56.0792492], [60.7747337, 56.0793869], [60.7747684, 56.0794782], [60.774782, 56.0795141], [60.7748437, 56.0795605], [60.7750541, 56.0796316]]}}, {"type": "Feature", "properties": {"id": 1016160854, "highway": "footway", "name": "", "ref": "", "oneway": "", "surface": ""}, "geometry": {"type": "LineString", "coordinates": [[60.7745111, 56.0797132], [60.7744667, 56.0795834], [60.7744098, 56.0794172]]}}, {"type": "Feature", "properties": {"id": 1016160855, "highway": "footway", "name": "", "ref": "", "oneway": "", "surface": ""}, "geometry": {"type": "LineString", "coordinates": [[60.7753721, 56.0791414], [60.7753587, 56.0791953], [60.775407, 56.0792552], [60.7754686, 56.079345], [60.7754499, 56.0794198], [60.7753292, 56.0795231], [60.7751521, 56.0796219], [60.7750541, 56.0796316], [60.7747579, 56.0796608], [60.7745111, 56.0797132], [60.7744735, 56.0797521], [60.7743716, 56.0798105], [60.7736501, 56.0798404]]}}, {"type": "Feature", "properties": {"id": 1016160856, "highway": "footway", "name": "", "ref": "", "oneway": "", "surface": ""}, "geometry": {"type": "LineString", "coordinates": [[60.7713878, 56.0790172], [60.7717519, 56.0791322]]}}, {"type": "Feature", "properties": {"id": 1016160857, "highway": "footway", "name": "", "ref": "", "oneway": "", "surface": ""}, "geometry": {"type": "LineString", "coordinates": [[60.7740253, 56.0789542], [60.7737949, 56.0790411], [60.7732558, 56.0790606], [60.7729769, 56.0790352], [60.7725584, 56.0790411], [60.7722983, 56.0790741], [60.7717519, 56.0791322], [60.7714047, 56.0791691]]}}, {"type": "Feature", "properties": {"id": 1016160858, "highway": "footway", "name": "", "ref": "", "oneway": "", "surface": ""}, "geometry": {"type": "LineString", "coordinates": [[60.7752825, 56.0785021], [60.7756779, 56.0787717], [60.7756913, 56.0788585], [60.7756403, 56.0789214], [60.7755598, 56.0789753], [60.775466, 56.0790172], [60.7753721, 56.0791414], [60.7746879, 56.0791508], [60.7740461, 56.0791631]]}}, {"type": "Feature", "properties": {"id": 1016160859, "highway": "footway", "name": "", "ref": "", "oneway": "", "surface": ""}, "geometry": {"type": "LineString", "coordinates": [[60.7751334, 56.0785906], [60.7746935, 56.0784903], [60.7731796, 56.0785461]]}}, {"type": "Feature", "properties": {"id": 1016160860, "highway": "footway", "name": "", "ref": "", "oneway": "", "surface": ""}, "geometry": {"type": "LineString", "coordinates": [[60.7754284, 56.0784155], [60.7752825, 56.0785021], [60.7751334, 56.0785906], [60.7742402, 56.078893]]}}, {"type": "Feature", "properties": {"id": 1016160861, "highway": "footway", "name": "", "ref": "", "oneway": "", "surface": ""}, "geometry": {"type": "LineString", "coordinates": [[60.7758602, 56.0781131], [60.7759488, 56.078191], [60.7757315, 56.0783332], [60.7754284, 56.0784155], [60.7753158, 56.0783092]]}}, {"type": "Feature", "properties": {"id": 1016160862, "highway": "footway", "name": "", "ref": "", "oneway": "", "surface": ""}, "geometry": {"type": "LineString", "coordinates": [[60.7762176, 56.0782346], [60.7764906, 56.0781984]]}}, {"type": "Feature", "properties": {"id": 1016160863, "highway": "footway", "name": "", "ref": "", "oneway": "", "surface": ""}, "geometry": {"type": "LineString", "coordinates": [[60.7762601, 56.0777167], [60.776276, 56.0780143], [60.7762176, 56.0782346], [60.7761517, 56.0784836]]}}, {"type": "Feature", "properties": {"id": 1016160870, "highway": "service", "name": "", "ref": "", "oneway": "", "surface": ""}, "geometry": {"type": "LineString", "coordinates": [[60.7740766, 56.0794686], [60.7740461, 56.0791631], [60.7740253, 56.0789542], [60.7740188, 56.0788883]]}}, {"type": "Feature", "properties": {"id": 1016160871, "highway": "service", "name": "", "ref": "", "oneway": "", "surface": ""}, "geometry": {"type": "LineString", "coordinates": [[60.7714409, 56.0794945], [60.7727998, 56.0794836], [60.7728535, 56.0804954], [60.7730359, 56.0805349], [60.773229, 56.0804781]]}}, {"type": "Feature", "properties": {"id": 1016161589, "highway": "footway", "name": "", "ref": "", "oneway": "", "surface": ""}, "geometry": {"type": "LineString", "coordinates": [[60.7727685, 56.0777178], [60.7718986, 56.0777389], [60.7712436, 56.0777228], [60.7672202, 56.0778465], [60.7665615, 56.0778637], [60.7656679, 56.0778871], [60.7656112, 56.0778407]]}}, {"type": "Feature", "properties": {"id": 1020835319, "highway": "track", "name": "освещённая лыжня", "ref": "", "oneway": "", "surface": "ground"}, "geometry": {"type": "LineString", "coordinates": [[60.6861002, 56.0904373], [60.6860874, 56.0903044], [60.6859939, 56.0893748]]}}, {"type": "Feature", "properties": {"id": 1020835320, "highway": "track", "name": "освещённая лыжня", "ref": "", "oneway": "", "surface": ""}, "geometry": {"type": "LineString", "coordinates": [[60.6862731, 56.0919642], [60.6861882, 56.0911899], [60.6861002, 56.0904373]]}}, {"type": "Feature", "properties": {"id": 1020835321, "highway": "track", "name": "", "ref": "", "oneway": "", "surface": ""}, "geometry": {"type": "LineString", "coordinates": [[60.7098088, 56.0853313], [60.7113933, 56.0852146], [60.7117566, 56.0852333], [60.7119511, 56.0853267]]}}, {"type": "Feature", "properties": {"id": 1020835322, "highway": "track", "name": "освещённая лыжня", "ref": "", "oneway": "", "surface": ""}, "geometry": {"type": "LineString", "coordinates": [[60.6935057, 56.0857893], [60.6949663, 56.0856255], [60.6964407, 56.0856321], [60.6974099, 56.085709], [60.7041652, 56.0856701], [60.705623, 56.0856603], [60.708347, 56.0855017], [60.7090998, 56.0854043], [60.7098088, 56.0853313]]}}, {"type": "Feature", "properties": {"id": 1033422141, "highway": "steps", "name": "", "ref": "", "oneway": "", "surface": "asphalt"}, "geometry": {"type": "LineString", "coordinates": [[60.7442416, 56.084568], [60.7441935, 56.0845887]]}}, {"type": "Feature", "properties": {"id": 1054348005, "highway": "steps", "name": "", "ref": "", "oneway": "", "surface": "asphalt"}, "geometry": {"type": "LineString", "coordinates": [[60.74427, 56.0848765], [60.7443216, 56.0848826]]}}, {"type": "Feature", "properties": {"id": 1054348006, "highway": "steps", "name": "", "ref": "", "oneway": "", "surface": "asphalt"}, "geometry": {"type": "LineString", "coordinates": [[60.7443216, 56.0848826], [60.7443653, 56.0848877]]}}, {"type": "Feature", "properties": {"id": 1054350073, "highway": "tertiary", "name": "улица Комсомольская", "ref": "", "oneway": "", "surface": "asphalt"}, "geometry": {"type": "LineString", "coordinates": [[60.7540307, 56.0820018], [60.7542278, 56.0819899], [60.7543615, 56.081987], [60.7552967, 56.0819545]]}}, {"type": "Feature", "properties": {"id": 1060088551, "highway": "footway", "name": "", "ref": "", "oneway": "", "surface": "asphalt"}, "geometry": {"type": "LineString", "coordinates": [[60.7532962, 56.0767251], [60.7532899, 56.0766293], [60.7532614, 56.0763557], [60.7532328, 56.076052], [60.7531973, 56.075675], [60.753188, 56.0755973], [60.7531872, 56.0755715], [60.753168, 56.0753325], [60.7531485, 56.0751039], [60.7531459, 56.0750734], [60.753149, 56.0750307], [60.75314, 56.0750046], [60.7530555, 56.074014], [60.7529542, 56.0728274]]}}, {"type": "Feature", "properties": {"id": 1060093633, "highway": "footway", "name": "", "ref": "", "oneway": "", "surface": "asphalt"}, "geometry": {"type": "LineString", "coordinates": [[60.7531342, 56.0763582], [60.7532614, 56.0763557]]}}, {"type": "Feature", "properties": {"id": 1060093634, "highway": "footway", "name": "", "ref": "", "oneway": "", "surface": "asphalt"}, "geometry": {"type": "LineString", "coordinates": [[60.7531408, 56.076055], [60.7532328, 56.076052]]}}, {"type": "Feature", "properties": {"id": 1060115817, "highway": "footway", "name": "", "ref": "", "oneway": "", "surface": "asphalt"}, "geometry": {"type": "LineString", "coordinates": [[60.7532899, 56.0766293], [60.7535071, 56.0766237], [60.7536955, 56.0766179], [60.7537655, 56.0766157], [60.7539095, 56.0766108], [60.7540198, 56.0766071], [60.7541402, 56.076603], [60.7551306, 56.0765765], [60.756066, 56.0765515]]}}, {"type": "Feature", "properties": {"id": 1060180666, "highway": "footway", "name": "", "ref": "", "oneway": "", "surface": "concrete:plates"}, "geometry": {"type": "LineString", "coordinates": [[60.7503769, 56.0760143], [60.7504731, 56.0759875], [60.7506209, 56.0759704], [60.750795, 56.0759501], [60.7514042, 56.0759343], [60.7514843, 56.0759322], [60.7516009, 56.0759065]]}}, {"type": "Feature", "properties": {"id": 1060180667, "highway": "footway", "name": "", "ref": "", "oneway": "", "surface": "asphalt"}, "geometry": {"type": "LineString", "coordinates": [[60.7525713, 56.0766431], [60.7524981, 56.0766449], [60.7503489, 56.0766986]]}}, {"type": "Feature", "properties": {"id": 1060180668, "highway": "footway", "name": "", "ref": "", "oneway": "", "surface": "asphalt"}, "geometry": {"type": "LineString", "coordinates": [[60.7514936, 56.0769776], [60.7520207, 56.0773157]]}}, {"type": "Feature", "properties": {"id": 1062591794, "highway": "footway", "name": "", "ref": "", "oneway": "", "surface": "gravel"}, "geometry": {"type": "LineString", "coordinates": [[60.7537454, 56.0820855], [60.7536688, 56.0821453], [60.7529515, 56.0823359], [60.752375, 56.082515], [60.7517511, 56.0827074], [60.7515452, 56.0827516], [60.7509488, 56.0829377], [60.7506552, 56.0831681], [60.7500286, 56.0835917], [60.7493612, 56.0838072], [60.7489803, 56.0839085], [60.7484303, 56.0840931], [60.7482955, 56.0841819], [60.7477447, 56.0842173], [60.7473132, 56.0842451], [60.7466803, 56.0844907]]}}, {"type": "Feature", "properties": {"id": 1062593517, "highway": "footway", "name": "", "ref": "", "oneway": "", "surface": ""}, "geometry": {"type": "LineString", "coordinates": [[60.7369158, 56.0881326], [60.7373687, 56.0882687], [60.7384157, 56.0885993], [60.7394976, 56.0889409], [60.7400272, 56.0891082]]}}, {"type": "Feature", "properties": {"id": 1063977987, "highway": "track", "name": "", "ref": "", "oneway": "", "surface": "gravel"}, "geometry": {"type": "LineString", "coordinates": [[60.7991311, 56.0959147], [60.79941, 56.0963179]]}}, {"type": "Feature", "properties": {"id": 1063977988, "highway": "track", "name": "", "ref": "", "oneway": "", "surface": "gravel"}, "geometry": {"type": "LineString", "coordinates": [[60.8002496, 56.0930517], [60.8006358, 56.0931444], [60.7998177, 56.0958586], [60.7991311, 56.0959147], [60.7985222, 56.0959693]]}}, {"type": "Feature", "properties": {"id": 1063977990, "highway": "track", "name": "", "ref": "", "oneway": "", "surface": "gravel"}, "geometry": {"type": "LineString", "coordinates": [[60.7927662, 56.0948561], [60.7938659, 56.0962745], [60.7950324, 56.0960127]]}}, {"type": "Feature", "properties": {"id": 1063977991, "highway": "track", "name": "", "ref": "", "oneway": "", "surface": "gravel"}, "geometry": {"type": "LineString", "coordinates": [[60.794, 56.0946676], [60.7950324, 56.0960127], [60.7953894, 56.096478]]}}, {"type": "Feature", "properties": {"id": 1063977992, "highway": "track", "name": "", "ref": "", "oneway": "", "surface": "gravel"}, "geometry": {"type": "LineString", "coordinates": [[60.7989928, 56.0972845], [60.7992142, 56.0974774]]}}, {"type": "Feature", "properties": {"id": 1063977993, "highway": "track", "name": "", "ref": "", "oneway": "", "surface": "gravel"}, "geometry": {"type": "LineString", "coordinates": [[60.7978766, 56.0960317], [60.7988977, 56.0973188]]}}, {"type": "Feature", "properties": {"id": 1063977994, "highway": "track", "name": "", "ref": "", "oneway": "", "surface": "gravel"}, "geometry": {"type": "LineString", "coordinates": [[60.7958937, 56.0952302], [60.7966661, 56.0961488], [60.7977231, 56.0975846]]}}, {"type": "Feature", "properties": {"id": 1063977995, "highway": "track", "name": "", "ref": "", "oneway": "", "surface": "gravel"}, "geometry": {"type": "LineString", "coordinates": [[60.7953894, 56.096478], [60.7964516, 56.0978723]]}}, {"type": "Feature", "properties": {"id": 1063977996, "highway": "track", "name": "", "ref": "", "oneway": "", "surface": "gravel"}, "geometry": {"type": "LineString", "coordinates": [[60.7934438, 56.0985977], [60.7939035, 56.099135], [60.7968502, 56.0984375], [60.7986081, 56.0980129]]}}, {"type": "Feature", "properties": {"id": 1063977997, "highway": "track", "name": "", "ref": "", "oneway": "", "surface": "gravel"}, "geometry": {"type": "LineString", "coordinates": [[60.7963662, 56.0978929], [60.7968502, 56.0984375], [60.7970792, 56.0986951], [60.7979643, 56.0989525], [60.8009201, 56.1003258], [60.8030284, 56.1008315]]}}, {"type": "Feature", "properties": {"id": 1063977998, "highway": "track", "name": "", "ref": "", "oneway": "", "surface": "gravel"}, "geometry": {"type": "LineString", "coordinates": [[60.7940687, 56.0967726], [60.7951275, 56.0981916]]}}, {"type": "Feature", "properties": {"id": 1063977999, "highway": "track", "name": "", "ref": "", "oneway": "", "surface": "gravel"}, "geometry": {"type": "LineString", "coordinates": [[60.7927035, 56.0970772], [60.7938117, 56.0985089]]}}, {"type": "Feature", "properties": {"id": 1063978000, "highway": "track", "name": "", "ref": "", "oneway": "", "surface": "gravel"}, "geometry": {"type": "LineString", "coordinates": [[60.7913883, 56.0973707], [60.7925199, 56.0988205]]}}, {"type": "Feature", "properties": {"id": 1063978001, "highway": "track", "name": "", "ref": "", "oneway": "", "surface": "gravel"}, "geometry": {"type": "LineString", "coordinates": [[60.7918919, 56.0989719], [60.7925199, 56.0988205], [60.7934438, 56.0985977], [60.7938117, 56.0985089], [60.7951275, 56.0981916], [60.7963662, 56.0978929], [60.7964516, 56.0978723], [60.7977231, 56.0975846], [60.7988977, 56.0973188], [60.7989928, 56.0972845], [60.800035, 56.0969088]]}}, {"type": "Feature", "properties": {"id": 1063978002, "highway": "track", "name": "", "ref": "", "oneway": "", "surface": "gravel"}, "geometry": {"type": "LineString", "coordinates": [[60.7906727, 56.0975385], [60.7907606, 56.097517], [60.7913883, 56.0973707], [60.7927035, 56.0970772], [60.7940687, 56.0967726], [60.7953894, 56.096478], [60.7966661, 56.0961488], [60.7978766, 56.0960317], [60.7985222, 56.0959693], [60.7989514, 56.0944312], [60.8002496, 56.0930517], [60.8015692, 56.0903074]]}}, {"type": "Feature", "properties": {"id": 1064816421, "highway": "path", "name": "", "ref": "", "oneway": "", "surface": "asphalt"}, "geometry": {"type": "LineString", "coordinates": [[60.7539735, 56.0838094], [60.7534155, 56.0838216], [60.7534852, 56.0842557], [60.7533672, 56.0842706], [60.7506153, 56.0840132], [60.7504276, 56.0840282], [60.7496766, 56.0843544], [60.7494566, 56.0843933], [60.7494535, 56.0844263]]}}, {"type": "Feature", "properties": {"id": 1064821447, "highway": "footway", "name": "", "ref": "", "oneway": "", "surface": "asphalt"}, "geometry": {"type": "LineString", "coordinates": [[60.7496953, 56.077917], [60.7499048, 56.0779008]]}}, {"type": "Feature", "properties": {"id": 1064821448, "highway": "footway", "name": "", "ref": "", "oneway": "", "surface": "asphalt"}, "geometry": {"type": "LineString", "coordinates": [[60.7494612, 56.0783429], [60.7494476, 56.0780613], [60.7494405, 56.0779649], [60.7496417, 56.077956], [60.7496953, 56.077917], [60.7496899, 56.0778706]]}}, {"type": "Feature", "properties": {"id": 1067993187, "highway": "service", "name": "", "ref": "", "oneway": "", "surface": "asphalt"}, "geometry": {"type": "LineString", "coordinates": [[60.7541747, 56.0838619], [60.7539807, 56.083871], [60.753897, 56.0838749], [60.753594, 56.083889], [60.7536499, 56.0842626], [60.7539529, 56.0842485], [60.753897, 56.0838749]]}}, {"type": "Feature", "properties": {"id": 1068937123, "highway": "footway", "name": "", "ref": "", "oneway": "", "surface": "paving_stones"}, "geometry": {"type": "LineString", "coordinates": [[60.7514042, 56.0759343], [60.7514006, 56.0756356]]}}, {"type": "Feature", "properties": {"id": 1073329744, "highway": "footway", "name": "", "ref": "", "oneway": "", "surface": "concrete"}, "geometry": {"type": "LineString", "coordinates": [[60.7306937, 56.0870211], [60.7310134, 56.0870119]]}}, {"type": "Feature", "properties": {"id": 1080448466, "highway": "path", "name": "", "ref": "", "oneway": "", "surface": "asphalt"}, "geometry": {"type": "LineString", "coordinates": [[60.7534852, 56.0842557], [60.7535668, 56.0844986], [60.7536125, 56.0847374], [60.7536118, 56.0848082]]}}, {"type": "Feature", "properties": {"id": 1081680789, "highway": "service", "name": "", "ref": "", "oneway": "", "surface": "asphalt"}, "geometry": {"type": "LineString", "coordinates": [[60.7539529, 56.0842485], [60.7540242, 56.084246], [60.7542168, 56.0842391]]}}, {"type": "Feature", "properties": {"id": 1086394946, "highway": "track", "name": "", "ref": "", "oneway": "", "surface": ""}, "geometry": {"type": "LineString", "coordinates": [[60.6787728, 56.0393989], [60.6794595, 56.0393929], [60.6808328, 56.039333], [60.6874203, 56.0391532], [60.6945764, 56.0389794], [60.7035994, 56.0387277], [60.7087599, 56.0385299], [60.7088994, 56.0388236], [60.7088243, 56.039321], [60.7090713, 56.0394118]]}}, {"type": "Feature", "properties": {"id": 1086394947, "highway": "track", "name": "", "ref": "", "oneway": "", "surface": ""}, "geometry": {"type": "LineString", "coordinates": [[60.7087599, 56.0385299], [60.7106053, 56.0379185], [60.7153367, 56.0363242], [60.7197141, 56.0348197], [60.7220959, 56.0340165]]}}, {"type": "Feature", "properties": {"id": 1086394948, "highway": "track", "name": "", "ref": "", "oneway": "", "surface": ""}, "geometry": {"type": "LineString", "coordinates": [[60.7220959, 56.0340165], [60.7223, 56.033931], [60.722525, 56.0338367], [60.7288872, 56.0316847], [60.7342302, 56.0299642], [60.7381355, 56.0286693], [60.7415151, 56.0274643], [60.7422375, 56.0273]]}}, {"type": "Feature", "properties": {"id": 1116100220, "highway": "track", "name": "", "ref": "", "oneway": "", "surface": ""}, "geometry": {"type": "LineString", "coordinates": [[60.7074237, 56.1037903], [60.7073526, 56.103695]]}}, {"type": "Feature", "properties": {"id": 1116100221, "highway": "track", "name": "", "ref": "", "oneway": "", "surface": ""}, "geometry": {"type": "LineString", "coordinates": [[60.7069294, 56.1038481], [60.7069597, 56.1037372], [60.7069295, 56.1036224]]}}, {"type": "Feature", "properties": {"id": 1116100222, "highway": "track", "name": "", "ref": "", "oneway": "", "surface": ""}, "geometry": {"type": "LineString", "coordinates": [[60.7094997, 56.1045622], [60.7097317, 56.1044186], [60.7099664, 56.1043595]]}}, {"type": "Feature", "properties": {"id": 1116100223, "highway": "track", "name": "", "ref": "", "oneway": "", "surface": ""}, "geometry": {"type": "LineString", "coordinates": [[60.7092395, 56.105319], [60.7093307, 56.1056122], [60.7095708, 56.10569]]}}, {"type": "Feature", "properties": {"id": 1116100224, "highway": "track", "name": "", "ref": "", "oneway": "", "surface": ""}, "geometry": {"type": "LineString", "coordinates": [[60.7036578, 56.1016199], [60.7042158, 56.1016482], [60.7046342, 56.1018965], [60.705353, 56.1018576], [60.7060665, 56.1019384], [60.7062864, 56.1018517]]}}, {"type": "Feature", "properties": {"id": 1116100225, "highway": "track", "name": "", "ref": "", "oneway": "", "surface": ""}, "geometry": {"type": "LineString", "coordinates": [[60.7021711, 56.0998997], [60.7026118, 56.0997753], [60.7032502, 56.0993654], [60.7036364, 56.0993863], [60.7041943, 56.0996257], [60.7059056, 56.1011605]]}}, {"type": "Feature", "properties": {"id": 1116100226, "highway": "track", "name": "", "ref": "", "oneway": "", "surface": ""}, "geometry": {"type": "LineString", "coordinates": [[60.7010965, 56.0988219], [60.7013914, 56.0984977], [60.7018554, 56.098378], [60.7023489, 56.0983451], [60.7027754, 56.0984124], [60.7030383, 56.0986443]]}}, {"type": "Feature", "properties": {"id": 1131128097, "highway": "secondary", "name": "", "ref": "", "oneway": "", "surface": "asphalt"}, "geometry": {"type": "LineString", "coordinates": [[60.7909741, 56.066398], [60.7932638, 56.0667097]]}}, {"type": "Feature", "properties": {"id": 1131128098, "highway": "secondary", "name": "Подъезд к Снежинску", "ref": "", "oneway": "", "surface": "asphalt"}, "geometry": {"type": "LineString", "coordinates": [[60.7942904, 56.0668653], [60.7958677, 56.0671196]]}}, {"type": "Feature", "properties": {"id": 1167364453, "highway": "service", "name": "", "ref": "", "oneway": "", "surface": ""}, "geometry": {"type": "LineString", "coordinates": [[60.8053384, 56.0654187], [60.8096451, 56.0660024], [60.8114827, 56.0662803], [60.8133307, 56.0665926]]}}, {"type": "Feature", "properties": {"id": 1167364462, "highway": "residential", "name": "Пышминская улица", "ref": "", "oneway": "", "surface": "unpaved"}, "geometry": {"type": "LineString", "coordinates": [[60.8082376, 56.0614199], [60.80822, 56.0617707]]}}, {"type": "Feature", "properties": {"id": 1170864397, "highway": "service", "name": "", "ref": "", "oneway": "", "surface": ""}, "geometry": {"type": "LineString", "coordinates": [[60.7697618, 56.0717323], [60.7697358, 56.0715107], [60.7700661, 56.0714987], [60.7700316, 56.071203], [60.7697015, 56.071215], [60.7697358, 56.0715107]]}}, {"type": "Feature", "properties": {"id": 1179998672, "highway": "service", "name": "", "ref": "", "oneway": "", "surface": ""}, "geometry": {"type": "LineString", "coordinates": [[60.7680265, 56.0656186], [60.7684734, 56.065605], [60.7685432, 56.0656394], [60.7689133, 56.0656305], [60.7688837, 56.0651422]]}}, {"type": "Feature", "properties": {"id": 1179998673, "highway": "service", "name": "", "ref": "", "oneway": "", "surface": ""}, "geometry": {"type": "LineString", "coordinates": [[60.7680535, 56.0660483], [60.7680265, 56.0656186], [60.7679976, 56.0651596], [60.7688837, 56.0651422], [60.7693022, 56.065134]]}}, {"type": "Feature", "properties": {"id": 1180002883, "highway": "service", "name": "", "ref": "", "oneway": "", "surface": ""}, "geometry": {"type": "LineString", "coordinates": [[60.7617059, 56.0755552], [60.7617302, 56.0758251]]}}, {"type": "Feature", "properties": {"id": 1180002884, "highway": "service", "name": "", "ref": "", "oneway": "", "surface": ""}, "geometry": {"type": "LineString", "coordinates": [[60.7635602, 56.075785], [60.7617302, 56.0758251], [60.7610786, 56.0758394]]}}, {"type": "Feature", "properties": {"id": 1180008477, "highway": "service", "name": "", "ref": "", "oneway": "", "surface": ""}, "geometry": {"type": "LineString", "coordinates": [[60.7441404, 56.0728469], [60.7455381, 56.0728181], [60.7458032, 56.0728126], [60.7462997, 56.0728017], [60.7478445, 56.072796], [60.7478553, 56.0728289], [60.7478743, 56.0729842]]}}, {"type": "Feature", "properties": {"id": 1180008481, "highway": "service", "name": "", "ref": "", "oneway": "", "surface": ""}, "geometry": {"type": "LineString", "coordinates": [[60.746401, 56.0712927], [60.746195, 56.0716927], [60.7458353, 56.0716349], [60.7457477, 56.071805], [60.7455763, 56.0721378]]}}, {"type": "Feature", "properties": {"id": 1180008484, "highway": "service", "name": "", "ref": "", "oneway": "", "surface": ""}, "geometry": {"type": "LineString", "coordinates": [[60.7457477, 56.071805], [60.7450148, 56.0717061], [60.7448298, 56.0720489], [60.7447282, 56.0722508], [60.7446474, 56.0724112], [60.745347, 56.0725323], [60.7455379, 56.0726927], [60.7455381, 56.0728181]]}}, {"type": "Feature", "properties": {"id": 1205734256, "highway": "residential", "name": "Родниковая улица", "ref": "", "oneway": "", "surface": ""}, "geometry": {"type": "LineString", "coordinates": [[60.7632255, 56.0669146], [60.7610518, 56.066981]]}}, {"type": "Feature", "properties": {"id": 1207286845, "highway": "footway", "name": "", "ref": "", "oneway": "", "surface": ""}, "geometry": {"type": "LineString", "coordinates": [[60.7448109, 56.071028], [60.7448183, 56.070912], [60.7451731, 56.0702824]]}}, {"type": "Feature", "properties": {"id": 1207286847, "highway": "footway", "name": "", "ref": "", "oneway": "", "surface": ""}, "geometry": {"type": "LineString", "coordinates": [[60.7465788, 56.0709967], [60.7467261, 56.0710204], [60.7468843, 56.0707225], [60.74752, 56.0708273], [60.7476434, 56.0706057], [60.7473162, 56.0705039]]}}, {"type": "Feature", "properties": {"id": 1239837308, "highway": "service", "name": "", "ref": "", "oneway": "", "surface": ""}, "geometry": {"type": "LineString", "coordinates": [[60.7709235, 56.0659502], [60.7708794, 56.0650615]]}}, {"type": "Feature", "properties": {"id": 1332798032, "highway": "track", "name": "", "ref": "", "oneway": "", "surface": ""}, "geometry": {"type": "LineString", "coordinates": [[60.7814057, 56.0344419], [60.7816015, 56.034551], [60.7816963, 56.0347072], [60.7817662, 56.0348689], [60.7819459, 56.0349498], [60.7822304, 56.035053], [60.7823751, 56.0352342], [60.7825049, 56.035382], [60.7827645, 56.0358086], [60.7828643, 56.0360457], [60.7828493, 56.0362771], [60.7830689, 56.0366647], [60.7831737, 56.0368571]]}}, {"type": "Feature", "properties": {"id": 1332798621, "highway": "service", "name": "", "ref": "", "oneway": "", "surface": ""}, "geometry": {"type": "LineString", "coordinates": [[60.7725095, 56.0330512], [60.7728285, 56.0335512], [60.7729084, 56.0341496], [60.7728441, 56.0342669], [60.7725963, 56.0347189], [60.7726, 56.0347396], [60.7726916, 56.0352548], [60.7727378, 56.0357987], [60.7727106, 56.0363296], [60.7726002, 56.0364364], [60.7723777, 56.0364701]]}}, {"type": "Feature", "properties": {"id": 1332798622, "highway": "service", "name": "", "ref": "", "oneway": "", "surface": ""}, "geometry": {"type": "LineString", "coordinates": [[60.7727378, 56.0357987], [60.7746095, 56.0359373], [60.7751796, 56.0358972]]}}, {"type": "Feature", "properties": {"id": 1332799419, "highway": "track", "name": "", "ref": "", "oneway": "", "surface": ""}, "geometry": {"type": "LineString", "coordinates": [[60.80822, 56.0617707], [60.8099483, 56.0621341], [60.811218, 56.0620719], [60.812298, 56.0622537], [60.8123928, 56.0623113], [60.812669, 56.0623757], [60.8132087, 56.062357]]}}, {"type": "Feature", "properties": {"id": 1353190135, "highway": "service", "name": "", "ref": "", "oneway": "", "surface": ""}, "geometry": {"type": "LineString", "coordinates": [[60.7318097, 56.085985], [60.7318119, 56.086222], [60.7317559, 56.0862368]]}}, {"type": "Feature", "properties": {"id": 1353190136, "highway": "steps", "name": "", "ref": "", "oneway": "", "surface": ""}, "geometry": {"type": "LineString", "coordinates": [[60.7312494, 56.0863644], [60.7312384, 56.0862551]]}}, {"type": "Feature", "properties": {"id": 1353190137, "highway": "service", "name": "", "ref": "", "oneway": "", "surface": ""}, "geometry": {"type": "LineString", "coordinates": [[60.7317559, 56.0862368], [60.7314112, 56.086249]]}}, {"type": "Feature", "properties": {"id": 1353190138, "highway": "steps", "name": "", "ref": "", "oneway": "", "surface": ""}, "geometry": {"type": "LineString", "coordinates": [[60.7317559, 56.0862368], [60.731772, 56.0863206]]}}, {"type": "Feature", "properties": {"id": 1353190139, "highway": "footway", "name": "", "ref": "", "oneway": "", "surface": ""}, "geometry": {"type": "LineString", "coordinates": [[60.7310829, 56.0862588], [60.7308965, 56.0862633], [60.7306814, 56.0862697]]}}, {"type": "Feature", "properties": {"id": 1353190140, "highway": "footway", "name": "", "ref": "", "oneway": "", "surface": ""}, "geometry": {"type": "LineString", "coordinates": [[60.7316782, 56.0854339], [60.7316682, 56.0853267], [60.7316506, 56.0852169]]}}, {"type": "Feature", "properties": {"id": 1353190141, "highway": "footway", "name": "", "ref": "", "oneway": "", "surface": ""}, "geometry": {"type": "LineString", "coordinates": [[60.7328295, 56.0851732], [60.7326938, 56.0851796], [60.7321983, 56.0851938], [60.7320164, 56.0852004], [60.7316506, 56.0852169], [60.7306406, 56.0852624], [60.7280356, 56.0853511]]}}, {"type": "Feature", "properties": {"id": 1353190142, "highway": "path", "name": "", "ref": "", "oneway": "", "surface": ""}, "geometry": {"type": "LineString", "coordinates": [[60.7328295, 56.0851732], [60.7331775, 56.08488], [60.7341126, 56.084237], [60.7342023, 56.0841753], [60.7345276, 56.0841616]]}}, {"type": "Feature", "properties": {"id": 1353190143, "highway": "service", "name": "", "ref": "", "oneway": "", "surface": ""}, "geometry": {"type": "LineString", "coordinates": [[60.7342023, 56.0841753], [60.7342361, 56.084836], [60.7342666, 56.0851123], [60.7342932, 56.0852093]]}}, {"type": "Feature", "properties": {"id": 1353190144, "highway": "steps", "name": "", "ref": "", "oneway": "", "surface": ""}, "geometry": {"type": "LineString", "coordinates": [[60.7345276, 56.0841616], [60.7346822, 56.0842279]]}}, {"type": "Feature", "properties": {"id": 1353190145, "highway": "footway", "name": "", "ref": "", "oneway": "", "surface": ""}, "geometry": {"type": "LineString", "coordinates": [[60.735658, 56.0841941], [60.7356488, 56.0839655], [60.7364882, 56.0833146]]}}, {"type": "Feature", "properties": {"id": 1353190146, "highway": "footway", "name": "", "ref": "", "oneway": "", "surface": ""}, "geometry": {"type": "LineString", "coordinates": [[60.7385796, 56.0849462], [60.7384043, 56.0837718], [60.7383718, 56.0835195], [60.7382948, 56.0829228], [60.738266, 56.0826995], [60.7368061, 56.0827629]]}}, {"type": "Feature", "properties": {"id": 1353190147, "highway": "footway", "name": "", "ref": "", "oneway": "", "surface": ""}, "geometry": {"type": "LineString", "coordinates": [[60.7385168, 56.0825804], [60.738956, 56.0825667], [60.7398458, 56.082528], [60.7412376, 56.0824675], [60.7419225, 56.0824426], [60.7430915, 56.0823837]]}}, {"type": "Feature", "properties": {"id": 1353190148, "highway": "footway", "name": "", "ref": "", "oneway": "", "surface": ""}, "geometry": {"type": "LineString", "coordinates": [[60.738266, 56.0826995], [60.7384034, 56.0826932], [60.7385183, 56.0826886]]}}, {"type": "Feature", "properties": {"id": 1353190149, "highway": "footway", "name": "", "ref": "", "oneway": "", "surface": ""}, "geometry": {"type": "LineString", "coordinates": [[60.7385183, 56.0826886], [60.738515, 56.0826335], [60.7385168, 56.0825804]]}}, {"type": "Feature", "properties": {"id": 1353190150, "highway": "footway", "name": "", "ref": "", "oneway": "", "surface": ""}, "geometry": {"type": "LineString", "coordinates": [[60.7429002, 56.0796918], [60.743073, 56.080584], [60.7432158, 56.0816243], [60.7433204, 56.0823734]]}}, {"type": "Feature", "properties": {"id": 1353326159, "highway": "footway", "name": "", "ref": "", "oneway": "", "surface": ""}, "geometry": {"type": "LineString", "coordinates": [[60.7308965, 56.0862633], [60.7308928, 56.0862433]]}}, {"type": "Feature", "properties": {"id": 1353326160, "highway": "steps", "name": "", "ref": "", "oneway": "", "surface": ""}, "geometry": {"type": "LineString", "coordinates": [[60.7306814, 56.0862697], [60.730469, 56.0862774]]}}, {"type": "Feature", "properties": {"id": 1353326162, "highway": "footway", "name": "", "ref": "", "oneway": "", "surface": ""}, "geometry": {"type": "LineString", "coordinates": [[60.7314085, 56.0862014], [60.7314112, 56.086249], [60.7312384, 56.0862551]]}}, {"type": "Feature", "properties": {"id": 1353326163, "highway": "steps", "name": "", "ref": "", "oneway": "", "surface": ""}, "geometry": {"type": "LineString", "coordinates": [[60.7312384, 56.0862551], [60.7310829, 56.0862588]]}}, {"type": "Feature", "properties": {"id": 1353326164, "highway": "service", "name": "", "ref": "", "oneway": "", "surface": "asphalt"}, "geometry": {"type": "LineString", "coordinates": [[60.7339783, 56.0873734], [60.7339812, 56.0874774], [60.7338473, 56.0874812]]}}, {"type": "Feature", "properties": {"id": 1353326166, "highway": "service", "name": "", "ref": "", "oneway": "", "surface": "asphalt"}, "geometry": {"type": "LineString", "coordinates": [[60.7339295, 56.0867479], [60.7339409, 56.0869084]]}}, {"type": "Feature", "properties": {"id": 1353326171, "highway": "footway", "name": "", "ref": "", "oneway": "", "surface": ""}, "geometry": {"type": "LineString", "coordinates": [[60.7339812, 56.0874774], [60.7348874, 56.0874566], [60.7357118, 56.0876912]]}}, {"type": "Feature", "properties": {"id": 1353326173, "highway": "service", "name": "", "ref": "", "oneway": "yes", "surface": ""}, "geometry": {"type": "LineString", "coordinates": [[60.7370021, 56.0879969], [60.7368784, 56.0879577], [60.7371978, 56.087633], [60.7373466, 56.0876762]]}}, {"type": "Feature", "properties": {"id": 1353326174, "highway": "footway", "name": "", "ref": "", "oneway": "", "surface": ""}, "geometry": {"type": "LineString", "coordinates": [[60.7357477, 56.087096], [60.734425, 56.0867326]]}}, {"type": "Feature", "properties": {"id": 1353326175, "highway": "steps", "name": "", "ref": "", "oneway": "", "surface": ""}, "geometry": {"type": "LineString", "coordinates": [[60.73606, 56.0871868], [60.7357477, 56.087096]]}}, {"type": "Feature", "properties": {"id": 1353326176, "highway": "footway", "name": "", "ref": "", "oneway": "", "surface": ""}, "geometry": {"type": "LineString", "coordinates": [[60.7374595, 56.0876371], [60.7389575, 56.088102], [60.7405391, 56.0885771]]}}, {"type": "Feature", "properties": {"id": 1353326177, "highway": "footway", "name": "", "ref": "", "oneway": "", "surface": ""}, "geometry": {"type": "LineString", "coordinates": [[60.7373278, 56.0875939], [60.7361826, 56.0872279], [60.73606, 56.0871868]]}}, {"type": "Feature", "properties": {"id": 1353326178, "highway": "footway", "name": "", "ref": "", "oneway": "", "surface": ""}, "geometry": {"type": "LineString", "coordinates": [[60.7348874, 56.0874566], [60.7357477, 56.087096]]}}, {"type": "Feature", "properties": {"id": 1353326179, "highway": "footway", "name": "", "ref": "", "oneway": "", "surface": ""}, "geometry": {"type": "LineString", "coordinates": [[60.7373278, 56.0875939], [60.7374058, 56.0876176], [60.7374595, 56.0876371]]}}, {"type": "Feature", "properties": {"id": 1353326180, "highway": "footway", "name": "", "ref": "", "oneway": "", "surface": ""}, "geometry": {"type": "LineString", "coordinates": [[60.7405391, 56.0885771], [60.74069, 56.0886234], [60.7408049, 56.0886586]]}}, {"type": "Feature", "properties": {"id": 1353326181, "highway": "footway", "name": "", "ref": "", "oneway": "", "surface": ""}, "geometry": {"type": "LineString", "coordinates": [[60.7402729, 56.0891857], [60.7405223, 56.0889386], [60.7408049, 56.0886586]]}}, {"type": "Feature", "properties": {"id": 1353326182, "highway": "footway", "name": "", "ref": "", "oneway": "", "surface": ""}, "geometry": {"type": "LineString", "coordinates": [[60.7400272, 56.0891082], [60.7401407, 56.089144], [60.7402729, 56.0891857]]}}, {"type": "Feature", "properties": {"id": 1353326183, "highway": "footway", "name": "", "ref": "", "oneway": "", "surface": ""}, "geometry": {"type": "LineString", "coordinates": [[60.7405223, 56.0889386], [60.741727, 56.0892902]]}}, {"type": "Feature", "properties": {"id": 1353326184, "highway": "footway", "name": "", "ref": "", "oneway": "", "surface": ""}, "geometry": {"type": "LineString", "coordinates": [[60.7429851, 56.0864817], [60.741497, 56.0879846], [60.7408049, 56.0886586]]}}, {"type": "Feature", "properties": {"id": 1353326185, "highway": "service", "name": "", "ref": "", "oneway": "", "surface": ""}, "geometry": {"type": "LineString", "coordinates": [[60.7419173, 56.0824156], [60.7425561, 56.0822116], [60.742483, 56.0817562], [60.7429994, 56.0817359], [60.7431172, 56.0817313]]}}, {"type": "Feature", "properties": {"id": 1353326186, "highway": "footway", "name": "", "ref": "", "oneway": "", "surface": ""}, "geometry": {"type": "LineString", "coordinates": [[60.7378357, 56.0829406], [60.7382948, 56.0829228]]}}, {"type": "Feature", "properties": {"id": 1353326187, "highway": "footway", "name": "", "ref": "", "oneway": "", "surface": ""}, "geometry": {"type": "LineString", "coordinates": [[60.7387721, 56.0849379], [60.738635, 56.0838647], [60.7386255, 56.0837638], [60.7385997, 56.0835051], [60.7385183, 56.0826886]]}}, {"type": "Feature", "properties": {"id": 1353326188, "highway": "footway", "name": "", "ref": "", "oneway": "", "surface": ""}, "geometry": {"type": "LineString", "coordinates": [[60.7379506, 56.0840364], [60.7378536, 56.0840983], [60.7378659, 56.0841912], [60.7371654, 56.0846906]]}}, {"type": "Feature", "properties": {"id": 1353326189, "highway": "footway", "name": "", "ref": "", "oneway": "", "surface": ""}, "geometry": {"type": "LineString", "coordinates": [[60.7429836, 56.0816322], [60.7431024, 56.0816281], [60.7432158, 56.0816243]]}}, {"type": "Feature", "properties": {"id": 1353327883, "highway": "footway", "name": "", "ref": "", "oneway": "", "surface": ""}, "geometry": {"type": "LineString", "coordinates": [[60.7318483, 56.0868485], [60.7320425, 56.0868394], [60.7321883, 56.0868354]]}}, {"type": "Feature", "properties": {"id": 1353327884, "highway": "footway", "name": "", "ref": "", "oneway": "", "surface": ""}, "geometry": {"type": "LineString", "coordinates": [[60.7321883, 56.0868354], [60.7331169, 56.0868015]]}}, {"type": "Feature", "properties": {"id": 1353327885, "highway": "footway", "name": "", "ref": "", "oneway": "", "surface": ""}, "geometry": {"type": "LineString", "coordinates": [[60.7331169, 56.0868015], [60.7332643, 56.0867961], [60.7333824, 56.0867928]]}}, {"type": "Feature", "properties": {"id": 1353327886, "highway": "footway", "name": "", "ref": "", "oneway": "", "surface": ""}, "geometry": {"type": "LineString", "coordinates": [[60.7334465, 56.0874955], [60.733442, 56.0874544], [60.7334161, 56.0871668], [60.7333824, 56.0867928], [60.7333808, 56.086764], [60.7332305, 56.0857439]]}}, {"type": "Feature", "properties": {"id": 1353327887, "highway": "footway", "name": "", "ref": "", "oneway": "", "surface": "asphalt"}, "geometry": {"type": "LineString", "coordinates": [[60.7331506, 56.0875061], [60.7331624, 56.0875944], [60.7332558, 56.0883545], [60.7332945, 56.0886455], [60.7333261, 56.0888836], [60.7334028, 56.0894803], [60.7334352, 56.089672]]}}, {"type": "Feature", "properties": {"id": 1353327888, "highway": "footway", "name": "", "ref": "", "oneway": "", "surface": ""}, "geometry": {"type": "LineString", "coordinates": [[60.7336189, 56.0871604], [60.7334161, 56.0871668]]}}, {"type": "Feature", "properties": {"id": 1353624248, "highway": "steps", "name": "", "ref": "", "oneway": "", "surface": ""}, "geometry": {"type": "LineString", "coordinates": [[60.7318932, 56.0873794], [60.7319026, 56.0875102]]}}, {"type": "Feature", "properties": {"id": 1353624249, "highway": "footway", "name": "", "ref": "", "oneway": "", "surface": ""}, "geometry": {"type": "LineString", "coordinates": [[60.7316535, 56.0869953], [60.7316907, 56.0874476], [60.7319026, 56.0875102], [60.7322227, 56.0876085], [60.7322377, 56.0877444]]}}, {"type": "Feature", "properties": {"id": 1353624250, "highway": "footway", "name": "", "ref": "", "oneway": "", "surface": "asphalt"}, "geometry": {"type": "LineString", "coordinates": [[60.7324029, 56.0876228], [60.7325026, 56.0876198], [60.732984, 56.0876002], [60.7331624, 56.0875944]]}}, {"type": "Feature", "properties": {"id": 1353624254, "highway": "footway", "name": "", "ref": "", "oneway": "", "surface": ""}, "geometry": {"type": "LineString", "coordinates": [[60.7385796, 56.0849462], [60.7386879, 56.0849417], [60.7387721, 56.0849379]]}}, {"type": "Feature", "properties": {"id": 1353624255, "highway": "footway", "name": "", "ref": "", "oneway": "", "surface": ""}, "geometry": {"type": "LineString", "coordinates": [[60.7430915, 56.0823837], [60.7429994, 56.0817359], [60.7429836, 56.0816322], [60.7429601, 56.0814782], [60.7427494, 56.0800996]]}}, {"type": "Feature", "properties": {"id": 1353624256, "highway": "footway", "name": "", "ref": "", "oneway": "", "surface": ""}, "geometry": {"type": "LineString", "coordinates": [[60.7430915, 56.0823837], [60.7432087, 56.0823759], [60.7433204, 56.0823734]]}}, {"type": "Feature", "properties": {"id": 1353733565, "highway": "footway", "name": "", "ref": "", "oneway": "", "surface": ""}, "geometry": {"type": "LineString", "coordinates": [[60.7385183, 56.0826886], [60.7388331, 56.0826785], [60.7398536, 56.0826393], [60.7424593, 56.0825391], [60.7431068, 56.08251]]}}, {"type": "Feature", "properties": {"id": 1353733567, "highway": "footway", "name": "", "ref": "", "oneway": "", "surface": ""}, "geometry": {"type": "LineString", "coordinates": [[60.7398458, 56.082528], [60.7398493, 56.0825856], [60.7398536, 56.0826393]]}}, {"type": "Feature", "properties": {"id": 1353733568, "highway": "footway", "name": "", "ref": "", "oneway": "", "surface": ""}, "geometry": {"type": "LineString", "coordinates": [[60.7385997, 56.0835051], [60.738502, 56.0835103], [60.7383718, 56.0835195]]}}, {"type": "Feature", "properties": {"id": 1353733571, "highway": "footway", "name": "", "ref": "", "oneway": "", "surface": ""}, "geometry": {"type": "LineString", "coordinates": [[60.7330155, 56.0859689], [60.7329364, 56.0853296]]}}, {"type": "Feature", "properties": {"id": 1353733573, "highway": "steps", "name": "", "ref": "", "oneway": "", "surface": ""}, "geometry": {"type": "LineString", "coordinates": [[60.733022, 56.0860537], [60.7330155, 56.0859689]]}}, {"type": "Feature", "properties": {"id": 1353733574, "highway": "footway", "name": "", "ref": "", "oneway": "", "surface": ""}, "geometry": {"type": "LineString", "coordinates": [[60.7321883, 56.0868354], [60.7320972, 56.0861011]]}}, {"type": "Feature", "properties": {"id": 1353733575, "highway": "footway", "name": "", "ref": "", "oneway": "", "surface": ""}, "geometry": {"type": "LineString", "coordinates": [[60.7320785, 56.0859821], [60.7320146, 56.0853661]]}}, {"type": "Feature", "properties": {"id": 1353733576, "highway": "steps", "name": "", "ref": "", "oneway": "", "surface": ""}, "geometry": {"type": "LineString", "coordinates": [[60.7320972, 56.0861011], [60.7320785, 56.0859821]]}}, {"type": "Feature", "properties": {"id": 1353733577, "highway": "footway", "name": "", "ref": "", "oneway": "", "surface": ""}, "geometry": {"type": "LineString", "coordinates": [[60.7320146, 56.0853661], [60.7329364, 56.0853296]]}}, {"type": "Feature", "properties": {"id": 1353733578, "highway": "footway", "name": "", "ref": "", "oneway": "", "surface": ""}, "geometry": {"type": "LineString", "coordinates": [[60.7430915, 56.0823837], [60.7431006, 56.0824505], [60.7431068, 56.08251]]}}, {"type": "Feature", "properties": {"id": 1388439187, "highway": "service", "name": "", "ref": "", "oneway": "", "surface": ""}, "geometry": {"type": "LineString", "coordinates": [[60.7740148, 56.0526742], [60.7740763, 56.0525021], [60.7738496, 56.0505949], [60.7738773, 56.0505562], [60.7739793, 56.0505265], [60.7744569, 56.0504711], [60.7747749, 56.0503603], [60.7751018, 56.0501646], [60.7753608, 56.0498785], [60.7753128, 56.0493234]]}}, {"type": "Feature", "properties": {"id": 1388439188, "highway": "service", "name": "", "ref": "", "oneway": "", "surface": ""}, "geometry": {"type": "LineString", "coordinates": [[60.7744569, 56.0504711], [60.7746726, 56.0505547], [60.7748481, 56.0506912], [60.774875, 56.0508937], [60.7746657, 56.0515313]]}}, {"type": "Feature", "properties": {"id": 1388440684, "highway": "service", "name": "", "ref": "", "oneway": "", "surface": ""}, "geometry": {"type": "LineString", "coordinates": [[60.7765884, 56.0803794], [60.7766637, 56.0803691], [60.7767147, 56.0803474], [60.7767962, 56.0803064], [60.7775706, 56.0794508], [60.7775906, 56.0794156], [60.7775983, 56.0793691], [60.7776029, 56.0790552]]}}, {"type": "Feature", "properties": {"id": 1388457328, "highway": "service", "name": "", "ref": "", "oneway": "", "surface": ""}, "geometry": {"type": "LineString", "coordinates": [[60.7723777, 56.0364701], [60.766938, 56.0358814]]}}, {"type": "Feature", "properties": {"id": 1388457329, "highway": "service", "name": "", "ref": "", "oneway": "", "surface": ""}, "geometry": {"type": "LineString", "coordinates": [[60.7727378, 56.0357987], [60.7675781, 56.0354579]]}}, {"type": "Feature", "properties": {"id": 1388457330, "highway": "service", "name": "", "ref": "", "oneway": "", "surface": ""}, "geometry": {"type": "LineString", "coordinates": [[60.7726916, 56.0352548], [60.7684184, 56.035003]]}}, {"type": "Feature", "properties": {"id": 1388457331, "highway": "service", "name": "", "ref": "", "oneway": "", "surface": ""}, "geometry": {"type": "LineString", "coordinates": [[60.7726916, 56.0352548], [60.7729087, 56.0351824], [60.7740354, 56.0350393]]}}, {"type": "Feature", "properties": {"id": 1388457332, "highway": "service", "name": "", "ref": "", "oneway": "", "surface": ""}, "geometry": {"type": "LineString", "coordinates": [[60.7726, 56.0347396], [60.7695004, 56.0345191]]}}, {"type": "Feature", "properties": {"id": 1388457333, "highway": "service", "name": "", "ref": "", "oneway": "", "surface": ""}, "geometry": {"type": "LineString", "coordinates": [[60.7728441, 56.0342669], [60.7712285, 56.0340264]]}}, {"type": "Feature", "properties": {"id": 1388457334, "highway": "service", "name": "", "ref": "", "oneway": "", "surface": ""}, "geometry": {"type": "LineString", "coordinates": [[60.7725095, 56.0330512], [60.7724899, 56.0330146], [60.7732135, 56.0324711], [60.7734587, 56.0323716], [60.7736201, 56.0323574]]}}, {"type": "Feature", "properties": {"id": 1388464142, "highway": "service", "name": "", "ref": "", "oneway": "", "surface": ""}, "geometry": {"type": "LineString", "coordinates": [[60.7773061, 56.0407523], [60.7795276, 56.0395862]]}}, {"type": "Feature", "properties": {"id": 1388464143, "highway": "service", "name": "", "ref": "", "oneway": "", "surface": ""}, "geometry": {"type": "LineString", "coordinates": [[60.7768845, 56.0397857], [60.779836, 56.0393366]]}}, {"type": "Feature", "properties": {"id": 1388464144, "highway": "service", "name": "", "ref": "", "oneway": "", "surface": ""}, "geometry": {"type": "LineString", "coordinates": [[60.7766488, 56.0392455], [60.7795908, 56.038833]]}}, {"type": "Feature", "properties": {"id": 1388465277, "highway": "service", "name": "", "ref": "", "oneway": "", "surface": ""}, "geometry": {"type": "LineString", "coordinates": [[60.7780918, 56.0680997], [60.7776801, 56.063834]]}}, {"type": "Feature", "properties": {"id": 1388909608, "highway": "service", "name": "", "ref": "", "oneway": "", "surface": ""}, "geometry": {"type": "LineString", "coordinates": [[60.7310065, 56.0829257], [60.7309706, 56.0825508], [60.7309905, 56.0825227], [60.7309493, 56.0820039], [60.7312257, 56.0819893], [60.7320309, 56.0819467], [60.7322757, 56.0819365], [60.7325659, 56.0819244], [60.7325683, 56.082055], [60.7320381, 56.0820767], [60.7320309, 56.0819467]]}}, {"type": "Feature", "properties": {"id": 1388909609, "highway": "service", "name": "", "ref": "", "oneway": "", "surface": ""}, "geometry": {"type": "LineString", "coordinates": [[60.7309905, 56.0825227], [60.731267, 56.0825092], [60.7312257, 56.0819893]]}}, {"type": "Feature", "properties": {"id": 1388909610, "highway": "service", "name": "", "ref": "", "oneway": "", "surface": ""}, "geometry": {"type": "LineString", "coordinates": [[60.7309493, 56.0820039], [60.7291016, 56.0820409], [60.7291619, 56.0825734]]}}, {"type": "Feature", "properties": {"id": 1388909611, "highway": "service", "name": "", "ref": "", "oneway": "", "surface": ""}, "geometry": {"type": "LineString", "coordinates": [[60.7322757, 56.0819365], [60.7322575, 56.0817258], [60.732225, 56.0813485], [60.7321673, 56.08068]]}}, {"type": "Feature", "properties": {"id": 1388909612, "highway": "service", "name": "", "ref": "", "oneway": "", "surface": ""}, "geometry": {"type": "LineString", "coordinates": [[60.7325683, 56.082055], [60.7329621, 56.0820414], [60.7334129, 56.0820172], [60.7336423, 56.0820238], [60.7345043, 56.0821959]]}}, {"type": "Feature", "properties": {"id": 1388909613, "highway": "service", "name": "", "ref": "", "oneway": "", "surface": ""}, "geometry": {"type": "LineString", "coordinates": [[60.7345043, 56.0821959], [60.7361295, 56.082154]]}}, {"type": "Feature", "properties": {"id": 1388909614, "highway": "service", "name": "", "ref": "", "oneway": "", "surface": ""}, "geometry": {"type": "LineString", "coordinates": [[60.7322575, 56.0817258], [60.7309952, 56.0817531], [60.7309721, 56.0813816], [60.732225, 56.0813485]]}}, {"type": "Feature", "properties": {"id": 1388909615, "highway": "service", "name": "", "ref": "", "oneway": "", "surface": ""}, "geometry": {"type": "LineString", "coordinates": [[60.732225, 56.0813485], [60.7323296, 56.0813082], [60.7326657, 56.0812751], [60.7329109, 56.0813258], [60.7329444, 56.0815607], [60.7329465, 56.0815752], [60.7338244, 56.0815421]]}}, {"type": "Feature", "properties": {"id": 1388909616, "highway": "service", "name": "", "ref": "", "oneway": "", "surface": ""}, "geometry": {"type": "LineString", "coordinates": [[60.7322575, 56.0817258], [60.7326618, 56.0817098], [60.7327766, 56.0816817], [60.7328101, 56.0816195], [60.7329444, 56.0815607]]}}, {"type": "Feature", "properties": {"id": 1423339727, "highway": "footway", "name": "", "ref": "", "oneway": "", "surface": ""}, "geometry": {"type": "LineString", "coordinates": [[60.7591417, 56.0790847], [60.7591506, 56.0792915]]}}, {"type": "Feature", "properties": {"id": 1423339728, "highway": "footway", "name": "", "ref": "", "oneway": "", "surface": ""}, "geometry": {"type": "LineString", "coordinates": [[60.7597331, 56.0792667], [60.7591506, 56.0792915], [60.7585883, 56.0793082], [60.7583444, 56.0793155], [60.7578594, 56.07933], [60.7578425, 56.0793305], [60.7575109, 56.0792248]]}}, {"type": "Feature", "properties": {"id": 1423339729, "highway": "footway", "name": "", "ref": "", "oneway": "", "surface": ""}, "geometry": {"type": "LineString", "coordinates": [[60.7577478, 56.0780662], [60.7578151, 56.0787137], [60.7578335, 56.0789689], [60.7578439, 56.0791143], [60.7578594, 56.07933], [60.7579614, 56.0804067], [60.7580768, 56.0804052], [60.758514, 56.0807524], [60.7587306, 56.0807437]]}}, {"type": "Feature", "properties": {"id": 1423339730, "highway": "footway", "name": "", "ref": "", "oneway": "", "surface": ""}, "geometry": {"type": "LineString", "coordinates": [[60.7575109, 56.0792248], [60.7578335, 56.0789689]]}}, {"type": "Feature", "properties": {"id": 1423339731, "highway": "footway", "name": "", "ref": "", "oneway": "", "surface": ""}, "geometry": {"type": "LineString", "coordinates": [[60.7573469, 56.0788513], [60.7575286, 56.0788674], [60.7576681, 56.0789063], [60.7578335, 56.0789689]]}}, {"type": "Feature", "properties": {"id": 1423339732, "highway": "footway", "name": "", "ref": "", "oneway": "", "surface": ""}, "geometry": {"type": "LineString", "coordinates": [[60.7578439, 56.0791143], [60.7579877, 56.0791105], [60.7582208, 56.0791044], [60.7584536, 56.0790983]]}}, {"type": "Feature", "properties": {"id": 1423339733, "highway": "footway", "name": "", "ref": "", "oneway": "", "surface": ""}, "geometry": {"type": "LineString", "coordinates": [[60.7585883, 56.0793082], [60.7582208, 56.0791044]]}}, {"type": "Feature", "properties": {"id": 1423339734, "highway": "footway", "name": "", "ref": "", "oneway": "", "surface": ""}, "geometry": {"type": "LineString", "coordinates": [[60.7583444, 56.0793155], [60.7579877, 56.0791105]]}}, {"type": "Feature", "properties": {"id": 1528056635, "highway": "tertiary", "name": "проспект Мира", "ref": "", "oneway": "yes", "surface": "asphalt"}, "geometry": {"type": "LineString", "coordinates": [[60.7533641, 56.0728157], [60.7534801, 56.0741447], [60.7535543, 56.074994]]}}]}